ID,Class Label
1.bmp,2
2.bmp,3
3.bmp,4
4.bmp,5
5.bmp,6
6.bmp,7
7.bmp,9
8.bmp,10
9.bmp,11
10.bmp,12
11.bmp,14
12.bmp,15
13.bmp,16
14.bmp,17
15.bmp,19
16.bmp,20
17.bmp,2
18.bmp,3
19.bmp,4
20.bmp,5
21.bmp,6
22.bmp,7
23.bmp,9
24.bmp,10
25.bmp,11
26.bmp,12
27.bmp,14
28.bmp,15
29.bmp,16
30.bmp,17
31.bmp,19
32.bmp,20
33.bmp,2
34.bmp,3
35.bmp,4
36.bmp,5
37.bmp,6
38.bmp,7
39.bmp,9
40.bmp,10
41.bmp,11
42.bmp,12
43.bmp,14
44.bmp,15
45.bmp,16
46.bmp,17
47.bmp,19
48.bmp,20
49.bmp,2
50.bmp,3
51.bmp,4
52.bmp,5
53.bmp,6
54.bmp,7
55.bmp,9
56.bmp,10
57.bmp,11
58.bmp,12
59.bmp,14
60.bmp,15
61.bmp,16
62.bmp,17
63.bmp,19
64.bmp,20
65.bmp,2
66.bmp,3
67.bmp,4
68.bmp,5
69.bmp,6
70.bmp,7
71.bmp,9
72.bmp,10
73.bmp,11
74.bmp,12
75.bmp,14
76.bmp,15
77.bmp,16
78.bmp,17
79.bmp,19
80.bmp,20
81.bmp,2
82.bmp,3
83.bmp,4
84.bmp,5
85.bmp,6
86.bmp,7
87.bmp,9
88.bmp,10
89.bmp,11
90.bmp,12
91.bmp,14
92.bmp,15
93.bmp,16
94.bmp,17
95.bmp,19
96.bmp,20
97.bmp,2
98.bmp,3
99.bmp,4
100.bmp,5
101.bmp,6
102.bmp,7
103.bmp,9
104.bmp,10
105.bmp,11
106.bmp,12
107.bmp,14
108.bmp,15
109.bmp,16
110.bmp,17
111.bmp,19
112.bmp,20
113.bmp,2
114.bmp,3
115.bmp,4
116.bmp,5
117.bmp,6
118.bmp,7
119.bmp,9
120.bmp,10
121.bmp,11
122.bmp,12
123.bmp,14
124.bmp,15
125.bmp,16
126.bmp,17
127.bmp,19
128.bmp,20
129.bmp,2
130.bmp,3
131.bmp,4
132.bmp,5
133.bmp,6
134.bmp,7
135.bmp,9
136.bmp,10
137.bmp,11
138.bmp,12
139.bmp,14
140.bmp,15
141.bmp,16
142.bmp,17
143.bmp,19
144.bmp,20
145.bmp,2
146.bmp,3
147.bmp,4
148.bmp,5
149.bmp,6
150.bmp,7
151.bmp,9
152.bmp,10
153.bmp,11
154.bmp,12
155.bmp,14
156.bmp,15
157.bmp,16
158.bmp,17
159.bmp,19
160.bmp,20
161.bmp,2
162.bmp,3
163.bmp,4
164.bmp,5
165.bmp,6
166.bmp,7
167.bmp,9
168.bmp,10
169.bmp,11
170.bmp,12
171.bmp,14
172.bmp,15
173.bmp,16
174.bmp,17
175.bmp,19
176.bmp,20
177.bmp,2
178.bmp,3
179.bmp,4
180.bmp,5
181.bmp,6
182.bmp,7
183.bmp,9
184.bmp,10
185.bmp,11
186.bmp,12
187.bmp,14
188.bmp,15
189.bmp,16
190.bmp,17
191.bmp,19
192.bmp,20
193.bmp,2
194.bmp,3
195.bmp,4
196.bmp,5
197.bmp,6
198.bmp,7
199.bmp,9
200.bmp,10
201.bmp,11
202.bmp,12
203.bmp,14
204.bmp,15
205.bmp,16
206.bmp,17
207.bmp,19
208.bmp,20
209.bmp,2
210.bmp,3
211.bmp,4
212.bmp,5
213.bmp,6
214.bmp,7
215.bmp,9
216.bmp,10
217.bmp,11
218.bmp,12
219.bmp,14
220.bmp,15
221.bmp,16
222.bmp,17
223.bmp,19
224.bmp,20
225.bmp,2
226.bmp,3
227.bmp,4
228.bmp,5
229.bmp,6
230.bmp,7
231.bmp,9
232.bmp,10
233.bmp,11
234.bmp,12
235.bmp,14
236.bmp,15
237.bmp,16
238.bmp,17
239.bmp,19
240.bmp,20
241.bmp,2
242.bmp,3
243.bmp,4
244.bmp,5
245.bmp,6
246.bmp,7
247.bmp,9
248.bmp,10
249.bmp,11
250.bmp,12
251.bmp,14
252.bmp,15
253.bmp,16
254.bmp,17
255.bmp,19
256.bmp,20
257.bmp,2
258.bmp,3
259.bmp,4
260.bmp,5
261.bmp,6
262.bmp,7
263.bmp,9
264.bmp,10
265.bmp,11
266.bmp,12
267.bmp,14
268.bmp,15
269.bmp,16
270.bmp,17
271.bmp,19
272.bmp,20
273.bmp,2
274.bmp,3
275.bmp,4
276.bmp,5
277.bmp,6
278.bmp,7
279.bmp,9
280.bmp,10
281.bmp,11
282.bmp,12
283.bmp,14
284.bmp,15
285.bmp,16
286.bmp,17
287.bmp,19
288.bmp,20
289.bmp,2
290.bmp,3
291.bmp,4
292.bmp,5
293.bmp,6
294.bmp,7
295.bmp,9
296.bmp,10
297.bmp,11
298.bmp,12
299.bmp,14
300.bmp,15
301.bmp,16
302.bmp,17
303.bmp,19
304.bmp,20
305.bmp,2
306.bmp,3
307.bmp,4
308.bmp,5
309.bmp,6
310.bmp,9
311.bmp,10
312.bmp,11
313.bmp,12
314.bmp,14
315.bmp,15
316.bmp,16
317.bmp,17
318.bmp,19
319.bmp,20
320.bmp,2
321.bmp,3
322.bmp,4
323.bmp,5
324.bmp,6
325.bmp,9
326.bmp,10
327.bmp,11
328.bmp,12
329.bmp,14
330.bmp,15
331.bmp,16
332.bmp,17
333.bmp,19
334.bmp,20
335.bmp,2
336.bmp,3
337.bmp,4
338.bmp,5
339.bmp,6
340.bmp,9
341.bmp,10
342.bmp,11
343.bmp,12
344.bmp,13
345.bmp,14
346.bmp,15
347.bmp,16
348.bmp,17
349.bmp,19
350.bmp,20
351.bmp,2
352.bmp,3
353.bmp,4
354.bmp,5
355.bmp,6
356.bmp,9
357.bmp,10
358.bmp,11
359.bmp,12
360.bmp,13
361.bmp,14
362.bmp,15
363.bmp,16
364.bmp,17
365.bmp,19
366.bmp,20
367.bmp,2
368.bmp,3
369.bmp,4
370.bmp,5
371.bmp,6
372.bmp,9
373.bmp,10
374.bmp,11
375.bmp,12
376.bmp,13
377.bmp,14
378.bmp,15
379.bmp,16
380.bmp,17
381.bmp,19
382.bmp,20
383.bmp,2
384.bmp,3
385.bmp,4
386.bmp,5
387.bmp,6
388.bmp,9
389.bmp,10
390.bmp,11
391.bmp,12
392.bmp,13
393.bmp,14
394.bmp,15
395.bmp,16
396.bmp,17
397.bmp,19
398.bmp,20
399.bmp,2
400.bmp,3
401.bmp,4
402.bmp,5
403.bmp,6
404.bmp,9
405.bmp,10
406.bmp,11
407.bmp,12
408.bmp,13
409.bmp,14
410.bmp,15
411.bmp,16
412.bmp,17
413.bmp,19
414.bmp,20
415.bmp,2
416.bmp,3
417.bmp,4
418.bmp,5
419.bmp,6
420.bmp,9
421.bmp,10
422.bmp,11
423.bmp,12
424.bmp,13
425.bmp,14
426.bmp,15
427.bmp,16
428.bmp,17
429.bmp,19
430.bmp,20
431.bmp,2
432.bmp,3
433.bmp,4
434.bmp,5
435.bmp,6
436.bmp,9
437.bmp,10
438.bmp,11
439.bmp,12
440.bmp,13
441.bmp,14
442.bmp,15
443.bmp,16
444.bmp,17
445.bmp,19
446.bmp,20
447.bmp,2
448.bmp,3
449.bmp,4
450.bmp,5
451.bmp,6
452.bmp,9
453.bmp,10
454.bmp,11
455.bmp,12
456.bmp,13
457.bmp,14
458.bmp,15
459.bmp,16
460.bmp,17
461.bmp,19
462.bmp,20
463.bmp,2
464.bmp,3
465.bmp,4
466.bmp,5
467.bmp,6
468.bmp,9
469.bmp,10
470.bmp,11
471.bmp,12
472.bmp,13
473.bmp,14
474.bmp,15
475.bmp,16
476.bmp,17
477.bmp,19
478.bmp,20
479.bmp,2
480.bmp,3
481.bmp,4
482.bmp,5
483.bmp,6
484.bmp,9
485.bmp,10
486.bmp,11
487.bmp,12
488.bmp,13
489.bmp,14
490.bmp,15
491.bmp,16
492.bmp,17
493.bmp,19
494.bmp,20
495.bmp,2
496.bmp,3
497.bmp,4
498.bmp,5
499.bmp,6
500.bmp,9
501.bmp,10
502.bmp,11
503.bmp,12
504.bmp,13
505.bmp,14
506.bmp,15
507.bmp,16
508.bmp,17
509.bmp,19
510.bmp,20
511.bmp,2
512.bmp,3
513.bmp,4
514.bmp,5
515.bmp,6
516.bmp,9
517.bmp,10
518.bmp,11
519.bmp,12
520.bmp,13
521.bmp,14
522.bmp,15
523.bmp,16
524.bmp,17
525.bmp,19
526.bmp,20
527.bmp,2
528.bmp,3
529.bmp,4
530.bmp,5
531.bmp,6
532.bmp,9
533.bmp,10
534.bmp,11
535.bmp,12
536.bmp,13
537.bmp,14
538.bmp,15
539.bmp,16
540.bmp,17
541.bmp,19
542.bmp,20
543.bmp,2
544.bmp,3
545.bmp,4
546.bmp,5
547.bmp,6
548.bmp,9
549.bmp,10
550.bmp,11
551.bmp,12
552.bmp,13
553.bmp,14
554.bmp,15
555.bmp,16
556.bmp,17
557.bmp,19
558.bmp,20
559.bmp,2
560.bmp,3
561.bmp,4
562.bmp,5
563.bmp,6
564.bmp,9
565.bmp,10
566.bmp,11
567.bmp,12
568.bmp,13
569.bmp,14
570.bmp,15
571.bmp,16
572.bmp,17
573.bmp,19
574.bmp,20
575.bmp,3
576.bmp,4
577.bmp,5
578.bmp,6
579.bmp,9
580.bmp,10
581.bmp,11
582.bmp,12
583.bmp,13
584.bmp,14
585.bmp,15
586.bmp,16
587.bmp,17
588.bmp,19
589.bmp,20
590.bmp,3
591.bmp,4
592.bmp,5
593.bmp,6
594.bmp,9
595.bmp,10
596.bmp,11
597.bmp,12
598.bmp,13
599.bmp,14
600.bmp,15
601.bmp,16
602.bmp,17
603.bmp,19
604.bmp,20
605.bmp,3
606.bmp,4
607.bmp,5
608.bmp,6
609.bmp,9
610.bmp,10
611.bmp,11
612.bmp,12
613.bmp,13
614.bmp,14
615.bmp,15
616.bmp,16
617.bmp,17
618.bmp,19
619.bmp,20
620.bmp,3
621.bmp,4
622.bmp,5
623.bmp,6
624.bmp,9
625.bmp,10
626.bmp,11
627.bmp,12
628.bmp,13
629.bmp,14
630.bmp,15
631.bmp,16
632.bmp,17
633.bmp,19
634.bmp,20
635.bmp,3
636.bmp,4
637.bmp,5
638.bmp,6
639.bmp,9
640.bmp,10
641.bmp,11
642.bmp,12
643.bmp,13
644.bmp,14
645.bmp,15
646.bmp,16
647.bmp,17
648.bmp,19
649.bmp,20
650.bmp,3
651.bmp,4
652.bmp,5
653.bmp,6
654.bmp,9
655.bmp,10
656.bmp,11
657.bmp,12
658.bmp,13
659.bmp,14
660.bmp,15
661.bmp,16
662.bmp,17
663.bmp,19
664.bmp,20
665.bmp,3
666.bmp,4
667.bmp,5
668.bmp,6
669.bmp,9
670.bmp,10
671.bmp,11
672.bmp,12
673.bmp,13
674.bmp,14
675.bmp,15
676.bmp,16
677.bmp,17
678.bmp,19
679.bmp,20
680.bmp,3
681.bmp,4
682.bmp,5
683.bmp,6
684.bmp,9
685.bmp,10
686.bmp,11
687.bmp,12
688.bmp,13
689.bmp,14
690.bmp,15
691.bmp,16
692.bmp,17
693.bmp,18
694.bmp,19
695.bmp,20
696.bmp,3
697.bmp,4
698.bmp,5
699.bmp,6
700.bmp,9
701.bmp,10
702.bmp,11
703.bmp,12
704.bmp,13
705.bmp,14
706.bmp,15
707.bmp,16
708.bmp,17
709.bmp,18
710.bmp,19
711.bmp,20
712.bmp,3
713.bmp,4
714.bmp,5
715.bmp,6
716.bmp,9
717.bmp,10
718.bmp,11
719.bmp,12
720.bmp,13
721.bmp,14
722.bmp,15
723.bmp,16
724.bmp,17
725.bmp,18
726.bmp,19
727.bmp,20
728.bmp,3
729.bmp,4
730.bmp,5
731.bmp,6
732.bmp,9
733.bmp,10
734.bmp,11
735.bmp,12
736.bmp,13
737.bmp,14
738.bmp,15
739.bmp,16
740.bmp,17
741.bmp,18
742.bmp,19
743.bmp,20
744.bmp,3
745.bmp,4
746.bmp,5
747.bmp,6
748.bmp,9
749.bmp,10
750.bmp,11
751.bmp,12
752.bmp,13
753.bmp,14
754.bmp,15
755.bmp,16
756.bmp,17
757.bmp,18
758.bmp,19
759.bmp,20
760.bmp,3
761.bmp,4
762.bmp,5
763.bmp,6
764.bmp,9
765.bmp,10
766.bmp,11
767.bmp,12
768.bmp,13
769.bmp,14
770.bmp,15
771.bmp,16
772.bmp,17
773.bmp,18
774.bmp,19
775.bmp,20
776.bmp,3
777.bmp,4
778.bmp,5
779.bmp,6
780.bmp,9
781.bmp,10
782.bmp,11
783.bmp,12
784.bmp,13
785.bmp,14
786.bmp,15
787.bmp,16
788.bmp,17
789.bmp,18
790.bmp,19
791.bmp,20
792.bmp,3
793.bmp,4
794.bmp,5
795.bmp,6
796.bmp,9
797.bmp,10
798.bmp,11
799.bmp,12
800.bmp,13
801.bmp,14
802.bmp,15
803.bmp,16
804.bmp,17
805.bmp,18
806.bmp,19
807.bmp,20
808.bmp,3
809.bmp,4
810.bmp,5
811.bmp,6
812.bmp,9
813.bmp,10
814.bmp,11
815.bmp,12
816.bmp,13
817.bmp,14
818.bmp,15
819.bmp,16
820.bmp,17
821.bmp,18
822.bmp,19
823.bmp,20
824.bmp,3
825.bmp,4
826.bmp,5
827.bmp,6
828.bmp,9
829.bmp,10
830.bmp,11
831.bmp,12
832.bmp,13
833.bmp,14
834.bmp,15
835.bmp,16
836.bmp,17
837.bmp,18
838.bmp,19
839.bmp,20
840.bmp,3
841.bmp,4
842.bmp,5
843.bmp,6
844.bmp,9
845.bmp,10
846.bmp,11
847.bmp,12
848.bmp,13
849.bmp,14
850.bmp,15
851.bmp,16
852.bmp,17
853.bmp,18
854.bmp,19
855.bmp,20
856.bmp,3
857.bmp,4
858.bmp,5
859.bmp,6
860.bmp,9
861.bmp,10
862.bmp,11
863.bmp,12
864.bmp,13
865.bmp,14
866.bmp,15
867.bmp,16
868.bmp,17
869.bmp,18
870.bmp,19
871.bmp,20
872.bmp,3
873.bmp,4
874.bmp,5
875.bmp,6
876.bmp,9
877.bmp,10
878.bmp,11
879.bmp,12
880.bmp,13
881.bmp,14
882.bmp,15
883.bmp,16
884.bmp,17
885.bmp,18
886.bmp,19
887.bmp,20
888.bmp,3
889.bmp,4
890.bmp,5
891.bmp,6
892.bmp,9
893.bmp,10
894.bmp,11
895.bmp,12
896.bmp,13
897.bmp,14
898.bmp,15
899.bmp,16
900.bmp,17
901.bmp,18
902.bmp,19
903.bmp,20
904.bmp,3
905.bmp,4
906.bmp,5
907.bmp,6
908.bmp,9
909.bmp,10
910.bmp,11
911.bmp,12
912.bmp,13
913.bmp,14
914.bmp,15
915.bmp,16
916.bmp,17
917.bmp,18
918.bmp,19
919.bmp,20
920.bmp,3
921.bmp,4
922.bmp,5
923.bmp,6
924.bmp,9
925.bmp,10
926.bmp,11
927.bmp,12
928.bmp,13
929.bmp,14
930.bmp,15
931.bmp,16
932.bmp,17
933.bmp,18
934.bmp,19
935.bmp,20
936.bmp,3
937.bmp,4
938.bmp,5
939.bmp,6
940.bmp,9
941.bmp,10
942.bmp,11
943.bmp,12
944.bmp,13
945.bmp,14
946.bmp,15
947.bmp,16
948.bmp,17
949.bmp,18
950.bmp,19
951.bmp,20
952.bmp,3
953.bmp,4
954.bmp,5
955.bmp,6
956.bmp,9
957.bmp,10
958.bmp,11
959.bmp,12
960.bmp,13
961.bmp,14
962.bmp,15
963.bmp,16
964.bmp,17
965.bmp,18
966.bmp,19
967.bmp,20
968.bmp,3
969.bmp,4
970.bmp,5
971.bmp,6
972.bmp,9
973.bmp,10
974.bmp,11
975.bmp,12
976.bmp,13
977.bmp,14
978.bmp,15
979.bmp,16
980.bmp,17
981.bmp,18
982.bmp,19
983.bmp,20
984.bmp,3
985.bmp,4
986.bmp,5
987.bmp,6
988.bmp,9
989.bmp,10
990.bmp,11
991.bmp,12
992.bmp,13
993.bmp,14
994.bmp,15
995.bmp,16
996.bmp,17
997.bmp,18
998.bmp,19
999.bmp,20
1000.bmp,3
1001.bmp,4
1002.bmp,5
1003.bmp,6
1004.bmp,9
1005.bmp,10
1006.bmp,11
1007.bmp,12
1008.bmp,13
1009.bmp,14
1010.bmp,15
1011.bmp,16
1012.bmp,17
1013.bmp,18
1014.bmp,19
1015.bmp,20
1016.bmp,3
1017.bmp,4
1018.bmp,5
1019.bmp,6
1020.bmp,9
1021.bmp,10
1022.bmp,11
1023.bmp,12
1024.bmp,13
1025.bmp,14
1026.bmp,15
1027.bmp,16
1028.bmp,17
1029.bmp,18
1030.bmp,19
1031.bmp,20
1032.bmp,3
1033.bmp,4
1034.bmp,5
1035.bmp,6
1036.bmp,9
1037.bmp,10
1038.bmp,11
1039.bmp,12
1040.bmp,13
1041.bmp,14
1042.bmp,15
1043.bmp,16
1044.bmp,17
1045.bmp,18
1046.bmp,19
1047.bmp,20
1048.bmp,3
1049.bmp,4
1050.bmp,5
1051.bmp,6
1052.bmp,9
1053.bmp,10
1054.bmp,11
1055.bmp,12
1056.bmp,13
1057.bmp,14
1058.bmp,15
1059.bmp,16
1060.bmp,17
1061.bmp,18
1062.bmp,19
1063.bmp,20
1064.bmp,3
1065.bmp,4
1066.bmp,5
1067.bmp,6
1068.bmp,9
1069.bmp,10
1070.bmp,11
1071.bmp,12
1072.bmp,13
1073.bmp,14
1074.bmp,15
1075.bmp,16
1076.bmp,17
1077.bmp,18
1078.bmp,19
1079.bmp,20
1080.bmp,3
1081.bmp,4
1082.bmp,5
1083.bmp,6
1084.bmp,9
1085.bmp,10
1086.bmp,11
1087.bmp,12
1088.bmp,13
1089.bmp,14
1090.bmp,15
1091.bmp,16
1092.bmp,17
1093.bmp,18
1094.bmp,19
1095.bmp,20
1096.bmp,3
1097.bmp,4
1098.bmp,5
1099.bmp,6
1100.bmp,9
1101.bmp,10
1102.bmp,11
1103.bmp,12
1104.bmp,13
1105.bmp,14
1106.bmp,15
1107.bmp,16
1108.bmp,17
1109.bmp,18
1110.bmp,19
1111.bmp,20
1112.bmp,3
1113.bmp,4
1114.bmp,5
1115.bmp,6
1116.bmp,9
1117.bmp,10
1118.bmp,11
1119.bmp,12
1120.bmp,13
1121.bmp,14
1122.bmp,15
1123.bmp,16
1124.bmp,17
1125.bmp,18
1126.bmp,19
1127.bmp,20
1128.bmp,3
1129.bmp,4
1130.bmp,5
1131.bmp,6
1132.bmp,9
1133.bmp,10
1134.bmp,11
1135.bmp,12
1136.bmp,13
1137.bmp,14
1138.bmp,15
1139.bmp,16
1140.bmp,17
1141.bmp,18
1142.bmp,19
1143.bmp,20
1144.bmp,3
1145.bmp,4
1146.bmp,5
1147.bmp,6
1148.bmp,9
1149.bmp,10
1150.bmp,11
1151.bmp,12
1152.bmp,13
1153.bmp,14
1154.bmp,15
1155.bmp,16
1156.bmp,17
1157.bmp,18
1158.bmp,19
1159.bmp,20
1160.bmp,3
1161.bmp,4
1162.bmp,5
1163.bmp,6
1164.bmp,9
1165.bmp,10
1166.bmp,11
1167.bmp,12
1168.bmp,13
1169.bmp,14
1170.bmp,15
1171.bmp,16
1172.bmp,17
1173.bmp,18
1174.bmp,19
1175.bmp,20
1176.bmp,3
1177.bmp,4
1178.bmp,5
1179.bmp,6
1180.bmp,9
1181.bmp,10
1182.bmp,11
1183.bmp,12
1184.bmp,13
1185.bmp,14
1186.bmp,15
1187.bmp,16
1188.bmp,17
1189.bmp,18
1190.bmp,19
1191.bmp,20
1192.bmp,3
1193.bmp,4
1194.bmp,5
1195.bmp,6
1196.bmp,9
1197.bmp,10
1198.bmp,11
1199.bmp,12
1200.bmp,13
1201.bmp,14
1202.bmp,15
1203.bmp,16
1204.bmp,17
1205.bmp,18
1206.bmp,19
1207.bmp,20
1208.bmp,3
1209.bmp,4
1210.bmp,5
1211.bmp,6
1212.bmp,9
1213.bmp,10
1214.bmp,11
1215.bmp,12
1216.bmp,13
1217.bmp,14
1218.bmp,15
1219.bmp,16
1220.bmp,17
1221.bmp,18
1222.bmp,19
1223.bmp,20
1224.bmp,3
1225.bmp,4
1226.bmp,5
1227.bmp,6
1228.bmp,9
1229.bmp,10
1230.bmp,11
1231.bmp,12
1232.bmp,13
1233.bmp,14
1234.bmp,15
1235.bmp,16
1236.bmp,17
1237.bmp,18
1238.bmp,19
1239.bmp,20
1240.bmp,0
1241.bmp,81
1242.bmp,82
1243.bmp,83
1244.bmp,84
1245.bmp,85
1246.bmp,86
1247.bmp,87
1248.bmp,88
1249.bmp,89
1250.bmp,90
1251.bmp,91
1252.bmp,92
1253.bmp,93
1254.bmp,94
1255.bmp,95
1256.bmp,96
1257.bmp,97
1258.bmp,98
1259.bmp,99
1260.bmp,100
1261.bmp,101
1262.bmp,102
1263.bmp,103
1264.bmp,104
1265.bmp,105
1266.bmp,106
1267.bmp,107
1268.bmp,108
1269.bmp,109
1270.bmp,110
1271.bmp,111
1272.bmp,112
1273.bmp,113
1274.bmp,114
1275.bmp,115
1276.bmp,116
1277.bmp,117
1278.bmp,118
1279.bmp,119
1280.bmp,120
1281.bmp,121
1282.bmp,122
1283.bmp,123
1284.bmp,124
1285.bmp,125
1286.bmp,126
1287.bmp,127
1288.bmp,128
1289.bmp,129
1290.bmp,130
1291.bmp,131
1292.bmp,132
1293.bmp,133
1294.bmp,134
1295.bmp,135
1296.bmp,136
1297.bmp,137
1298.bmp,138
1299.bmp,139
1300.bmp,140
1301.bmp,141
1302.bmp,142
1303.bmp,143
1304.bmp,144
1305.bmp,145
1306.bmp,146
1307.bmp,147
1308.bmp,148
1309.bmp,149
1310.bmp,150
1311.bmp,151
1312.bmp,152
1313.bmp,153
1314.bmp,154
1315.bmp,155
1316.bmp,3
1317.bmp,4
1318.bmp,5
1319.bmp,6
1320.bmp,9
1321.bmp,10
1322.bmp,11
1323.bmp,12
1324.bmp,13
1325.bmp,14
1326.bmp,15
1327.bmp,16
1328.bmp,17
1329.bmp,18
1330.bmp,19
1331.bmp,20
1332.bmp,0
1333.bmp,81
1334.bmp,82
1335.bmp,83
1336.bmp,84
1337.bmp,85
1338.bmp,86
1339.bmp,87
1340.bmp,88
1341.bmp,89
1342.bmp,90
1343.bmp,91
1344.bmp,92
1345.bmp,93
1346.bmp,94
1347.bmp,95
1348.bmp,96
1349.bmp,97
1350.bmp,98
1351.bmp,99
1352.bmp,100
1353.bmp,101
1354.bmp,102
1355.bmp,103
1356.bmp,104
1357.bmp,105
1358.bmp,106
1359.bmp,107
1360.bmp,108
1361.bmp,109
1362.bmp,110
1363.bmp,111
1364.bmp,112
1365.bmp,113
1366.bmp,114
1367.bmp,115
1368.bmp,116
1369.bmp,117
1370.bmp,118
1371.bmp,119
1372.bmp,120
1373.bmp,121
1374.bmp,122
1375.bmp,123
1376.bmp,124
1377.bmp,125
1378.bmp,126
1379.bmp,127
1380.bmp,128
1381.bmp,129
1382.bmp,130
1383.bmp,131
1384.bmp,132
1385.bmp,133
1386.bmp,134
1387.bmp,135
1388.bmp,136
1389.bmp,137
1390.bmp,138
1391.bmp,139
1392.bmp,140
1393.bmp,141
1394.bmp,142
1395.bmp,143
1396.bmp,144
1397.bmp,145
1398.bmp,146
1399.bmp,147
1400.bmp,148
1401.bmp,149
1402.bmp,150
1403.bmp,151
1404.bmp,152
1405.bmp,153
1406.bmp,154
1407.bmp,155
1408.bmp,3
1409.bmp,4
1410.bmp,5
1411.bmp,6
1412.bmp,9
1413.bmp,10
1414.bmp,11
1415.bmp,12
1416.bmp,13
1417.bmp,14
1418.bmp,15
1419.bmp,16
1420.bmp,17
1421.bmp,18
1422.bmp,19
1423.bmp,20
1424.bmp,0
1425.bmp,81
1426.bmp,82
1427.bmp,83
1428.bmp,84
1429.bmp,85
1430.bmp,86
1431.bmp,87
1432.bmp,88
1433.bmp,89
1434.bmp,90
1435.bmp,91
1436.bmp,92
1437.bmp,93
1438.bmp,94
1439.bmp,95
1440.bmp,96
1441.bmp,97
1442.bmp,98
1443.bmp,99
1444.bmp,100
1445.bmp,101
1446.bmp,102
1447.bmp,103
1448.bmp,104
1449.bmp,105
1450.bmp,106
1451.bmp,107
1452.bmp,108
1453.bmp,109
1454.bmp,110
1455.bmp,111
1456.bmp,112
1457.bmp,113
1458.bmp,114
1459.bmp,115
1460.bmp,116
1461.bmp,117
1462.bmp,118
1463.bmp,119
1464.bmp,120
1465.bmp,121
1466.bmp,122
1467.bmp,123
1468.bmp,124
1469.bmp,125
1470.bmp,126
1471.bmp,127
1472.bmp,128
1473.bmp,129
1474.bmp,130
1475.bmp,131
1476.bmp,132
1477.bmp,133
1478.bmp,134
1479.bmp,135
1480.bmp,136
1481.bmp,137
1482.bmp,138
1483.bmp,139
1484.bmp,140
1485.bmp,141
1486.bmp,142
1487.bmp,143
1488.bmp,144
1489.bmp,145
1490.bmp,146
1491.bmp,147
1492.bmp,148
1493.bmp,149
1494.bmp,150
1495.bmp,151
1496.bmp,152
1497.bmp,153
1498.bmp,154
1499.bmp,155
1500.bmp,3
1501.bmp,4
1502.bmp,5
1503.bmp,6
1504.bmp,8
1505.bmp,9
1506.bmp,10
1507.bmp,11
1508.bmp,12
1509.bmp,13
1510.bmp,14
1511.bmp,15
1512.bmp,16
1513.bmp,17
1514.bmp,18
1515.bmp,19
1516.bmp,20
1517.bmp,21
1518.bmp,22
1519.bmp,23
1520.bmp,24
1521.bmp,25
1522.bmp,26
1523.bmp,27
1524.bmp,28
1525.bmp,29
1526.bmp,30
1527.bmp,31
1528.bmp,32
1529.bmp,33
1530.bmp,34
1531.bmp,35
1532.bmp,36
1533.bmp,37
1534.bmp,38
1535.bmp,39
1536.bmp,40
1537.bmp,41
1538.bmp,42
1539.bmp,43
1540.bmp,44
1541.bmp,45
1542.bmp,46
1543.bmp,47
1544.bmp,48
1545.bmp,49
1546.bmp,50
1547.bmp,51
1548.bmp,52
1549.bmp,53
1550.bmp,54
1551.bmp,55
1552.bmp,56
1553.bmp,57
1554.bmp,58
1555.bmp,59
1556.bmp,60
1557.bmp,61
1558.bmp,62
1559.bmp,63
1560.bmp,64
1561.bmp,65
1562.bmp,66
1563.bmp,67
1564.bmp,68
1565.bmp,69
1566.bmp,70
1567.bmp,71
1568.bmp,72
1569.bmp,73
1570.bmp,74
1571.bmp,75
1572.bmp,76
1573.bmp,77
1574.bmp,78
1575.bmp,79
1576.bmp,0
1577.bmp,81
1578.bmp,82
1579.bmp,83
1580.bmp,84
1581.bmp,85
1582.bmp,86
1583.bmp,87
1584.bmp,88
1585.bmp,89
1586.bmp,90
1587.bmp,91
1588.bmp,92
1589.bmp,93
1590.bmp,94
1591.bmp,95
1592.bmp,96
1593.bmp,97
1594.bmp,98
1595.bmp,99
1596.bmp,100
1597.bmp,101
1598.bmp,102
1599.bmp,103
1600.bmp,104
1601.bmp,105
1602.bmp,106
1603.bmp,107
1604.bmp,108
1605.bmp,109
1606.bmp,110
1607.bmp,111
1608.bmp,112
1609.bmp,113
1610.bmp,114
1611.bmp,115
1612.bmp,116
1613.bmp,117
1614.bmp,118
1615.bmp,119
1616.bmp,120
1617.bmp,121
1618.bmp,122
1619.bmp,123
1620.bmp,124
1621.bmp,125
1622.bmp,126
1623.bmp,127
1624.bmp,128
1625.bmp,129
1626.bmp,130
1627.bmp,131
1628.bmp,132
1629.bmp,133
1630.bmp,134
1631.bmp,135
1632.bmp,136
1633.bmp,137
1634.bmp,138
1635.bmp,139
1636.bmp,140
1637.bmp,141
1638.bmp,142
1639.bmp,143
1640.bmp,144
1641.bmp,145
1642.bmp,146
1643.bmp,147
1644.bmp,148
1645.bmp,149
1646.bmp,150
1647.bmp,151
1648.bmp,152
1649.bmp,153
1650.bmp,154
1651.bmp,155
1652.bmp,1
1653.bmp,8
1654.bmp,13
1655.bmp,18
1656.bmp,21
1657.bmp,22
1658.bmp,23
1659.bmp,24
1660.bmp,25
1661.bmp,26
1662.bmp,27
1663.bmp,28
1664.bmp,29
1665.bmp,30
1666.bmp,31
1667.bmp,32
1668.bmp,33
1669.bmp,34
1670.bmp,35
1671.bmp,36
1672.bmp,37
1673.bmp,38
1674.bmp,39
1675.bmp,40
1676.bmp,41
1677.bmp,42
1678.bmp,43
1679.bmp,44
1680.bmp,45
1681.bmp,46
1682.bmp,47
1683.bmp,48
1684.bmp,49
1685.bmp,50
1686.bmp,51
1687.bmp,52
1688.bmp,53
1689.bmp,54
1690.bmp,55
1691.bmp,56
1692.bmp,57
1693.bmp,58
1694.bmp,59
1695.bmp,60
1696.bmp,61
1697.bmp,62
1698.bmp,63
1699.bmp,64
1700.bmp,65
1701.bmp,66
1702.bmp,67
1703.bmp,68
1704.bmp,69
1705.bmp,70
1706.bmp,71
1707.bmp,72
1708.bmp,73
1709.bmp,74
1710.bmp,75
1711.bmp,76
1712.bmp,77
1713.bmp,78
1714.bmp,79
1715.bmp,0
1716.bmp,81
1717.bmp,82
1718.bmp,83
1719.bmp,84
1720.bmp,85
1721.bmp,86
1722.bmp,87
1723.bmp,88
1724.bmp,89
1725.bmp,90
1726.bmp,91
1727.bmp,92
1728.bmp,93
1729.bmp,94
1730.bmp,95
1731.bmp,96
1732.bmp,97
1733.bmp,98
1734.bmp,99
1735.bmp,100
1736.bmp,101
1737.bmp,102
1738.bmp,103
1739.bmp,104
1740.bmp,105
1741.bmp,106
1742.bmp,107
1743.bmp,108
1744.bmp,109
1745.bmp,110
1746.bmp,111
1747.bmp,112
1748.bmp,113
1749.bmp,114
1750.bmp,115
1751.bmp,116
1752.bmp,117
1753.bmp,118
1754.bmp,119
1755.bmp,120
1756.bmp,121
1757.bmp,122
1758.bmp,123
1759.bmp,124
1760.bmp,125
1761.bmp,126
1762.bmp,127
1763.bmp,128
1764.bmp,129
1765.bmp,130
1766.bmp,131
1767.bmp,132
1768.bmp,133
1769.bmp,134
1770.bmp,135
1771.bmp,136
1772.bmp,137
1773.bmp,138
1774.bmp,139
1775.bmp,140
1776.bmp,141
1777.bmp,142
1778.bmp,143
1779.bmp,144
1780.bmp,145
1781.bmp,146
1782.bmp,147
1783.bmp,148
1784.bmp,149
1785.bmp,150
1786.bmp,151
1787.bmp,152
1788.bmp,153
1789.bmp,154
1790.bmp,155
1791.bmp,1
1792.bmp,8
1793.bmp,13
1794.bmp,18
1795.bmp,21
1796.bmp,22
1797.bmp,23
1798.bmp,24
1799.bmp,25
1800.bmp,26
1801.bmp,27
1802.bmp,28
1803.bmp,29
1804.bmp,30
1805.bmp,31
1806.bmp,32
1807.bmp,33
1808.bmp,34
1809.bmp,35
1810.bmp,36
1811.bmp,37
1812.bmp,38
1813.bmp,39
1814.bmp,40
1815.bmp,41
1816.bmp,42
1817.bmp,43
1818.bmp,44
1819.bmp,45
1820.bmp,46
1821.bmp,47
1822.bmp,48
1823.bmp,49
1824.bmp,50
1825.bmp,51
1826.bmp,52
1827.bmp,53
1828.bmp,54
1829.bmp,55
1830.bmp,56
1831.bmp,57
1832.bmp,58
1833.bmp,59
1834.bmp,60
1835.bmp,61
1836.bmp,62
1837.bmp,63
1838.bmp,64
1839.bmp,65
1840.bmp,66
1841.bmp,67
1842.bmp,68
1843.bmp,69
1844.bmp,70
1845.bmp,71
1846.bmp,72
1847.bmp,73
1848.bmp,74
1849.bmp,75
1850.bmp,76
1851.bmp,77
1852.bmp,78
1853.bmp,79
1854.bmp,0
1855.bmp,81
1856.bmp,82
1857.bmp,83
1858.bmp,84
1859.bmp,85
1860.bmp,86
1861.bmp,87
1862.bmp,88
1863.bmp,89
1864.bmp,90
1865.bmp,91
1866.bmp,92
1867.bmp,93
1868.bmp,94
1869.bmp,95
1870.bmp,96
1871.bmp,97
1872.bmp,98
1873.bmp,99
1874.bmp,100
1875.bmp,101
1876.bmp,102
1877.bmp,103
1878.bmp,104
1879.bmp,105
1880.bmp,106
1881.bmp,107
1882.bmp,108
1883.bmp,109
1884.bmp,110
1885.bmp,111
1886.bmp,112
1887.bmp,113
1888.bmp,114
1889.bmp,115
1890.bmp,116
1891.bmp,117
1892.bmp,118
1893.bmp,119
1894.bmp,120
1895.bmp,121
1896.bmp,122
1897.bmp,123
1898.bmp,124
1899.bmp,125
1900.bmp,126
1901.bmp,127
1902.bmp,128
1903.bmp,129
1904.bmp,130
1905.bmp,131
1906.bmp,132
1907.bmp,133
1908.bmp,134
1909.bmp,135
1910.bmp,136
1911.bmp,137
1912.bmp,138
1913.bmp,139
1914.bmp,140
1915.bmp,141
1916.bmp,142
1917.bmp,143
1918.bmp,144
1919.bmp,145
1920.bmp,146
1921.bmp,147
1922.bmp,148
1923.bmp,149
1924.bmp,150
1925.bmp,151
1926.bmp,152
1927.bmp,153
1928.bmp,154
1929.bmp,155
1930.bmp,1
1931.bmp,8
1932.bmp,13
1933.bmp,18
1934.bmp,21
1935.bmp,22
1936.bmp,23
1937.bmp,24
1938.bmp,25
1939.bmp,26
1940.bmp,27
1941.bmp,28
1942.bmp,29
1943.bmp,30
1944.bmp,31
1945.bmp,32
1946.bmp,33
1947.bmp,34
1948.bmp,35
1949.bmp,36
1950.bmp,37
1951.bmp,38
1952.bmp,39
1953.bmp,40
1954.bmp,41
1955.bmp,42
1956.bmp,43
1957.bmp,44
1958.bmp,45
1959.bmp,46
1960.bmp,47
1961.bmp,48
1962.bmp,49
1963.bmp,50
1964.bmp,51
1965.bmp,52
1966.bmp,53
1967.bmp,54
1968.bmp,55
1969.bmp,56
1970.bmp,57
1971.bmp,58
1972.bmp,59
1973.bmp,60
1974.bmp,61
1975.bmp,62
1976.bmp,63
1977.bmp,64
1978.bmp,65
1979.bmp,66
1980.bmp,67
1981.bmp,68
1982.bmp,69
1983.bmp,70
1984.bmp,71
1985.bmp,72
1986.bmp,73
1987.bmp,74
1988.bmp,75
1989.bmp,76
1990.bmp,77
1991.bmp,78
1992.bmp,79
1993.bmp,0
1994.bmp,81
1995.bmp,82
1996.bmp,83
1997.bmp,84
1998.bmp,85
1999.bmp,86
2000.bmp,87
2001.bmp,88
2002.bmp,89
2003.bmp,90
2004.bmp,91
2005.bmp,92
2006.bmp,93
2007.bmp,94
2008.bmp,95
2009.bmp,96
2010.bmp,97
2011.bmp,98
2012.bmp,99
2013.bmp,100
2014.bmp,101
2015.bmp,102
2016.bmp,103
2017.bmp,104
2018.bmp,105
2019.bmp,106
2020.bmp,107
2021.bmp,108
2022.bmp,109
2023.bmp,110
2024.bmp,111
2025.bmp,112
2026.bmp,113
2027.bmp,114
2028.bmp,115
2029.bmp,116
2030.bmp,117
2031.bmp,118
2032.bmp,119
2033.bmp,120
2034.bmp,121
2035.bmp,122
2036.bmp,123
2037.bmp,124
2038.bmp,125
2039.bmp,126
2040.bmp,127
2041.bmp,128
2042.bmp,129
2043.bmp,130
2044.bmp,131
2045.bmp,132
2046.bmp,133
2047.bmp,134
2048.bmp,135
2049.bmp,136
2050.bmp,137
2051.bmp,138
2052.bmp,139
2053.bmp,140
2054.bmp,141
2055.bmp,142
2056.bmp,143
2057.bmp,144
2058.bmp,145
2059.bmp,146
2060.bmp,147
2061.bmp,148
2062.bmp,149
2063.bmp,150
2064.bmp,151
2065.bmp,152
2066.bmp,153
2067.bmp,154
2068.bmp,155
2069.bmp,1
2070.bmp,8
2071.bmp,13
2072.bmp,18
2073.bmp,21
2074.bmp,22
2075.bmp,23
2076.bmp,24
2077.bmp,25
2078.bmp,26
2079.bmp,27
2080.bmp,28
2081.bmp,29
2082.bmp,30
2083.bmp,31
2084.bmp,32
2085.bmp,33
2086.bmp,34
2087.bmp,35
2088.bmp,36
2089.bmp,37
2090.bmp,38
2091.bmp,39
2092.bmp,40
2093.bmp,41
2094.bmp,42
2095.bmp,43
2096.bmp,44
2097.bmp,45
2098.bmp,46
2099.bmp,47
2100.bmp,48
2101.bmp,49
2102.bmp,50
2103.bmp,51
2104.bmp,52
2105.bmp,53
2106.bmp,54
2107.bmp,55
2108.bmp,56
2109.bmp,57
2110.bmp,58
2111.bmp,59
2112.bmp,60
2113.bmp,61
2114.bmp,62
2115.bmp,63
2116.bmp,64
2117.bmp,65
2118.bmp,66
2119.bmp,67
2120.bmp,68
2121.bmp,69
2122.bmp,70
2123.bmp,71
2124.bmp,72
2125.bmp,73
2126.bmp,74
2127.bmp,75
2128.bmp,76
2129.bmp,77
2130.bmp,78
2131.bmp,79
2132.bmp,0
2133.bmp,81
2134.bmp,82
2135.bmp,83
2136.bmp,84
2137.bmp,85
2138.bmp,86
2139.bmp,87
2140.bmp,88
2141.bmp,89
2142.bmp,90
2143.bmp,91
2144.bmp,92
2145.bmp,93
2146.bmp,94
2147.bmp,95
2148.bmp,96
2149.bmp,97
2150.bmp,98
2151.bmp,99
2152.bmp,100
2153.bmp,101
2154.bmp,102
2155.bmp,103
2156.bmp,104
2157.bmp,105
2158.bmp,106
2159.bmp,107
2160.bmp,108
2161.bmp,109
2162.bmp,110
2163.bmp,111
2164.bmp,112
2165.bmp,113
2166.bmp,114
2167.bmp,115
2168.bmp,116
2169.bmp,117
2170.bmp,118
2171.bmp,119
2172.bmp,120
2173.bmp,121
2174.bmp,122
2175.bmp,123
2176.bmp,124
2177.bmp,125
2178.bmp,126
2179.bmp,127
2180.bmp,128
2181.bmp,129
2182.bmp,130
2183.bmp,131
2184.bmp,132
2185.bmp,133
2186.bmp,134
2187.bmp,135
2188.bmp,136
2189.bmp,137
2190.bmp,138
2191.bmp,139
2192.bmp,140
2193.bmp,141
2194.bmp,142
2195.bmp,143
2196.bmp,144
2197.bmp,145
2198.bmp,146
2199.bmp,147
2200.bmp,148
2201.bmp,149
2202.bmp,150
2203.bmp,151
2204.bmp,152
2205.bmp,153
2206.bmp,154
2207.bmp,155
2208.bmp,1
2209.bmp,8
2210.bmp,13
2211.bmp,18
2212.bmp,21
2213.bmp,22
2214.bmp,23
2215.bmp,24
2216.bmp,25
2217.bmp,26
2218.bmp,27
2219.bmp,28
2220.bmp,29
2221.bmp,30
2222.bmp,31
2223.bmp,32
2224.bmp,33
2225.bmp,34
2226.bmp,35
2227.bmp,36
2228.bmp,37
2229.bmp,38
2230.bmp,39
2231.bmp,40
2232.bmp,41
2233.bmp,42
2234.bmp,43
2235.bmp,44
2236.bmp,45
2237.bmp,46
2238.bmp,47
2239.bmp,48
2240.bmp,49
2241.bmp,50
2242.bmp,51
2243.bmp,52
2244.bmp,53
2245.bmp,54
2246.bmp,55
2247.bmp,56
2248.bmp,57
2249.bmp,58
2250.bmp,59
2251.bmp,60
2252.bmp,61
2253.bmp,62
2254.bmp,63
2255.bmp,64
2256.bmp,65
2257.bmp,66
2258.bmp,67
2259.bmp,68
2260.bmp,69
2261.bmp,70
2262.bmp,71
2263.bmp,72
2264.bmp,73
2265.bmp,74
2266.bmp,75
2267.bmp,76
2268.bmp,77
2269.bmp,78
2270.bmp,79
2271.bmp,0
2272.bmp,81
2273.bmp,82
2274.bmp,83
2275.bmp,84
2276.bmp,85
2277.bmp,86
2278.bmp,87
2279.bmp,88
2280.bmp,89
2281.bmp,90
2282.bmp,91
2283.bmp,92
2284.bmp,93
2285.bmp,94
2286.bmp,95
2287.bmp,96
2288.bmp,97
2289.bmp,98
2290.bmp,99
2291.bmp,100
2292.bmp,101
2293.bmp,102
2294.bmp,103
2295.bmp,104
2296.bmp,105
2297.bmp,106
2298.bmp,107
2299.bmp,108
2300.bmp,109
2301.bmp,110
2302.bmp,111
2303.bmp,112
2304.bmp,113
2305.bmp,114
2306.bmp,115
2307.bmp,116
2308.bmp,117
2309.bmp,118
2310.bmp,119
2311.bmp,120
2312.bmp,121
2313.bmp,122
2314.bmp,123
2315.bmp,124
2316.bmp,125
2317.bmp,126
2318.bmp,127
2319.bmp,128
2320.bmp,129
2321.bmp,130
2322.bmp,131
2323.bmp,132
2324.bmp,133
2325.bmp,134
2326.bmp,135
2327.bmp,136
2328.bmp,137
2329.bmp,138
2330.bmp,139
2331.bmp,140
2332.bmp,141
2333.bmp,142
2334.bmp,143
2335.bmp,144
2336.bmp,145
2337.bmp,146
2338.bmp,147
2339.bmp,148
2340.bmp,149
2341.bmp,150
2342.bmp,151
2343.bmp,152
2344.bmp,153
2345.bmp,154
2346.bmp,155
2347.bmp,1
2348.bmp,8
2349.bmp,13
2350.bmp,18
2351.bmp,21
2352.bmp,22
2353.bmp,23
2354.bmp,24
2355.bmp,25
2356.bmp,26
2357.bmp,27
2358.bmp,28
2359.bmp,29
2360.bmp,30
2361.bmp,31
2362.bmp,32
2363.bmp,33
2364.bmp,34
2365.bmp,35
2366.bmp,36
2367.bmp,37
2368.bmp,38
2369.bmp,39
2370.bmp,40
2371.bmp,41
2372.bmp,42
2373.bmp,43
2374.bmp,44
2375.bmp,45
2376.bmp,46
2377.bmp,47
2378.bmp,48
2379.bmp,49
2380.bmp,50
2381.bmp,51
2382.bmp,52
2383.bmp,53
2384.bmp,54
2385.bmp,55
2386.bmp,56
2387.bmp,57
2388.bmp,58
2389.bmp,59
2390.bmp,60
2391.bmp,61
2392.bmp,62
2393.bmp,63
2394.bmp,64
2395.bmp,65
2396.bmp,66
2397.bmp,67
2398.bmp,68
2399.bmp,69
2400.bmp,70
2401.bmp,71
2402.bmp,72
2403.bmp,73
2404.bmp,74
2405.bmp,75
2406.bmp,76
2407.bmp,77
2408.bmp,78
2409.bmp,79
2410.bmp,0
2411.bmp,81
2412.bmp,82
2413.bmp,83
2414.bmp,84
2415.bmp,85
2416.bmp,86
2417.bmp,87
2418.bmp,88
2419.bmp,89
2420.bmp,90
2421.bmp,91
2422.bmp,92
2423.bmp,93
2424.bmp,94
2425.bmp,95
2426.bmp,96
2427.bmp,97
2428.bmp,98
2429.bmp,99
2430.bmp,100
2431.bmp,101
2432.bmp,102
2433.bmp,103
2434.bmp,104
2435.bmp,105
2436.bmp,106
2437.bmp,107
2438.bmp,108
2439.bmp,109
2440.bmp,110
2441.bmp,111
2442.bmp,112
2443.bmp,113
2444.bmp,114
2445.bmp,115
2446.bmp,116
2447.bmp,117
2448.bmp,118
2449.bmp,119
2450.bmp,120
2451.bmp,121
2452.bmp,122
2453.bmp,123
2454.bmp,124
2455.bmp,125
2456.bmp,126
2457.bmp,127
2458.bmp,128
2459.bmp,129
2460.bmp,130
2461.bmp,131
2462.bmp,132
2463.bmp,133
2464.bmp,134
2465.bmp,135
2466.bmp,136
2467.bmp,137
2468.bmp,138
2469.bmp,139
2470.bmp,140
2471.bmp,141
2472.bmp,142
2473.bmp,143
2474.bmp,144
2475.bmp,145
2476.bmp,146
2477.bmp,147
2478.bmp,148
2479.bmp,149
2480.bmp,150
2481.bmp,151
2482.bmp,152
2483.bmp,153
2484.bmp,154
2485.bmp,155
2486.bmp,1
2487.bmp,8
2488.bmp,13
2489.bmp,18
2490.bmp,21
2491.bmp,22
2492.bmp,23
2493.bmp,24
2494.bmp,25
2495.bmp,26
2496.bmp,27
2497.bmp,28
2498.bmp,29
2499.bmp,30
2500.bmp,31
2501.bmp,32
2502.bmp,33
2503.bmp,34
2504.bmp,35
2505.bmp,36
2506.bmp,37
2507.bmp,38
2508.bmp,39
2509.bmp,40
2510.bmp,41
2511.bmp,42
2512.bmp,43
2513.bmp,44
2514.bmp,45
2515.bmp,46
2516.bmp,47
2517.bmp,48
2518.bmp,49
2519.bmp,50
2520.bmp,51
2521.bmp,52
2522.bmp,53
2523.bmp,54
2524.bmp,55
2525.bmp,56
2526.bmp,57
2527.bmp,58
2528.bmp,59
2529.bmp,60
2530.bmp,61
2531.bmp,62
2532.bmp,63
2533.bmp,64
2534.bmp,65
2535.bmp,66
2536.bmp,67
2537.bmp,68
2538.bmp,69
2539.bmp,70
2540.bmp,71
2541.bmp,72
2542.bmp,73
2543.bmp,74
2544.bmp,75
2545.bmp,76
2546.bmp,77
2547.bmp,78
2548.bmp,79
2549.bmp,0
2550.bmp,81
2551.bmp,82
2552.bmp,83
2553.bmp,84
2554.bmp,85
2555.bmp,86
2556.bmp,87
2557.bmp,88
2558.bmp,89
2559.bmp,90
2560.bmp,91
2561.bmp,92
2562.bmp,93
2563.bmp,94
2564.bmp,95
2565.bmp,96
2566.bmp,97
2567.bmp,98
2568.bmp,99
2569.bmp,100
2570.bmp,101
2571.bmp,102
2572.bmp,103
2573.bmp,104
2574.bmp,105
2575.bmp,106
2576.bmp,107
2577.bmp,108
2578.bmp,109
2579.bmp,110
2580.bmp,111
2581.bmp,112
2582.bmp,113
2583.bmp,114
2584.bmp,115
2585.bmp,116
2586.bmp,117
2587.bmp,118
2588.bmp,119
2589.bmp,120
2590.bmp,121
2591.bmp,122
2592.bmp,123
2593.bmp,124
2594.bmp,125
2595.bmp,126
2596.bmp,127
2597.bmp,128
2598.bmp,129
2599.bmp,130
2600.bmp,131
2601.bmp,132
2602.bmp,133
2603.bmp,134
2604.bmp,135
2605.bmp,136
2606.bmp,137
2607.bmp,138
2608.bmp,139
2609.bmp,140
2610.bmp,141
2611.bmp,142
2612.bmp,143
2613.bmp,144
2614.bmp,145
2615.bmp,146
2616.bmp,147
2617.bmp,148
2618.bmp,149
2619.bmp,150
2620.bmp,151
2621.bmp,152
2622.bmp,153
2623.bmp,154
2624.bmp,155
2625.bmp,1
2626.bmp,8
2627.bmp,13
2628.bmp,18
2629.bmp,21
2630.bmp,22
2631.bmp,23
2632.bmp,24
2633.bmp,25
2634.bmp,26
2635.bmp,27
2636.bmp,28
2637.bmp,29
2638.bmp,30
2639.bmp,31
2640.bmp,32
2641.bmp,33
2642.bmp,34
2643.bmp,35
2644.bmp,36
2645.bmp,37
2646.bmp,38
2647.bmp,39
2648.bmp,40
2649.bmp,41
2650.bmp,42
2651.bmp,43
2652.bmp,44
2653.bmp,45
2654.bmp,46
2655.bmp,47
2656.bmp,48
2657.bmp,49
2658.bmp,50
2659.bmp,51
2660.bmp,52
2661.bmp,53
2662.bmp,54
2663.bmp,55
2664.bmp,56
2665.bmp,57
2666.bmp,58
2667.bmp,59
2668.bmp,60
2669.bmp,61
2670.bmp,62
2671.bmp,63
2672.bmp,64
2673.bmp,65
2674.bmp,66
2675.bmp,67
2676.bmp,68
2677.bmp,69
2678.bmp,70
2679.bmp,71
2680.bmp,72
2681.bmp,73
2682.bmp,74
2683.bmp,75
2684.bmp,76
2685.bmp,77
2686.bmp,78
2687.bmp,79
2688.bmp,0
2689.bmp,81
2690.bmp,82
2691.bmp,83
2692.bmp,84
2693.bmp,85
2694.bmp,86
2695.bmp,87
2696.bmp,88
2697.bmp,89
2698.bmp,90
2699.bmp,91
2700.bmp,92
2701.bmp,93
2702.bmp,94
2703.bmp,95
2704.bmp,96
2705.bmp,97
2706.bmp,98
2707.bmp,99
2708.bmp,100
2709.bmp,101
2710.bmp,102
2711.bmp,103
2712.bmp,104
2713.bmp,105
2714.bmp,106
2715.bmp,107
2716.bmp,108
2717.bmp,109
2718.bmp,110
2719.bmp,111
2720.bmp,112
2721.bmp,113
2722.bmp,114
2723.bmp,115
2724.bmp,116
2725.bmp,117
2726.bmp,118
2727.bmp,119
2728.bmp,120
2729.bmp,121
2730.bmp,122
2731.bmp,123
2732.bmp,124
2733.bmp,125
2734.bmp,126
2735.bmp,127
2736.bmp,128
2737.bmp,129
2738.bmp,130
2739.bmp,131
2740.bmp,132
2741.bmp,133
2742.bmp,134
2743.bmp,135
2744.bmp,136
2745.bmp,137
2746.bmp,138
2747.bmp,139
2748.bmp,140
2749.bmp,141
2750.bmp,142
2751.bmp,143
2752.bmp,144
2753.bmp,145
2754.bmp,146
2755.bmp,147
2756.bmp,148
2757.bmp,149
2758.bmp,150
2759.bmp,151
2760.bmp,152
2761.bmp,153
2762.bmp,154
2763.bmp,155
2764.bmp,1
2765.bmp,8
2766.bmp,13
2767.bmp,18
2768.bmp,21
2769.bmp,22
2770.bmp,23
2771.bmp,24
2772.bmp,25
2773.bmp,26
2774.bmp,27
2775.bmp,28
2776.bmp,29
2777.bmp,30
2778.bmp,31
2779.bmp,32
2780.bmp,33
2781.bmp,34
2782.bmp,35
2783.bmp,36
2784.bmp,37
2785.bmp,38
2786.bmp,39
2787.bmp,40
2788.bmp,41
2789.bmp,42
2790.bmp,43
2791.bmp,44
2792.bmp,45
2793.bmp,46
2794.bmp,47
2795.bmp,48
2796.bmp,49
2797.bmp,50
2798.bmp,51
2799.bmp,52
2800.bmp,53
2801.bmp,54
2802.bmp,55
2803.bmp,56
2804.bmp,57
2805.bmp,58
2806.bmp,59
2807.bmp,60
2808.bmp,61
2809.bmp,62
2810.bmp,63
2811.bmp,64
2812.bmp,65
2813.bmp,66
2814.bmp,67
2815.bmp,68
2816.bmp,69
2817.bmp,70
2818.bmp,71
2819.bmp,72
2820.bmp,73
2821.bmp,74
2822.bmp,75
2823.bmp,76
2824.bmp,77
2825.bmp,78
2826.bmp,79
2827.bmp,0
2828.bmp,81
2829.bmp,82
2830.bmp,83
2831.bmp,84
2832.bmp,85
2833.bmp,86
2834.bmp,87
2835.bmp,88
2836.bmp,89
2837.bmp,90
2838.bmp,91
2839.bmp,92
2840.bmp,93
2841.bmp,94
2842.bmp,95
2843.bmp,96
2844.bmp,97
2845.bmp,98
2846.bmp,99
2847.bmp,100
2848.bmp,101
2849.bmp,102
2850.bmp,103
2851.bmp,104
2852.bmp,105
2853.bmp,106
2854.bmp,107
2855.bmp,108
2856.bmp,109
2857.bmp,110
2858.bmp,111
2859.bmp,112
2860.bmp,113
2861.bmp,114
2862.bmp,115
2863.bmp,116
2864.bmp,117
2865.bmp,118
2866.bmp,119
2867.bmp,120
2868.bmp,121
2869.bmp,122
2870.bmp,123
2871.bmp,124
2872.bmp,125
2873.bmp,126
2874.bmp,127
2875.bmp,128
2876.bmp,129
2877.bmp,130
2878.bmp,131
2879.bmp,132
2880.bmp,133
2881.bmp,134
2882.bmp,135
2883.bmp,136
2884.bmp,137
2885.bmp,138
2886.bmp,139
2887.bmp,140
2888.bmp,141
2889.bmp,142
2890.bmp,143
2891.bmp,144
2892.bmp,145
2893.bmp,146
2894.bmp,147
2895.bmp,148
2896.bmp,149
2897.bmp,150
2898.bmp,151
2899.bmp,152
2900.bmp,153
2901.bmp,154
2902.bmp,155
2903.bmp,1
2904.bmp,8
2905.bmp,13
2906.bmp,18
2907.bmp,21
2908.bmp,22
2909.bmp,23
2910.bmp,24
2911.bmp,25
2912.bmp,26
2913.bmp,27
2914.bmp,28
2915.bmp,29
2916.bmp,30
2917.bmp,31
2918.bmp,32
2919.bmp,33
2920.bmp,34
2921.bmp,35
2922.bmp,36
2923.bmp,37
2924.bmp,38
2925.bmp,39
2926.bmp,40
2927.bmp,41
2928.bmp,42
2929.bmp,43
2930.bmp,44
2931.bmp,45
2932.bmp,46
2933.bmp,47
2934.bmp,48
2935.bmp,49
2936.bmp,50
2937.bmp,51
2938.bmp,52
2939.bmp,53
2940.bmp,54
2941.bmp,55
2942.bmp,56
2943.bmp,57
2944.bmp,58
2945.bmp,59
2946.bmp,60
2947.bmp,61
2948.bmp,62
2949.bmp,63
2950.bmp,64
2951.bmp,65
2952.bmp,66
2953.bmp,67
2954.bmp,68
2955.bmp,69
2956.bmp,70
2957.bmp,71
2958.bmp,72
2959.bmp,73
2960.bmp,74
2961.bmp,75
2962.bmp,76
2963.bmp,77
2964.bmp,78
2965.bmp,79
2966.bmp,0
2967.bmp,81
2968.bmp,82
2969.bmp,83
2970.bmp,84
2971.bmp,85
2972.bmp,86
2973.bmp,87
2974.bmp,88
2975.bmp,89
2976.bmp,90
2977.bmp,91
2978.bmp,92
2979.bmp,93
2980.bmp,94
2981.bmp,95
2982.bmp,96
2983.bmp,97
2984.bmp,98
2985.bmp,99
2986.bmp,100
2987.bmp,101
2988.bmp,102
2989.bmp,103
2990.bmp,104
2991.bmp,105
2992.bmp,106
2993.bmp,107
2994.bmp,108
2995.bmp,109
2996.bmp,110
2997.bmp,111
2998.bmp,112
2999.bmp,113
3000.bmp,114
3001.bmp,115
3002.bmp,116
3003.bmp,117
3004.bmp,118
3005.bmp,119
3006.bmp,120
3007.bmp,121
3008.bmp,122
3009.bmp,123
3010.bmp,124
3011.bmp,125
3012.bmp,126
3013.bmp,127
3014.bmp,128
3015.bmp,129
3016.bmp,130
3017.bmp,131
3018.bmp,132
3019.bmp,133
3020.bmp,134
3021.bmp,135
3022.bmp,136
3023.bmp,137
3024.bmp,138
3025.bmp,139
3026.bmp,140
3027.bmp,141
3028.bmp,142
3029.bmp,143
3030.bmp,144
3031.bmp,145
3032.bmp,146
3033.bmp,147
3034.bmp,148
3035.bmp,149
3036.bmp,150
3037.bmp,151
3038.bmp,152
3039.bmp,153
3040.bmp,154
3041.bmp,155
3042.bmp,1
3043.bmp,8
3044.bmp,13
3045.bmp,18
3046.bmp,21
3047.bmp,22
3048.bmp,23
3049.bmp,24
3050.bmp,25
3051.bmp,26
3052.bmp,27
3053.bmp,28
3054.bmp,29
3055.bmp,30
3056.bmp,31
3057.bmp,32
3058.bmp,33
3059.bmp,34
3060.bmp,35
3061.bmp,36
3062.bmp,37
3063.bmp,38
3064.bmp,39
3065.bmp,40
3066.bmp,41
3067.bmp,42
3068.bmp,43
3069.bmp,44
3070.bmp,45
3071.bmp,46
3072.bmp,47
3073.bmp,48
3074.bmp,49
3075.bmp,50
3076.bmp,51
3077.bmp,52
3078.bmp,53
3079.bmp,54
3080.bmp,55
3081.bmp,56
3082.bmp,57
3083.bmp,58
3084.bmp,59
3085.bmp,60
3086.bmp,61
3087.bmp,62
3088.bmp,63
3089.bmp,64
3090.bmp,65
3091.bmp,66
3092.bmp,67
3093.bmp,68
3094.bmp,69
3095.bmp,70
3096.bmp,71
3097.bmp,72
3098.bmp,73
3099.bmp,74
3100.bmp,75
3101.bmp,76
3102.bmp,77
3103.bmp,78
3104.bmp,79
3105.bmp,0
3106.bmp,81
3107.bmp,82
3108.bmp,83
3109.bmp,84
3110.bmp,85
3111.bmp,86
3112.bmp,87
3113.bmp,88
3114.bmp,89
3115.bmp,90
3116.bmp,91
3117.bmp,92
3118.bmp,93
3119.bmp,94
3120.bmp,95
3121.bmp,96
3122.bmp,97
3123.bmp,98
3124.bmp,99
3125.bmp,100
3126.bmp,101
3127.bmp,102
3128.bmp,103
3129.bmp,104
3130.bmp,105
3131.bmp,106
3132.bmp,107
3133.bmp,108
3134.bmp,109
3135.bmp,110
3136.bmp,111
3137.bmp,112
3138.bmp,113
3139.bmp,114
3140.bmp,115
3141.bmp,116
3142.bmp,117
3143.bmp,118
3144.bmp,119
3145.bmp,120
3146.bmp,121
3147.bmp,122
3148.bmp,123
3149.bmp,124
3150.bmp,125
3151.bmp,126
3152.bmp,127
3153.bmp,128
3154.bmp,129
3155.bmp,130
3156.bmp,131
3157.bmp,132
3158.bmp,133
3159.bmp,134
3160.bmp,135
3161.bmp,136
3162.bmp,137
3163.bmp,138
3164.bmp,139
3165.bmp,140
3166.bmp,141
3167.bmp,142
3168.bmp,143
3169.bmp,144
3170.bmp,145
3171.bmp,146
3172.bmp,147
3173.bmp,148
3174.bmp,149
3175.bmp,150
3176.bmp,151
3177.bmp,152
3178.bmp,153
3179.bmp,154
3180.bmp,155
3181.bmp,1
3182.bmp,8
3183.bmp,13
3184.bmp,18
3185.bmp,21
3186.bmp,22
3187.bmp,23
3188.bmp,24
3189.bmp,25
3190.bmp,26
3191.bmp,27
3192.bmp,28
3193.bmp,29
3194.bmp,30
3195.bmp,31
3196.bmp,32
3197.bmp,33
3198.bmp,34
3199.bmp,35
3200.bmp,36
3201.bmp,37
3202.bmp,38
3203.bmp,39
3204.bmp,40
3205.bmp,41
3206.bmp,42
3207.bmp,43
3208.bmp,44
3209.bmp,45
3210.bmp,46
3211.bmp,47
3212.bmp,48
3213.bmp,49
3214.bmp,50
3215.bmp,51
3216.bmp,52
3217.bmp,53
3218.bmp,54
3219.bmp,55
3220.bmp,56
3221.bmp,57
3222.bmp,58
3223.bmp,59
3224.bmp,60
3225.bmp,61
3226.bmp,62
3227.bmp,63
3228.bmp,64
3229.bmp,65
3230.bmp,66
3231.bmp,67
3232.bmp,68
3233.bmp,69
3234.bmp,70
3235.bmp,71
3236.bmp,72
3237.bmp,73
3238.bmp,74
3239.bmp,75
3240.bmp,76
3241.bmp,77
3242.bmp,78
3243.bmp,79
3244.bmp,0
3245.bmp,81
3246.bmp,82
3247.bmp,83
3248.bmp,84
3249.bmp,85
3250.bmp,86
3251.bmp,87
3252.bmp,88
3253.bmp,89
3254.bmp,90
3255.bmp,91
3256.bmp,92
3257.bmp,93
3258.bmp,94
3259.bmp,95
3260.bmp,96
3261.bmp,97
3262.bmp,98
3263.bmp,99
3264.bmp,100
3265.bmp,101
3266.bmp,102
3267.bmp,103
3268.bmp,104
3269.bmp,105
3270.bmp,106
3271.bmp,107
3272.bmp,108
3273.bmp,109
3274.bmp,110
3275.bmp,111
3276.bmp,112
3277.bmp,113
3278.bmp,114
3279.bmp,115
3280.bmp,116
3281.bmp,117
3282.bmp,118
3283.bmp,119
3284.bmp,120
3285.bmp,121
3286.bmp,122
3287.bmp,123
3288.bmp,124
3289.bmp,125
3290.bmp,126
3291.bmp,127
3292.bmp,128
3293.bmp,129
3294.bmp,130
3295.bmp,131
3296.bmp,132
3297.bmp,133
3298.bmp,134
3299.bmp,135
3300.bmp,136
3301.bmp,137
3302.bmp,138
3303.bmp,139
3304.bmp,140
3305.bmp,141
3306.bmp,142
3307.bmp,143
3308.bmp,144
3309.bmp,145
3310.bmp,146
3311.bmp,147
3312.bmp,148
3313.bmp,149
3314.bmp,150
3315.bmp,151
3316.bmp,152
3317.bmp,153
3318.bmp,154
3319.bmp,155
3320.bmp,1
3321.bmp,8
3322.bmp,13
3323.bmp,18
3324.bmp,21
3325.bmp,22
3326.bmp,23
3327.bmp,24
3328.bmp,25
3329.bmp,26
3330.bmp,27
3331.bmp,28
3332.bmp,29
3333.bmp,30
3334.bmp,31
3335.bmp,32
3336.bmp,33
3337.bmp,34
3338.bmp,35
3339.bmp,36
3340.bmp,37
3341.bmp,38
3342.bmp,39
3343.bmp,40
3344.bmp,41
3345.bmp,42
3346.bmp,43
3347.bmp,44
3348.bmp,45
3349.bmp,46
3350.bmp,47
3351.bmp,48
3352.bmp,49
3353.bmp,50
3354.bmp,51
3355.bmp,52
3356.bmp,53
3357.bmp,54
3358.bmp,55
3359.bmp,56
3360.bmp,57
3361.bmp,58
3362.bmp,59
3363.bmp,60
3364.bmp,61
3365.bmp,62
3366.bmp,63
3367.bmp,64
3368.bmp,65
3369.bmp,66
3370.bmp,67
3371.bmp,68
3372.bmp,69
3373.bmp,70
3374.bmp,71
3375.bmp,72
3376.bmp,73
3377.bmp,74
3378.bmp,75
3379.bmp,76
3380.bmp,77
3381.bmp,78
3382.bmp,79
3383.bmp,0
3384.bmp,81
3385.bmp,82
3386.bmp,83
3387.bmp,84
3388.bmp,85
3389.bmp,86
3390.bmp,87
3391.bmp,88
3392.bmp,89
3393.bmp,90
3394.bmp,91
3395.bmp,92
3396.bmp,93
3397.bmp,94
3398.bmp,95
3399.bmp,96
3400.bmp,97
3401.bmp,98
3402.bmp,99
3403.bmp,100
3404.bmp,101
3405.bmp,102
3406.bmp,103
3407.bmp,104
3408.bmp,105
3409.bmp,106
3410.bmp,107
3411.bmp,108
3412.bmp,109
3413.bmp,110
3414.bmp,111
3415.bmp,112
3416.bmp,113
3417.bmp,114
3418.bmp,115
3419.bmp,116
3420.bmp,117
3421.bmp,118
3422.bmp,119
3423.bmp,120
3424.bmp,121
3425.bmp,122
3426.bmp,123
3427.bmp,124
3428.bmp,125
3429.bmp,126
3430.bmp,127
3431.bmp,128
3432.bmp,129
3433.bmp,130
3434.bmp,131
3435.bmp,132
3436.bmp,133
3437.bmp,134
3438.bmp,135
3439.bmp,136
3440.bmp,137
3441.bmp,138
3442.bmp,139
3443.bmp,140
3444.bmp,141
3445.bmp,142
3446.bmp,143
3447.bmp,144
3448.bmp,145
3449.bmp,146
3450.bmp,147
3451.bmp,148
3452.bmp,149
3453.bmp,150
3454.bmp,151
3455.bmp,152
3456.bmp,153
3457.bmp,154
3458.bmp,155
3459.bmp,1
3460.bmp,8
3461.bmp,13
3462.bmp,18
3463.bmp,21
3464.bmp,22
3465.bmp,23
3466.bmp,24
3467.bmp,25
3468.bmp,26
3469.bmp,27
3470.bmp,28
3471.bmp,29
3472.bmp,30
3473.bmp,31
3474.bmp,32
3475.bmp,33
3476.bmp,34
3477.bmp,35
3478.bmp,36
3479.bmp,37
3480.bmp,38
3481.bmp,39
3482.bmp,40
3483.bmp,41
3484.bmp,42
3485.bmp,43
3486.bmp,44
3487.bmp,45
3488.bmp,46
3489.bmp,47
3490.bmp,48
3491.bmp,49
3492.bmp,50
3493.bmp,51
3494.bmp,52
3495.bmp,53
3496.bmp,54
3497.bmp,55
3498.bmp,56
3499.bmp,57
3500.bmp,58
3501.bmp,59
3502.bmp,60
3503.bmp,61
3504.bmp,62
3505.bmp,63
3506.bmp,64
3507.bmp,65
3508.bmp,66
3509.bmp,67
3510.bmp,68
3511.bmp,69
3512.bmp,70
3513.bmp,71
3514.bmp,72
3515.bmp,73
3516.bmp,74
3517.bmp,75
3518.bmp,76
3519.bmp,77
3520.bmp,78
3521.bmp,79
3522.bmp,0
3523.bmp,81
3524.bmp,82
3525.bmp,83
3526.bmp,84
3527.bmp,85
3528.bmp,86
3529.bmp,87
3530.bmp,88
3531.bmp,89
3532.bmp,90
3533.bmp,91
3534.bmp,92
3535.bmp,93
3536.bmp,94
3537.bmp,95
3538.bmp,96
3539.bmp,97
3540.bmp,98
3541.bmp,99
3542.bmp,100
3543.bmp,101
3544.bmp,102
3545.bmp,103
3546.bmp,104
3547.bmp,105
3548.bmp,106
3549.bmp,107
3550.bmp,108
3551.bmp,109
3552.bmp,110
3553.bmp,111
3554.bmp,112
3555.bmp,113
3556.bmp,114
3557.bmp,115
3558.bmp,116
3559.bmp,117
3560.bmp,118
3561.bmp,119
3562.bmp,120
3563.bmp,121
3564.bmp,122
3565.bmp,123
3566.bmp,124
3567.bmp,125
3568.bmp,126
3569.bmp,127
3570.bmp,128
3571.bmp,129
3572.bmp,130
3573.bmp,131
3574.bmp,132
3575.bmp,133
3576.bmp,134
3577.bmp,135
3578.bmp,136
3579.bmp,137
3580.bmp,138
3581.bmp,139
3582.bmp,140
3583.bmp,141
3584.bmp,142
3585.bmp,143
3586.bmp,144
3587.bmp,145
3588.bmp,146
3589.bmp,147
3590.bmp,148
3591.bmp,149
3592.bmp,150
3593.bmp,151
3594.bmp,152
3595.bmp,153
3596.bmp,154
3597.bmp,155
3598.bmp,0
3599.bmp,81
3600.bmp,82
3601.bmp,83
3602.bmp,84
3603.bmp,85
3604.bmp,86
3605.bmp,87
3606.bmp,88
3607.bmp,89
3608.bmp,90
3609.bmp,91
3610.bmp,92
3611.bmp,93
3612.bmp,94
3613.bmp,95
3614.bmp,96
3615.bmp,97
3616.bmp,98
3617.bmp,99
3618.bmp,100
3619.bmp,101
3620.bmp,102
3621.bmp,103
3622.bmp,104
3623.bmp,105
3624.bmp,106
3625.bmp,107
3626.bmp,108
3627.bmp,109
3628.bmp,110
3629.bmp,111
3630.bmp,112
3631.bmp,113
3632.bmp,114
3633.bmp,115
3634.bmp,116
3635.bmp,117
3636.bmp,118
3637.bmp,119
3638.bmp,120
3639.bmp,121
3640.bmp,122
3641.bmp,123
3642.bmp,124
3643.bmp,125
3644.bmp,126
3645.bmp,127
3646.bmp,128
3647.bmp,129
3648.bmp,130
3649.bmp,131
3650.bmp,132
3651.bmp,133
3652.bmp,134
3653.bmp,135
3654.bmp,136
3655.bmp,137
3656.bmp,138
3657.bmp,139
3658.bmp,140
3659.bmp,141
3660.bmp,142
3661.bmp,143
3662.bmp,144
3663.bmp,145
3664.bmp,146
3665.bmp,147
3666.bmp,148
3667.bmp,149
3668.bmp,150
3669.bmp,151
3670.bmp,152
3671.bmp,153
3672.bmp,154
3673.bmp,155
3674.bmp,1
3675.bmp,8
3676.bmp,13
3677.bmp,18
3678.bmp,21
3679.bmp,22
3680.bmp,23
3681.bmp,24
3682.bmp,25
3683.bmp,26
3684.bmp,27
3685.bmp,28
3686.bmp,29
3687.bmp,30
3688.bmp,31
3689.bmp,32
3690.bmp,33
3691.bmp,34
3692.bmp,35
3693.bmp,36
3694.bmp,37
3695.bmp,38
3696.bmp,39
3697.bmp,40
3698.bmp,41
3699.bmp,42
3700.bmp,43
3701.bmp,44
3702.bmp,45
3703.bmp,46
3704.bmp,47
3705.bmp,48
3706.bmp,49
3707.bmp,50
3708.bmp,51
3709.bmp,52
3710.bmp,53
3711.bmp,54
3712.bmp,55
3713.bmp,56
3714.bmp,57
3715.bmp,58
3716.bmp,59
3717.bmp,60
3718.bmp,61
3719.bmp,62
3720.bmp,63
3721.bmp,64
3722.bmp,65
3723.bmp,66
3724.bmp,67
3725.bmp,68
3726.bmp,69
3727.bmp,70
3728.bmp,71
3729.bmp,72
3730.bmp,73
3731.bmp,74
3732.bmp,75
3733.bmp,76
3734.bmp,77
3735.bmp,78
3736.bmp,79
3737.bmp,0
3738.bmp,81
3739.bmp,82
3740.bmp,83
3741.bmp,84
3742.bmp,85
3743.bmp,86
3744.bmp,87
3745.bmp,88
3746.bmp,89
3747.bmp,90
3748.bmp,91
3749.bmp,92
3750.bmp,93
3751.bmp,94
3752.bmp,95
3753.bmp,96
3754.bmp,97
3755.bmp,98
3756.bmp,99
3757.bmp,100
3758.bmp,101
3759.bmp,102
3760.bmp,103
3761.bmp,104
3762.bmp,105
3763.bmp,106
3764.bmp,107
3765.bmp,108
3766.bmp,109
3767.bmp,110
3768.bmp,111
3769.bmp,112
3770.bmp,113
3771.bmp,114
3772.bmp,115
3773.bmp,116
3774.bmp,117
3775.bmp,118
3776.bmp,119
3777.bmp,120
3778.bmp,121
3779.bmp,122
3780.bmp,123
3781.bmp,124
3782.bmp,125
3783.bmp,126
3784.bmp,127
3785.bmp,128
3786.bmp,129
3787.bmp,130
3788.bmp,131
3789.bmp,132
3790.bmp,133
3791.bmp,134
3792.bmp,135
3793.bmp,136
3794.bmp,137
3795.bmp,138
3796.bmp,139
3797.bmp,140
3798.bmp,141
3799.bmp,142
3800.bmp,143
3801.bmp,144
3802.bmp,145
3803.bmp,146
3804.bmp,147
3805.bmp,148
3806.bmp,149
3807.bmp,150
3808.bmp,151
3809.bmp,152
3810.bmp,153
3811.bmp,154
3812.bmp,155
3813.bmp,1
3814.bmp,8
3815.bmp,13
3816.bmp,18
3817.bmp,21
3818.bmp,22
3819.bmp,23
3820.bmp,24
3821.bmp,25
3822.bmp,26
3823.bmp,27
3824.bmp,28
3825.bmp,29
3826.bmp,30
3827.bmp,31
3828.bmp,32
3829.bmp,33
3830.bmp,34
3831.bmp,35
3832.bmp,36
3833.bmp,37
3834.bmp,38
3835.bmp,39
3836.bmp,40
3837.bmp,41
3838.bmp,42
3839.bmp,43
3840.bmp,44
3841.bmp,45
3842.bmp,46
3843.bmp,47
3844.bmp,48
3845.bmp,49
3846.bmp,50
3847.bmp,51
3848.bmp,52
3849.bmp,53
3850.bmp,54
3851.bmp,55
3852.bmp,56
3853.bmp,57
3854.bmp,58
3855.bmp,59
3856.bmp,60
3857.bmp,61
3858.bmp,62
3859.bmp,63
3860.bmp,64
3861.bmp,65
3862.bmp,66
3863.bmp,67
3864.bmp,68
3865.bmp,69
3866.bmp,70
3867.bmp,71
3868.bmp,72
3869.bmp,73
3870.bmp,74
3871.bmp,75
3872.bmp,76
3873.bmp,77
3874.bmp,78
3875.bmp,79
3876.bmp,0
3877.bmp,81
3878.bmp,82
3879.bmp,83
3880.bmp,84
3881.bmp,85
3882.bmp,86
3883.bmp,87
3884.bmp,88
3885.bmp,89
3886.bmp,90
3887.bmp,91
3888.bmp,92
3889.bmp,93
3890.bmp,94
3891.bmp,95
3892.bmp,96
3893.bmp,97
3894.bmp,98
3895.bmp,99
3896.bmp,100
3897.bmp,101
3898.bmp,102
3899.bmp,103
3900.bmp,104
3901.bmp,105
3902.bmp,106
3903.bmp,107
3904.bmp,108
3905.bmp,109
3906.bmp,110
3907.bmp,111
3908.bmp,112
3909.bmp,113
3910.bmp,114
3911.bmp,115
3912.bmp,116
3913.bmp,117
3914.bmp,118
3915.bmp,119
3916.bmp,120
3917.bmp,121
3918.bmp,122
3919.bmp,123
3920.bmp,124
3921.bmp,125
3922.bmp,126
3923.bmp,127
3924.bmp,128
3925.bmp,129
3926.bmp,130
3927.bmp,131
3928.bmp,132
3929.bmp,133
3930.bmp,134
3931.bmp,135
3932.bmp,136
3933.bmp,137
3934.bmp,138
3935.bmp,139
3936.bmp,140
3937.bmp,141
3938.bmp,142
3939.bmp,143
3940.bmp,144
3941.bmp,145
3942.bmp,146
3943.bmp,147
3944.bmp,148
3945.bmp,149
3946.bmp,150
3947.bmp,151
3948.bmp,152
3949.bmp,153
3950.bmp,154
3951.bmp,155
3952.bmp,1
3953.bmp,8
3954.bmp,13
3955.bmp,18
3956.bmp,21
3957.bmp,22
3958.bmp,23
3959.bmp,24
3960.bmp,25
3961.bmp,26
3962.bmp,27
3963.bmp,28
3964.bmp,29
3965.bmp,30
3966.bmp,31
3967.bmp,32
3968.bmp,33
3969.bmp,34
3970.bmp,35
3971.bmp,36
3972.bmp,37
3973.bmp,38
3974.bmp,39
3975.bmp,40
3976.bmp,41
3977.bmp,42
3978.bmp,43
3979.bmp,44
3980.bmp,45
3981.bmp,46
3982.bmp,47
3983.bmp,48
3984.bmp,49
3985.bmp,50
3986.bmp,51
3987.bmp,52
3988.bmp,53
3989.bmp,54
3990.bmp,55
3991.bmp,56
3992.bmp,57
3993.bmp,58
3994.bmp,59
3995.bmp,60
3996.bmp,61
3997.bmp,62
3998.bmp,63
3999.bmp,64
4000.bmp,65
4001.bmp,66
4002.bmp,67
4003.bmp,68
4004.bmp,69
4005.bmp,70
4006.bmp,71
4007.bmp,72
4008.bmp,73
4009.bmp,74
4010.bmp,75
4011.bmp,76
4012.bmp,77
4013.bmp,78
4014.bmp,79
4015.bmp,0
4016.bmp,81
4017.bmp,82
4018.bmp,83
4019.bmp,84
4020.bmp,85
4021.bmp,86
4022.bmp,87
4023.bmp,88
4024.bmp,89
4025.bmp,90
4026.bmp,91
4027.bmp,92
4028.bmp,93
4029.bmp,94
4030.bmp,95
4031.bmp,96
4032.bmp,97
4033.bmp,98
4034.bmp,99
4035.bmp,100
4036.bmp,101
4037.bmp,102
4038.bmp,103
4039.bmp,104
4040.bmp,105
4041.bmp,106
4042.bmp,107
4043.bmp,108
4044.bmp,109
4045.bmp,110
4046.bmp,111
4047.bmp,112
4048.bmp,113
4049.bmp,114
4050.bmp,115
4051.bmp,116
4052.bmp,117
4053.bmp,118
4054.bmp,119
4055.bmp,120
4056.bmp,121
4057.bmp,122
4058.bmp,123
4059.bmp,124
4060.bmp,125
4061.bmp,126
4062.bmp,127
4063.bmp,128
4064.bmp,129
4065.bmp,130
4066.bmp,131
4067.bmp,132
4068.bmp,133
4069.bmp,134
4070.bmp,135
4071.bmp,136
4072.bmp,137
4073.bmp,138
4074.bmp,139
4075.bmp,140
4076.bmp,141
4077.bmp,142
4078.bmp,143
4079.bmp,144
4080.bmp,145
4081.bmp,146
4082.bmp,147
4083.bmp,148
4084.bmp,149
4085.bmp,150
4086.bmp,151
4087.bmp,152
4088.bmp,153
4089.bmp,154
4090.bmp,155
4091.bmp,1
4092.bmp,8
4093.bmp,13
4094.bmp,18
4095.bmp,21
4096.bmp,22
4097.bmp,23
4098.bmp,24
4099.bmp,25
4100.bmp,26
4101.bmp,27
4102.bmp,28
4103.bmp,29
4104.bmp,30
4105.bmp,31
4106.bmp,32
4107.bmp,33
4108.bmp,34
4109.bmp,35
4110.bmp,36
4111.bmp,37
4112.bmp,38
4113.bmp,39
4114.bmp,40
4115.bmp,41
4116.bmp,42
4117.bmp,43
4118.bmp,44
4119.bmp,45
4120.bmp,46
4121.bmp,47
4122.bmp,48
4123.bmp,49
4124.bmp,50
4125.bmp,51
4126.bmp,52
4127.bmp,53
4128.bmp,54
4129.bmp,55
4130.bmp,56
4131.bmp,57
4132.bmp,58
4133.bmp,59
4134.bmp,60
4135.bmp,61
4136.bmp,62
4137.bmp,63
4138.bmp,64
4139.bmp,65
4140.bmp,66
4141.bmp,67
4142.bmp,68
4143.bmp,69
4144.bmp,70
4145.bmp,71
4146.bmp,72
4147.bmp,73
4148.bmp,74
4149.bmp,75
4150.bmp,76
4151.bmp,77
4152.bmp,78
4153.bmp,79
4154.bmp,0
4155.bmp,81
4156.bmp,82
4157.bmp,83
4158.bmp,84
4159.bmp,85
4160.bmp,86
4161.bmp,87
4162.bmp,88
4163.bmp,89
4164.bmp,90
4165.bmp,91
4166.bmp,92
4167.bmp,93
4168.bmp,94
4169.bmp,95
4170.bmp,96
4171.bmp,97
4172.bmp,98
4173.bmp,99
4174.bmp,100
4175.bmp,101
4176.bmp,102
4177.bmp,103
4178.bmp,104
4179.bmp,105
4180.bmp,106
4181.bmp,107
4182.bmp,108
4183.bmp,109
4184.bmp,110
4185.bmp,111
4186.bmp,112
4187.bmp,113
4188.bmp,114
4189.bmp,115
4190.bmp,116
4191.bmp,117
4192.bmp,118
4193.bmp,119
4194.bmp,120
4195.bmp,121
4196.bmp,122
4197.bmp,123
4198.bmp,124
4199.bmp,125
4200.bmp,126
4201.bmp,127
4202.bmp,128
4203.bmp,129
4204.bmp,130
4205.bmp,131
4206.bmp,132
4207.bmp,133
4208.bmp,134
4209.bmp,135
4210.bmp,136
4211.bmp,137
4212.bmp,138
4213.bmp,139
4214.bmp,140
4215.bmp,141
4216.bmp,142
4217.bmp,143
4218.bmp,144
4219.bmp,145
4220.bmp,146
4221.bmp,147
4222.bmp,148
4223.bmp,149
4224.bmp,150
4225.bmp,151
4226.bmp,152
4227.bmp,153
4228.bmp,154
4229.bmp,155
4230.bmp,1
4231.bmp,7
4232.bmp,8
4233.bmp,13
4234.bmp,18
4235.bmp,21
4236.bmp,22
4237.bmp,23
4238.bmp,24
4239.bmp,25
4240.bmp,26
4241.bmp,27
4242.bmp,28
4243.bmp,29
4244.bmp,30
4245.bmp,31
4246.bmp,32
4247.bmp,33
4248.bmp,34
4249.bmp,35
4250.bmp,36
4251.bmp,37
4252.bmp,38
4253.bmp,39
4254.bmp,40
4255.bmp,41
4256.bmp,42
4257.bmp,43
4258.bmp,44
4259.bmp,45
4260.bmp,46
4261.bmp,47
4262.bmp,48
4263.bmp,49
4264.bmp,50
4265.bmp,51
4266.bmp,52
4267.bmp,53
4268.bmp,54
4269.bmp,55
4270.bmp,56
4271.bmp,57
4272.bmp,58
4273.bmp,59
4274.bmp,60
4275.bmp,61
4276.bmp,62
4277.bmp,63
4278.bmp,64
4279.bmp,65
4280.bmp,66
4281.bmp,67
4282.bmp,68
4283.bmp,69
4284.bmp,70
4285.bmp,71
4286.bmp,72
4287.bmp,73
4288.bmp,74
4289.bmp,75
4290.bmp,76
4291.bmp,77
4292.bmp,78
4293.bmp,79
4294.bmp,0
4295.bmp,81
4296.bmp,82
4297.bmp,83
4298.bmp,84
4299.bmp,85
4300.bmp,86
4301.bmp,87
4302.bmp,88
4303.bmp,89
4304.bmp,90
4305.bmp,91
4306.bmp,92
4307.bmp,93
4308.bmp,94
4309.bmp,95
4310.bmp,96
4311.bmp,97
4312.bmp,98
4313.bmp,99
4314.bmp,100
4315.bmp,101
4316.bmp,102
4317.bmp,103
4318.bmp,104
4319.bmp,105
4320.bmp,106
4321.bmp,107
4322.bmp,108
4323.bmp,109
4324.bmp,110
4325.bmp,111
4326.bmp,112
4327.bmp,113
4328.bmp,114
4329.bmp,115
4330.bmp,116
4331.bmp,117
4332.bmp,118
4333.bmp,119
4334.bmp,120
4335.bmp,121
4336.bmp,122
4337.bmp,123
4338.bmp,124
4339.bmp,125
4340.bmp,126
4341.bmp,127
4342.bmp,128
4343.bmp,129
4344.bmp,130
4345.bmp,131
4346.bmp,132
4347.bmp,133
4348.bmp,134
4349.bmp,135
4350.bmp,136
4351.bmp,137
4352.bmp,138
4353.bmp,139
4354.bmp,140
4355.bmp,141
4356.bmp,142
4357.bmp,143
4358.bmp,144
4359.bmp,145
4360.bmp,146
4361.bmp,147
4362.bmp,148
4363.bmp,149
4364.bmp,150
4365.bmp,151
4366.bmp,152
4367.bmp,153
4368.bmp,154
4369.bmp,155
4370.bmp,1
4371.bmp,7
4372.bmp,8
4373.bmp,13
4374.bmp,18
4375.bmp,21
4376.bmp,22
4377.bmp,23
4378.bmp,24
4379.bmp,25
4380.bmp,26
4381.bmp,27
4382.bmp,28
4383.bmp,29
4384.bmp,30
4385.bmp,31
4386.bmp,32
4387.bmp,33
4388.bmp,34
4389.bmp,35
4390.bmp,36
4391.bmp,37
4392.bmp,38
4393.bmp,39
4394.bmp,40
4395.bmp,41
4396.bmp,42
4397.bmp,43
4398.bmp,44
4399.bmp,45
4400.bmp,46
4401.bmp,47
4402.bmp,48
4403.bmp,49
4404.bmp,50
4405.bmp,51
4406.bmp,52
4407.bmp,53
4408.bmp,54
4409.bmp,55
4410.bmp,56
4411.bmp,57
4412.bmp,58
4413.bmp,59
4414.bmp,60
4415.bmp,61
4416.bmp,62
4417.bmp,63
4418.bmp,64
4419.bmp,65
4420.bmp,66
4421.bmp,67
4422.bmp,68
4423.bmp,69
4424.bmp,70
4425.bmp,71
4426.bmp,72
4427.bmp,73
4428.bmp,74
4429.bmp,75
4430.bmp,76
4431.bmp,77
4432.bmp,78
4433.bmp,79
4434.bmp,0
4435.bmp,81
4436.bmp,82
4437.bmp,83
4438.bmp,84
4439.bmp,85
4440.bmp,86
4441.bmp,87
4442.bmp,88
4443.bmp,89
4444.bmp,90
4445.bmp,91
4446.bmp,92
4447.bmp,93
4448.bmp,94
4449.bmp,95
4450.bmp,96
4451.bmp,97
4452.bmp,98
4453.bmp,99
4454.bmp,100
4455.bmp,101
4456.bmp,102
4457.bmp,103
4458.bmp,104
4459.bmp,105
4460.bmp,106
4461.bmp,107
4462.bmp,108
4463.bmp,109
4464.bmp,110
4465.bmp,111
4466.bmp,112
4467.bmp,113
4468.bmp,114
4469.bmp,115
4470.bmp,116
4471.bmp,117
4472.bmp,118
4473.bmp,119
4474.bmp,120
4475.bmp,121
4476.bmp,122
4477.bmp,123
4478.bmp,124
4479.bmp,125
4480.bmp,126
4481.bmp,127
4482.bmp,128
4483.bmp,129
4484.bmp,130
4485.bmp,131
4486.bmp,132
4487.bmp,133
4488.bmp,134
4489.bmp,135
4490.bmp,136
4491.bmp,137
4492.bmp,138
4493.bmp,139
4494.bmp,140
4495.bmp,141
4496.bmp,142
4497.bmp,143
4498.bmp,144
4499.bmp,145
4500.bmp,146
4501.bmp,147
4502.bmp,148
4503.bmp,149
4504.bmp,150
4505.bmp,151
4506.bmp,152
4507.bmp,153
4508.bmp,154
4509.bmp,155
4510.bmp,1
4511.bmp,7
4512.bmp,8
4513.bmp,13
4514.bmp,18
4515.bmp,21
4516.bmp,22
4517.bmp,23
4518.bmp,24
4519.bmp,25
4520.bmp,26
4521.bmp,27
4522.bmp,28
4523.bmp,29
4524.bmp,30
4525.bmp,31
4526.bmp,32
4527.bmp,33
4528.bmp,34
4529.bmp,35
4530.bmp,36
4531.bmp,37
4532.bmp,38
4533.bmp,39
4534.bmp,40
4535.bmp,41
4536.bmp,42
4537.bmp,43
4538.bmp,44
4539.bmp,45
4540.bmp,46
4541.bmp,47
4542.bmp,48
4543.bmp,49
4544.bmp,50
4545.bmp,51
4546.bmp,52
4547.bmp,53
4548.bmp,54
4549.bmp,55
4550.bmp,56
4551.bmp,57
4552.bmp,58
4553.bmp,59
4554.bmp,60
4555.bmp,61
4556.bmp,62
4557.bmp,63
4558.bmp,64
4559.bmp,65
4560.bmp,66
4561.bmp,67
4562.bmp,68
4563.bmp,69
4564.bmp,70
4565.bmp,71
4566.bmp,72
4567.bmp,73
4568.bmp,74
4569.bmp,75
4570.bmp,76
4571.bmp,77
4572.bmp,78
4573.bmp,79
4574.bmp,0
4575.bmp,81
4576.bmp,82
4577.bmp,83
4578.bmp,84
4579.bmp,85
4580.bmp,86
4581.bmp,87
4582.bmp,88
4583.bmp,89
4584.bmp,90
4585.bmp,91
4586.bmp,92
4587.bmp,93
4588.bmp,94
4589.bmp,95
4590.bmp,96
4591.bmp,97
4592.bmp,98
4593.bmp,99
4594.bmp,100
4595.bmp,101
4596.bmp,102
4597.bmp,103
4598.bmp,104
4599.bmp,105
4600.bmp,106
4601.bmp,107
4602.bmp,108
4603.bmp,109
4604.bmp,110
4605.bmp,111
4606.bmp,112
4607.bmp,113
4608.bmp,114
4609.bmp,115
4610.bmp,116
4611.bmp,117
4612.bmp,118
4613.bmp,119
4614.bmp,120
4615.bmp,121
4616.bmp,122
4617.bmp,123
4618.bmp,124
4619.bmp,125
4620.bmp,126
4621.bmp,127
4622.bmp,128
4623.bmp,129
4624.bmp,130
4625.bmp,131
4626.bmp,132
4627.bmp,133
4628.bmp,134
4629.bmp,135
4630.bmp,136
4631.bmp,137
4632.bmp,138
4633.bmp,139
4634.bmp,140
4635.bmp,141
4636.bmp,142
4637.bmp,143
4638.bmp,144
4639.bmp,145
4640.bmp,146
4641.bmp,147
4642.bmp,148
4643.bmp,149
4644.bmp,150
4645.bmp,151
4646.bmp,152
4647.bmp,153
4648.bmp,154
4649.bmp,155
4650.bmp,1
4651.bmp,7
4652.bmp,8
4653.bmp,18
4654.bmp,21
4655.bmp,22
4656.bmp,23
4657.bmp,24
4658.bmp,25
4659.bmp,26
4660.bmp,27
4661.bmp,28
4662.bmp,29
4663.bmp,30
4664.bmp,31
4665.bmp,32
4666.bmp,33
4667.bmp,34
4668.bmp,35
4669.bmp,36
4670.bmp,37
4671.bmp,38
4672.bmp,39
4673.bmp,40
4674.bmp,41
4675.bmp,42
4676.bmp,43
4677.bmp,44
4678.bmp,45
4679.bmp,46
4680.bmp,47
4681.bmp,48
4682.bmp,49
4683.bmp,50
4684.bmp,51
4685.bmp,52
4686.bmp,53
4687.bmp,54
4688.bmp,55
4689.bmp,56
4690.bmp,57
4691.bmp,58
4692.bmp,59
4693.bmp,60
4694.bmp,61
4695.bmp,62
4696.bmp,63
4697.bmp,64
4698.bmp,65
4699.bmp,66
4700.bmp,67
4701.bmp,68
4702.bmp,69
4703.bmp,70
4704.bmp,71
4705.bmp,72
4706.bmp,73
4707.bmp,74
4708.bmp,75
4709.bmp,76
4710.bmp,77
4711.bmp,78
4712.bmp,79
4713.bmp,0
4714.bmp,81
4715.bmp,82
4716.bmp,83
4717.bmp,84
4718.bmp,85
4719.bmp,86
4720.bmp,87
4721.bmp,88
4722.bmp,89
4723.bmp,90
4724.bmp,91
4725.bmp,92
4726.bmp,93
4727.bmp,94
4728.bmp,95
4729.bmp,96
4730.bmp,97
4731.bmp,98
4732.bmp,99
4733.bmp,100
4734.bmp,101
4735.bmp,102
4736.bmp,103
4737.bmp,104
4738.bmp,105
4739.bmp,106
4740.bmp,107
4741.bmp,108
4742.bmp,109
4743.bmp,110
4744.bmp,111
4745.bmp,112
4746.bmp,113
4747.bmp,114
4748.bmp,115
4749.bmp,116
4750.bmp,117
4751.bmp,118
4752.bmp,119
4753.bmp,120
4754.bmp,121
4755.bmp,122
4756.bmp,123
4757.bmp,124
4758.bmp,125
4759.bmp,126
4760.bmp,127
4761.bmp,128
4762.bmp,129
4763.bmp,130
4764.bmp,131
4765.bmp,132
4766.bmp,133
4767.bmp,134
4768.bmp,135
4769.bmp,136
4770.bmp,137
4771.bmp,138
4772.bmp,139
4773.bmp,140
4774.bmp,141
4775.bmp,142
4776.bmp,143
4777.bmp,144
4778.bmp,145
4779.bmp,146
4780.bmp,147
4781.bmp,148
4782.bmp,149
4783.bmp,150
4784.bmp,151
4785.bmp,152
4786.bmp,153
4787.bmp,154
4788.bmp,155
4789.bmp,1
4790.bmp,7
4791.bmp,8
4792.bmp,18
4793.bmp,21
4794.bmp,22
4795.bmp,23
4796.bmp,24
4797.bmp,25
4798.bmp,26
4799.bmp,27
4800.bmp,28
4801.bmp,29
4802.bmp,30
4803.bmp,31
4804.bmp,32
4805.bmp,33
4806.bmp,34
4807.bmp,35
4808.bmp,36
4809.bmp,37
4810.bmp,38
4811.bmp,39
4812.bmp,40
4813.bmp,41
4814.bmp,42
4815.bmp,43
4816.bmp,44
4817.bmp,45
4818.bmp,46
4819.bmp,47
4820.bmp,48
4821.bmp,49
4822.bmp,50
4823.bmp,51
4824.bmp,52
4825.bmp,53
4826.bmp,54
4827.bmp,55
4828.bmp,56
4829.bmp,57
4830.bmp,58
4831.bmp,59
4832.bmp,60
4833.bmp,61
4834.bmp,62
4835.bmp,63
4836.bmp,64
4837.bmp,65
4838.bmp,66
4839.bmp,67
4840.bmp,68
4841.bmp,69
4842.bmp,70
4843.bmp,71
4844.bmp,72
4845.bmp,73
4846.bmp,74
4847.bmp,75
4848.bmp,76
4849.bmp,77
4850.bmp,78
4851.bmp,79
4852.bmp,0
4853.bmp,81
4854.bmp,82
4855.bmp,83
4856.bmp,84
4857.bmp,85
4858.bmp,86
4859.bmp,87
4860.bmp,88
4861.bmp,89
4862.bmp,90
4863.bmp,91
4864.bmp,92
4865.bmp,93
4866.bmp,94
4867.bmp,95
4868.bmp,96
4869.bmp,97
4870.bmp,98
4871.bmp,99
4872.bmp,100
4873.bmp,101
4874.bmp,102
4875.bmp,103
4876.bmp,104
4877.bmp,105
4878.bmp,106
4879.bmp,107
4880.bmp,108
4881.bmp,109
4882.bmp,110
4883.bmp,111
4884.bmp,112
4885.bmp,113
4886.bmp,114
4887.bmp,115
4888.bmp,116
4889.bmp,117
4890.bmp,118
4891.bmp,119
4892.bmp,120
4893.bmp,121
4894.bmp,122
4895.bmp,123
4896.bmp,124
4897.bmp,125
4898.bmp,126
4899.bmp,127
4900.bmp,128
4901.bmp,129
4902.bmp,130
4903.bmp,131
4904.bmp,132
4905.bmp,133
4906.bmp,134
4907.bmp,135
4908.bmp,136
4909.bmp,137
4910.bmp,138
4911.bmp,139
4912.bmp,140
4913.bmp,141
4914.bmp,142
4915.bmp,143
4916.bmp,144
4917.bmp,145
4918.bmp,146
4919.bmp,147
4920.bmp,148
4921.bmp,149
4922.bmp,150
4923.bmp,151
4924.bmp,152
4925.bmp,153
4926.bmp,154
4927.bmp,155
4928.bmp,1
4929.bmp,7
4930.bmp,8
4931.bmp,18
4932.bmp,21
4933.bmp,22
4934.bmp,23
4935.bmp,24
4936.bmp,25
4937.bmp,26
4938.bmp,27
4939.bmp,28
4940.bmp,29
4941.bmp,30
4942.bmp,31
4943.bmp,32
4944.bmp,33
4945.bmp,34
4946.bmp,35
4947.bmp,36
4948.bmp,37
4949.bmp,38
4950.bmp,39
4951.bmp,40
4952.bmp,41
4953.bmp,42
4954.bmp,43
4955.bmp,44
4956.bmp,45
4957.bmp,46
4958.bmp,47
4959.bmp,48
4960.bmp,49
4961.bmp,50
4962.bmp,51
4963.bmp,52
4964.bmp,53
4965.bmp,54
4966.bmp,55
4967.bmp,56
4968.bmp,57
4969.bmp,58
4970.bmp,59
4971.bmp,60
4972.bmp,61
4973.bmp,62
4974.bmp,63
4975.bmp,64
4976.bmp,65
4977.bmp,66
4978.bmp,67
4979.bmp,68
4980.bmp,69
4981.bmp,70
4982.bmp,71
4983.bmp,72
4984.bmp,73
4985.bmp,74
4986.bmp,75
4987.bmp,76
4988.bmp,77
4989.bmp,78
4990.bmp,79
4991.bmp,0
4992.bmp,81
4993.bmp,82
4994.bmp,83
4995.bmp,84
4996.bmp,85
4997.bmp,86
4998.bmp,87
4999.bmp,88
5000.bmp,89
5001.bmp,90
5002.bmp,91
5003.bmp,92
5004.bmp,93
5005.bmp,94
5006.bmp,95
5007.bmp,96
5008.bmp,97
5009.bmp,98
5010.bmp,99
5011.bmp,100
5012.bmp,101
5013.bmp,102
5014.bmp,103
5015.bmp,104
5016.bmp,105
5017.bmp,106
5018.bmp,107
5019.bmp,108
5020.bmp,109
5021.bmp,110
5022.bmp,111
5023.bmp,112
5024.bmp,113
5025.bmp,114
5026.bmp,115
5027.bmp,116
5028.bmp,117
5029.bmp,118
5030.bmp,119
5031.bmp,120
5032.bmp,121
5033.bmp,122
5034.bmp,123
5035.bmp,124
5036.bmp,125
5037.bmp,126
5038.bmp,127
5039.bmp,128
5040.bmp,129
5041.bmp,130
5042.bmp,131
5043.bmp,132
5044.bmp,133
5045.bmp,134
5046.bmp,135
5047.bmp,136
5048.bmp,137
5049.bmp,138
5050.bmp,139
5051.bmp,140
5052.bmp,141
5053.bmp,142
5054.bmp,143
5055.bmp,144
5056.bmp,145
5057.bmp,146
5058.bmp,147
5059.bmp,148
5060.bmp,149
5061.bmp,150
5062.bmp,151
5063.bmp,152
5064.bmp,153
5065.bmp,154
5066.bmp,155
5067.bmp,1
5068.bmp,7
5069.bmp,8
5070.bmp,18
5071.bmp,21
5072.bmp,22
5073.bmp,23
5074.bmp,24
5075.bmp,25
5076.bmp,26
5077.bmp,27
5078.bmp,28
5079.bmp,29
5080.bmp,30
5081.bmp,31
5082.bmp,32
5083.bmp,33
5084.bmp,34
5085.bmp,35
5086.bmp,36
5087.bmp,37
5088.bmp,38
5089.bmp,39
5090.bmp,40
5091.bmp,41
5092.bmp,42
5093.bmp,43
5094.bmp,44
5095.bmp,45
5096.bmp,46
5097.bmp,47
5098.bmp,48
5099.bmp,49
5100.bmp,50
5101.bmp,51
5102.bmp,52
5103.bmp,53
5104.bmp,54
5105.bmp,55
5106.bmp,56
5107.bmp,57
5108.bmp,58
5109.bmp,59
5110.bmp,60
5111.bmp,61
5112.bmp,62
5113.bmp,63
5114.bmp,64
5115.bmp,65
5116.bmp,66
5117.bmp,67
5118.bmp,68
5119.bmp,69
5120.bmp,70
5121.bmp,71
5122.bmp,72
5123.bmp,73
5124.bmp,74
5125.bmp,75
5126.bmp,76
5127.bmp,77
5128.bmp,78
5129.bmp,79
5130.bmp,0
5131.bmp,81
5132.bmp,82
5133.bmp,83
5134.bmp,84
5135.bmp,85
5136.bmp,86
5137.bmp,87
5138.bmp,88
5139.bmp,89
5140.bmp,90
5141.bmp,91
5142.bmp,92
5143.bmp,93
5144.bmp,94
5145.bmp,95
5146.bmp,96
5147.bmp,97
5148.bmp,98
5149.bmp,99
5150.bmp,100
5151.bmp,101
5152.bmp,102
5153.bmp,103
5154.bmp,104
5155.bmp,105
5156.bmp,106
5157.bmp,107
5158.bmp,108
5159.bmp,109
5160.bmp,110
5161.bmp,111
5162.bmp,112
5163.bmp,113
5164.bmp,114
5165.bmp,115
5166.bmp,116
5167.bmp,117
5168.bmp,118
5169.bmp,119
5170.bmp,120
5171.bmp,121
5172.bmp,122
5173.bmp,123
5174.bmp,124
5175.bmp,125
5176.bmp,126
5177.bmp,127
5178.bmp,128
5179.bmp,129
5180.bmp,130
5181.bmp,131
5182.bmp,132
5183.bmp,133
5184.bmp,134
5185.bmp,135
5186.bmp,136
5187.bmp,137
5188.bmp,138
5189.bmp,139
5190.bmp,140
5191.bmp,141
5192.bmp,142
5193.bmp,143
5194.bmp,144
5195.bmp,145
5196.bmp,146
5197.bmp,147
5198.bmp,148
5199.bmp,149
5200.bmp,150
5201.bmp,151
5202.bmp,152
5203.bmp,153
5204.bmp,154
5205.bmp,155
5206.bmp,1
5207.bmp,7
5208.bmp,8
5209.bmp,18
5210.bmp,21
5211.bmp,22
5212.bmp,23
5213.bmp,24
5214.bmp,25
5215.bmp,26
5216.bmp,27
5217.bmp,28
5218.bmp,29
5219.bmp,30
5220.bmp,31
5221.bmp,32
5222.bmp,33
5223.bmp,34
5224.bmp,35
5225.bmp,36
5226.bmp,37
5227.bmp,38
5228.bmp,39
5229.bmp,40
5230.bmp,41
5231.bmp,42
5232.bmp,43
5233.bmp,44
5234.bmp,45
5235.bmp,46
5236.bmp,47
5237.bmp,48
5238.bmp,49
5239.bmp,50
5240.bmp,51
5241.bmp,52
5242.bmp,53
5243.bmp,54
5244.bmp,55
5245.bmp,56
5246.bmp,57
5247.bmp,58
5248.bmp,59
5249.bmp,60
5250.bmp,61
5251.bmp,62
5252.bmp,63
5253.bmp,64
5254.bmp,65
5255.bmp,66
5256.bmp,67
5257.bmp,68
5258.bmp,69
5259.bmp,70
5260.bmp,71
5261.bmp,72
5262.bmp,73
5263.bmp,74
5264.bmp,75
5265.bmp,76
5266.bmp,77
5267.bmp,78
5268.bmp,79
5269.bmp,0
5270.bmp,81
5271.bmp,82
5272.bmp,83
5273.bmp,84
5274.bmp,85
5275.bmp,86
5276.bmp,87
5277.bmp,88
5278.bmp,89
5279.bmp,90
5280.bmp,91
5281.bmp,92
5282.bmp,93
5283.bmp,94
5284.bmp,95
5285.bmp,96
5286.bmp,97
5287.bmp,98
5288.bmp,99
5289.bmp,100
5290.bmp,101
5291.bmp,102
5292.bmp,103
5293.bmp,104
5294.bmp,105
5295.bmp,106
5296.bmp,107
5297.bmp,108
5298.bmp,109
5299.bmp,110
5300.bmp,111
5301.bmp,112
5302.bmp,113
5303.bmp,114
5304.bmp,115
5305.bmp,116
5306.bmp,117
5307.bmp,118
5308.bmp,119
5309.bmp,120
5310.bmp,121
5311.bmp,122
5312.bmp,123
5313.bmp,124
5314.bmp,125
5315.bmp,126
5316.bmp,127
5317.bmp,128
5318.bmp,129
5319.bmp,130
5320.bmp,131
5321.bmp,132
5322.bmp,133
5323.bmp,134
5324.bmp,135
5325.bmp,136
5326.bmp,137
5327.bmp,138
5328.bmp,139
5329.bmp,140
5330.bmp,141
5331.bmp,142
5332.bmp,143
5333.bmp,144
5334.bmp,145
5335.bmp,146
5336.bmp,147
5337.bmp,148
5338.bmp,149
5339.bmp,150
5340.bmp,151
5341.bmp,152
5342.bmp,153
5343.bmp,154
5344.bmp,155
5345.bmp,1
5346.bmp,7
5347.bmp,8
5348.bmp,18
5349.bmp,21
5350.bmp,22
5351.bmp,23
5352.bmp,24
5353.bmp,25
5354.bmp,26
5355.bmp,27
5356.bmp,28
5357.bmp,29
5358.bmp,30
5359.bmp,31
5360.bmp,32
5361.bmp,33
5362.bmp,34
5363.bmp,35
5364.bmp,36
5365.bmp,37
5366.bmp,38
5367.bmp,39
5368.bmp,40
5369.bmp,41
5370.bmp,42
5371.bmp,43
5372.bmp,44
5373.bmp,45
5374.bmp,46
5375.bmp,47
5376.bmp,48
5377.bmp,49
5378.bmp,50
5379.bmp,51
5380.bmp,52
5381.bmp,53
5382.bmp,54
5383.bmp,55
5384.bmp,56
5385.bmp,57
5386.bmp,58
5387.bmp,59
5388.bmp,60
5389.bmp,61
5390.bmp,62
5391.bmp,63
5392.bmp,64
5393.bmp,65
5394.bmp,66
5395.bmp,67
5396.bmp,68
5397.bmp,69
5398.bmp,70
5399.bmp,71
5400.bmp,72
5401.bmp,73
5402.bmp,74
5403.bmp,75
5404.bmp,76
5405.bmp,77
5406.bmp,78
5407.bmp,79
5408.bmp,0
5409.bmp,81
5410.bmp,82
5411.bmp,83
5412.bmp,84
5413.bmp,85
5414.bmp,86
5415.bmp,87
5416.bmp,88
5417.bmp,89
5418.bmp,90
5419.bmp,91
5420.bmp,92
5421.bmp,93
5422.bmp,94
5423.bmp,95
5424.bmp,96
5425.bmp,97
5426.bmp,98
5427.bmp,99
5428.bmp,100
5429.bmp,101
5430.bmp,102
5431.bmp,103
5432.bmp,104
5433.bmp,105
5434.bmp,106
5435.bmp,107
5436.bmp,108
5437.bmp,109
5438.bmp,110
5439.bmp,111
5440.bmp,112
5441.bmp,113
5442.bmp,114
5443.bmp,115
5444.bmp,116
5445.bmp,117
5446.bmp,118
5447.bmp,119
5448.bmp,120
5449.bmp,121
5450.bmp,122
5451.bmp,123
5452.bmp,124
5453.bmp,125
5454.bmp,126
5455.bmp,127
5456.bmp,128
5457.bmp,129
5458.bmp,130
5459.bmp,131
5460.bmp,132
5461.bmp,133
5462.bmp,134
5463.bmp,135
5464.bmp,136
5465.bmp,137
5466.bmp,138
5467.bmp,139
5468.bmp,140
5469.bmp,141
5470.bmp,142
5471.bmp,143
5472.bmp,144
5473.bmp,145
5474.bmp,146
5475.bmp,147
5476.bmp,148
5477.bmp,149
5478.bmp,150
5479.bmp,151
5480.bmp,152
5481.bmp,153
5482.bmp,154
5483.bmp,155
5484.bmp,1
5485.bmp,7
5486.bmp,8
5487.bmp,18
5488.bmp,21
5489.bmp,22
5490.bmp,23
5491.bmp,24
5492.bmp,25
5493.bmp,26
5494.bmp,27
5495.bmp,28
5496.bmp,29
5497.bmp,30
5498.bmp,31
5499.bmp,32
5500.bmp,33
5501.bmp,34
5502.bmp,35
5503.bmp,36
5504.bmp,37
5505.bmp,38
5506.bmp,39
5507.bmp,40
5508.bmp,41
5509.bmp,42
5510.bmp,43
5511.bmp,44
5512.bmp,45
5513.bmp,46
5514.bmp,47
5515.bmp,48
5516.bmp,49
5517.bmp,50
5518.bmp,51
5519.bmp,52
5520.bmp,53
5521.bmp,54
5522.bmp,55
5523.bmp,56
5524.bmp,57
5525.bmp,58
5526.bmp,59
5527.bmp,60
5528.bmp,61
5529.bmp,62
5530.bmp,63
5531.bmp,64
5532.bmp,65
5533.bmp,66
5534.bmp,67
5535.bmp,68
5536.bmp,69
5537.bmp,70
5538.bmp,71
5539.bmp,72
5540.bmp,73
5541.bmp,74
5542.bmp,75
5543.bmp,76
5544.bmp,77
5545.bmp,78
5546.bmp,79
5547.bmp,0
5548.bmp,81
5549.bmp,82
5550.bmp,83
5551.bmp,84
5552.bmp,85
5553.bmp,86
5554.bmp,87
5555.bmp,88
5556.bmp,89
5557.bmp,90
5558.bmp,91
5559.bmp,92
5560.bmp,93
5561.bmp,94
5562.bmp,95
5563.bmp,96
5564.bmp,97
5565.bmp,98
5566.bmp,99
5567.bmp,100
5568.bmp,101
5569.bmp,102
5570.bmp,103
5571.bmp,104
5572.bmp,105
5573.bmp,106
5574.bmp,107
5575.bmp,108
5576.bmp,109
5577.bmp,110
5578.bmp,111
5579.bmp,112
5580.bmp,113
5581.bmp,114
5582.bmp,115
5583.bmp,116
5584.bmp,117
5585.bmp,118
5586.bmp,119
5587.bmp,120
5588.bmp,121
5589.bmp,122
5590.bmp,123
5591.bmp,124
5592.bmp,125
5593.bmp,126
5594.bmp,127
5595.bmp,128
5596.bmp,129
5597.bmp,130
5598.bmp,131
5599.bmp,132
5600.bmp,133
5601.bmp,134
5602.bmp,135
5603.bmp,136
5604.bmp,137
5605.bmp,138
5606.bmp,139
5607.bmp,140
5608.bmp,141
5609.bmp,142
5610.bmp,143
5611.bmp,144
5612.bmp,145
5613.bmp,146
5614.bmp,147
5615.bmp,148
5616.bmp,149
5617.bmp,150
5618.bmp,151
5619.bmp,152
5620.bmp,153
5621.bmp,154
5622.bmp,155
5623.bmp,1
5624.bmp,7
5625.bmp,8
5626.bmp,18
5627.bmp,21
5628.bmp,22
5629.bmp,23
5630.bmp,24
5631.bmp,25
5632.bmp,26
5633.bmp,27
5634.bmp,28
5635.bmp,29
5636.bmp,30
5637.bmp,31
5638.bmp,32
5639.bmp,33
5640.bmp,34
5641.bmp,35
5642.bmp,36
5643.bmp,37
5644.bmp,38
5645.bmp,39
5646.bmp,40
5647.bmp,41
5648.bmp,42
5649.bmp,43
5650.bmp,44
5651.bmp,45
5652.bmp,46
5653.bmp,47
5654.bmp,48
5655.bmp,49
5656.bmp,50
5657.bmp,51
5658.bmp,52
5659.bmp,53
5660.bmp,54
5661.bmp,55
5662.bmp,56
5663.bmp,57
5664.bmp,58
5665.bmp,59
5666.bmp,60
5667.bmp,61
5668.bmp,62
5669.bmp,63
5670.bmp,64
5671.bmp,65
5672.bmp,66
5673.bmp,67
5674.bmp,68
5675.bmp,69
5676.bmp,70
5677.bmp,71
5678.bmp,72
5679.bmp,73
5680.bmp,74
5681.bmp,75
5682.bmp,76
5683.bmp,77
5684.bmp,78
5685.bmp,79
5686.bmp,0
5687.bmp,81
5688.bmp,82
5689.bmp,83
5690.bmp,84
5691.bmp,85
5692.bmp,86
5693.bmp,87
5694.bmp,88
5695.bmp,89
5696.bmp,90
5697.bmp,91
5698.bmp,92
5699.bmp,93
5700.bmp,94
5701.bmp,95
5702.bmp,96
5703.bmp,97
5704.bmp,98
5705.bmp,99
5706.bmp,100
5707.bmp,101
5708.bmp,102
5709.bmp,103
5710.bmp,104
5711.bmp,105
5712.bmp,106
5713.bmp,107
5714.bmp,108
5715.bmp,109
5716.bmp,110
5717.bmp,111
5718.bmp,112
5719.bmp,113
5720.bmp,114
5721.bmp,115
5722.bmp,116
5723.bmp,117
5724.bmp,118
5725.bmp,119
5726.bmp,120
5727.bmp,121
5728.bmp,122
5729.bmp,123
5730.bmp,124
5731.bmp,125
5732.bmp,126
5733.bmp,127
5734.bmp,128
5735.bmp,129
5736.bmp,130
5737.bmp,131
5738.bmp,132
5739.bmp,133
5740.bmp,134
5741.bmp,135
5742.bmp,136
5743.bmp,137
5744.bmp,138
5745.bmp,139
5746.bmp,140
5747.bmp,141
5748.bmp,142
5749.bmp,143
5750.bmp,144
5751.bmp,145
5752.bmp,146
5753.bmp,147
5754.bmp,148
5755.bmp,149
5756.bmp,150
5757.bmp,151
5758.bmp,152
5759.bmp,153
5760.bmp,154
5761.bmp,155
5762.bmp,1
5763.bmp,7
5764.bmp,8
5765.bmp,18
5766.bmp,21
5767.bmp,22
5768.bmp,23
5769.bmp,24
5770.bmp,25
5771.bmp,26
5772.bmp,27
5773.bmp,28
5774.bmp,29
5775.bmp,30
5776.bmp,31
5777.bmp,32
5778.bmp,33
5779.bmp,34
5780.bmp,35
5781.bmp,36
5782.bmp,37
5783.bmp,38
5784.bmp,39
5785.bmp,40
5786.bmp,41
5787.bmp,42
5788.bmp,43
5789.bmp,44
5790.bmp,45
5791.bmp,46
5792.bmp,47
5793.bmp,48
5794.bmp,49
5795.bmp,50
5796.bmp,51
5797.bmp,52
5798.bmp,53
5799.bmp,54
5800.bmp,55
5801.bmp,56
5802.bmp,57
5803.bmp,58
5804.bmp,59
5805.bmp,60
5806.bmp,61
5807.bmp,62
5808.bmp,63
5809.bmp,64
5810.bmp,65
5811.bmp,66
5812.bmp,67
5813.bmp,68
5814.bmp,69
5815.bmp,70
5816.bmp,71
5817.bmp,72
5818.bmp,73
5819.bmp,74
5820.bmp,75
5821.bmp,76
5822.bmp,77
5823.bmp,78
5824.bmp,79
5825.bmp,0
5826.bmp,81
5827.bmp,82
5828.bmp,83
5829.bmp,84
5830.bmp,85
5831.bmp,86
5832.bmp,87
5833.bmp,88
5834.bmp,89
5835.bmp,90
5836.bmp,91
5837.bmp,92
5838.bmp,93
5839.bmp,94
5840.bmp,95
5841.bmp,96
5842.bmp,97
5843.bmp,98
5844.bmp,99
5845.bmp,100
5846.bmp,101
5847.bmp,102
5848.bmp,103
5849.bmp,104
5850.bmp,105
5851.bmp,106
5852.bmp,107
5853.bmp,108
5854.bmp,109
5855.bmp,110
5856.bmp,111
5857.bmp,112
5858.bmp,113
5859.bmp,114
5860.bmp,115
5861.bmp,116
5862.bmp,117
5863.bmp,118
5864.bmp,119
5865.bmp,120
5866.bmp,121
5867.bmp,122
5868.bmp,123
5869.bmp,124
5870.bmp,125
5871.bmp,126
5872.bmp,127
5873.bmp,128
5874.bmp,129
5875.bmp,130
5876.bmp,131
5877.bmp,132
5878.bmp,133
5879.bmp,134
5880.bmp,135
5881.bmp,136
5882.bmp,137
5883.bmp,138
5884.bmp,139
5885.bmp,140
5886.bmp,141
5887.bmp,142
5888.bmp,143
5889.bmp,144
5890.bmp,145
5891.bmp,146
5892.bmp,147
5893.bmp,148
5894.bmp,149
5895.bmp,150
5896.bmp,151
5897.bmp,152
5898.bmp,153
5899.bmp,154
5900.bmp,155
5901.bmp,1
5902.bmp,7
5903.bmp,8
5904.bmp,18
5905.bmp,21
5906.bmp,22
5907.bmp,23
5908.bmp,24
5909.bmp,25
5910.bmp,26
5911.bmp,27
5912.bmp,28
5913.bmp,29
5914.bmp,30
5915.bmp,31
5916.bmp,32
5917.bmp,33
5918.bmp,34
5919.bmp,35
5920.bmp,36
5921.bmp,37
5922.bmp,38
5923.bmp,39
5924.bmp,40
5925.bmp,41
5926.bmp,42
5927.bmp,43
5928.bmp,44
5929.bmp,45
5930.bmp,46
5931.bmp,47
5932.bmp,48
5933.bmp,49
5934.bmp,50
5935.bmp,51
5936.bmp,52
5937.bmp,53
5938.bmp,54
5939.bmp,55
5940.bmp,56
5941.bmp,57
5942.bmp,58
5943.bmp,59
5944.bmp,60
5945.bmp,61
5946.bmp,62
5947.bmp,63
5948.bmp,64
5949.bmp,65
5950.bmp,66
5951.bmp,67
5952.bmp,68
5953.bmp,69
5954.bmp,70
5955.bmp,71
5956.bmp,72
5957.bmp,73
5958.bmp,74
5959.bmp,75
5960.bmp,76
5961.bmp,77
5962.bmp,78
5963.bmp,79
5964.bmp,0
5965.bmp,81
5966.bmp,82
5967.bmp,83
5968.bmp,84
5969.bmp,85
5970.bmp,86
5971.bmp,87
5972.bmp,88
5973.bmp,89
5974.bmp,90
5975.bmp,91
5976.bmp,92
5977.bmp,93
5978.bmp,94
5979.bmp,95
5980.bmp,96
5981.bmp,97
5982.bmp,98
5983.bmp,99
5984.bmp,100
5985.bmp,101
5986.bmp,102
5987.bmp,103
5988.bmp,104
5989.bmp,105
5990.bmp,106
5991.bmp,107
5992.bmp,108
5993.bmp,109
5994.bmp,110
5995.bmp,111
5996.bmp,112
5997.bmp,113
5998.bmp,114
5999.bmp,115
6000.bmp,116
6001.bmp,117
6002.bmp,118
6003.bmp,119
6004.bmp,120
6005.bmp,121
6006.bmp,122
6007.bmp,123
6008.bmp,124
6009.bmp,125
6010.bmp,126
6011.bmp,127
6012.bmp,128
6013.bmp,129
6014.bmp,130
6015.bmp,131
6016.bmp,132
6017.bmp,133
6018.bmp,134
6019.bmp,135
6020.bmp,136
6021.bmp,137
6022.bmp,138
6023.bmp,139
6024.bmp,140
6025.bmp,141
6026.bmp,142
6027.bmp,143
6028.bmp,144
6029.bmp,145
6030.bmp,146
6031.bmp,147
6032.bmp,148
6033.bmp,149
6034.bmp,150
6035.bmp,151
6036.bmp,152
6037.bmp,153
6038.bmp,154
6039.bmp,155
6040.bmp,1
6041.bmp,7
6042.bmp,8
6043.bmp,18
6044.bmp,21
6045.bmp,22
6046.bmp,23
6047.bmp,24
6048.bmp,25
6049.bmp,26
6050.bmp,27
6051.bmp,28
6052.bmp,29
6053.bmp,30
6054.bmp,31
6055.bmp,32
6056.bmp,33
6057.bmp,34
6058.bmp,35
6059.bmp,36
6060.bmp,37
6061.bmp,38
6062.bmp,39
6063.bmp,40
6064.bmp,41
6065.bmp,42
6066.bmp,43
6067.bmp,44
6068.bmp,45
6069.bmp,46
6070.bmp,47
6071.bmp,48
6072.bmp,49
6073.bmp,50
6074.bmp,51
6075.bmp,52
6076.bmp,53
6077.bmp,54
6078.bmp,55
6079.bmp,56
6080.bmp,57
6081.bmp,58
6082.bmp,59
6083.bmp,60
6084.bmp,61
6085.bmp,62
6086.bmp,63
6087.bmp,64
6088.bmp,65
6089.bmp,66
6090.bmp,67
6091.bmp,68
6092.bmp,69
6093.bmp,70
6094.bmp,71
6095.bmp,72
6096.bmp,73
6097.bmp,74
6098.bmp,75
6099.bmp,76
6100.bmp,77
6101.bmp,78
6102.bmp,79
6103.bmp,0
6104.bmp,81
6105.bmp,82
6106.bmp,83
6107.bmp,84
6108.bmp,85
6109.bmp,86
6110.bmp,87
6111.bmp,88
6112.bmp,89
6113.bmp,90
6114.bmp,91
6115.bmp,92
6116.bmp,93
6117.bmp,94
6118.bmp,95
6119.bmp,96
6120.bmp,97
6121.bmp,98
6122.bmp,99
6123.bmp,100
6124.bmp,101
6125.bmp,102
6126.bmp,103
6127.bmp,104
6128.bmp,105
6129.bmp,106
6130.bmp,107
6131.bmp,108
6132.bmp,109
6133.bmp,110
6134.bmp,111
6135.bmp,112
6136.bmp,113
6137.bmp,114
6138.bmp,115
6139.bmp,116
6140.bmp,117
6141.bmp,118
6142.bmp,119
6143.bmp,120
6144.bmp,121
6145.bmp,122
6146.bmp,123
6147.bmp,124
6148.bmp,125
6149.bmp,126
6150.bmp,127
6151.bmp,128
6152.bmp,129
6153.bmp,130
6154.bmp,131
6155.bmp,132
6156.bmp,133
6157.bmp,134
6158.bmp,135
6159.bmp,136
6160.bmp,137
6161.bmp,138
6162.bmp,139
6163.bmp,140
6164.bmp,141
6165.bmp,142
6166.bmp,143
6167.bmp,144
6168.bmp,145
6169.bmp,146
6170.bmp,147
6171.bmp,148
6172.bmp,149
6173.bmp,150
6174.bmp,151
6175.bmp,152
6176.bmp,153
6177.bmp,154
6178.bmp,155
6179.bmp,1
6180.bmp,7
6181.bmp,8
6182.bmp,18
6183.bmp,21
6184.bmp,22
6185.bmp,23
6186.bmp,24
6187.bmp,25
6188.bmp,26
6189.bmp,27
6190.bmp,28
6191.bmp,29
6192.bmp,30
6193.bmp,31
6194.bmp,32
6195.bmp,33
6196.bmp,34
6197.bmp,35
6198.bmp,36
6199.bmp,37
6200.bmp,38
6201.bmp,39
6202.bmp,40
6203.bmp,41
6204.bmp,42
6205.bmp,43
6206.bmp,44
6207.bmp,45
6208.bmp,46
6209.bmp,47
6210.bmp,48
6211.bmp,49
6212.bmp,50
6213.bmp,51
6214.bmp,52
6215.bmp,53
6216.bmp,54
6217.bmp,55
6218.bmp,56
6219.bmp,57
6220.bmp,58
6221.bmp,59
6222.bmp,60
6223.bmp,61
6224.bmp,62
6225.bmp,63
6226.bmp,64
6227.bmp,65
6228.bmp,66
6229.bmp,67
6230.bmp,68
6231.bmp,69
6232.bmp,70
6233.bmp,71
6234.bmp,72
6235.bmp,73
6236.bmp,74
6237.bmp,75
6238.bmp,76
6239.bmp,77
6240.bmp,78
6241.bmp,79
6242.bmp,0
6243.bmp,81
6244.bmp,82
6245.bmp,83
6246.bmp,84
6247.bmp,85
6248.bmp,86
6249.bmp,87
6250.bmp,88
6251.bmp,89
6252.bmp,90
6253.bmp,91
6254.bmp,92
6255.bmp,93
6256.bmp,94
6257.bmp,95
6258.bmp,96
6259.bmp,97
6260.bmp,98
6261.bmp,99
6262.bmp,100
6263.bmp,101
6264.bmp,102
6265.bmp,103
6266.bmp,104
6267.bmp,105
6268.bmp,106
6269.bmp,107
6270.bmp,108
6271.bmp,109
6272.bmp,110
6273.bmp,111
6274.bmp,112
6275.bmp,113
6276.bmp,114
6277.bmp,115
6278.bmp,116
6279.bmp,117
6280.bmp,118
6281.bmp,119
6282.bmp,120
6283.bmp,121
6284.bmp,122
6285.bmp,123
6286.bmp,124
6287.bmp,125
6288.bmp,126
6289.bmp,127
6290.bmp,128
6291.bmp,129
6292.bmp,130
6293.bmp,131
6294.bmp,132
6295.bmp,133
6296.bmp,134
6297.bmp,135
6298.bmp,136
6299.bmp,137
6300.bmp,138
6301.bmp,139
6302.bmp,140
6303.bmp,141
6304.bmp,142
6305.bmp,143
6306.bmp,144
6307.bmp,145
6308.bmp,146
6309.bmp,147
6310.bmp,148
6311.bmp,149
6312.bmp,150
6313.bmp,151
6314.bmp,152
6315.bmp,153
6316.bmp,154
6317.bmp,155
6318.bmp,1
6319.bmp,7
6320.bmp,8
6321.bmp,18
6322.bmp,21
6323.bmp,22
6324.bmp,23
6325.bmp,24
6326.bmp,25
6327.bmp,26
6328.bmp,27
6329.bmp,28
6330.bmp,29
6331.bmp,30
6332.bmp,31
6333.bmp,32
6334.bmp,33
6335.bmp,34
6336.bmp,35
6337.bmp,36
6338.bmp,37
6339.bmp,38
6340.bmp,39
6341.bmp,40
6342.bmp,41
6343.bmp,42
6344.bmp,43
6345.bmp,44
6346.bmp,45
6347.bmp,46
6348.bmp,47
6349.bmp,48
6350.bmp,49
6351.bmp,50
6352.bmp,51
6353.bmp,52
6354.bmp,53
6355.bmp,54
6356.bmp,55
6357.bmp,56
6358.bmp,57
6359.bmp,58
6360.bmp,59
6361.bmp,60
6362.bmp,61
6363.bmp,62
6364.bmp,63
6365.bmp,64
6366.bmp,65
6367.bmp,66
6368.bmp,67
6369.bmp,68
6370.bmp,69
6371.bmp,70
6372.bmp,71
6373.bmp,72
6374.bmp,73
6375.bmp,74
6376.bmp,75
6377.bmp,76
6378.bmp,77
6379.bmp,78
6380.bmp,79
6381.bmp,0
6382.bmp,81
6383.bmp,82
6384.bmp,83
6385.bmp,84
6386.bmp,85
6387.bmp,86
6388.bmp,87
6389.bmp,88
6390.bmp,89
6391.bmp,90
6392.bmp,91
6393.bmp,92
6394.bmp,93
6395.bmp,94
6396.bmp,95
6397.bmp,96
6398.bmp,97
6399.bmp,98
6400.bmp,99
6401.bmp,100
6402.bmp,101
6403.bmp,102
6404.bmp,103
6405.bmp,104
6406.bmp,105
6407.bmp,106
6408.bmp,107
6409.bmp,108
6410.bmp,109
6411.bmp,110
6412.bmp,111
6413.bmp,112
6414.bmp,113
6415.bmp,114
6416.bmp,115
6417.bmp,116
6418.bmp,117
6419.bmp,118
6420.bmp,119
6421.bmp,120
6422.bmp,121
6423.bmp,122
6424.bmp,123
6425.bmp,124
6426.bmp,125
6427.bmp,126
6428.bmp,127
6429.bmp,128
6430.bmp,129
6431.bmp,130
6432.bmp,131
6433.bmp,132
6434.bmp,133
6435.bmp,134
6436.bmp,135
6437.bmp,136
6438.bmp,137
6439.bmp,138
6440.bmp,139
6441.bmp,140
6442.bmp,141
6443.bmp,142
6444.bmp,143
6445.bmp,144
6446.bmp,145
6447.bmp,146
6448.bmp,147
6449.bmp,148
6450.bmp,149
6451.bmp,150
6452.bmp,151
6453.bmp,152
6454.bmp,153
6455.bmp,154
6456.bmp,155
6457.bmp,1
6458.bmp,7
6459.bmp,8
6460.bmp,18
6461.bmp,21
6462.bmp,22
6463.bmp,23
6464.bmp,24
6465.bmp,25
6466.bmp,26
6467.bmp,27
6468.bmp,28
6469.bmp,29
6470.bmp,30
6471.bmp,31
6472.bmp,32
6473.bmp,33
6474.bmp,34
6475.bmp,35
6476.bmp,36
6477.bmp,37
6478.bmp,38
6479.bmp,39
6480.bmp,40
6481.bmp,41
6482.bmp,42
6483.bmp,43
6484.bmp,44
6485.bmp,45
6486.bmp,46
6487.bmp,47
6488.bmp,48
6489.bmp,49
6490.bmp,50
6491.bmp,51
6492.bmp,52
6493.bmp,53
6494.bmp,54
6495.bmp,55
6496.bmp,56
6497.bmp,57
6498.bmp,58
6499.bmp,59
6500.bmp,60
6501.bmp,61
6502.bmp,62
6503.bmp,63
6504.bmp,64
6505.bmp,65
6506.bmp,66
6507.bmp,67
6508.bmp,68
6509.bmp,69
6510.bmp,70
6511.bmp,71
6512.bmp,72
6513.bmp,73
6514.bmp,74
6515.bmp,75
6516.bmp,76
6517.bmp,77
6518.bmp,78
6519.bmp,79
6520.bmp,0
6521.bmp,81
6522.bmp,82
6523.bmp,83
6524.bmp,84
6525.bmp,85
6526.bmp,86
6527.bmp,87
6528.bmp,88
6529.bmp,89
6530.bmp,90
6531.bmp,91
6532.bmp,92
6533.bmp,93
6534.bmp,94
6535.bmp,95
6536.bmp,96
6537.bmp,97
6538.bmp,98
6539.bmp,99
6540.bmp,100
6541.bmp,101
6542.bmp,102
6543.bmp,103
6544.bmp,104
6545.bmp,105
6546.bmp,106
6547.bmp,107
6548.bmp,108
6549.bmp,109
6550.bmp,110
6551.bmp,111
6552.bmp,112
6553.bmp,113
6554.bmp,114
6555.bmp,115
6556.bmp,116
6557.bmp,117
6558.bmp,118
6559.bmp,119
6560.bmp,120
6561.bmp,121
6562.bmp,122
6563.bmp,123
6564.bmp,124
6565.bmp,125
6566.bmp,126
6567.bmp,127
6568.bmp,128
6569.bmp,129
6570.bmp,130
6571.bmp,131
6572.bmp,132
6573.bmp,133
6574.bmp,134
6575.bmp,135
6576.bmp,136
6577.bmp,137
6578.bmp,138
6579.bmp,139
6580.bmp,140
6581.bmp,141
6582.bmp,142
6583.bmp,143
6584.bmp,144
6585.bmp,145
6586.bmp,146
6587.bmp,147
6588.bmp,148
6589.bmp,149
6590.bmp,150
6591.bmp,151
6592.bmp,152
6593.bmp,153
6594.bmp,154
6595.bmp,155
6596.bmp,1
6597.bmp,2
6598.bmp,7
6599.bmp,8
6600.bmp,18
6601.bmp,21
6602.bmp,22
6603.bmp,23
6604.bmp,24
6605.bmp,25
6606.bmp,26
6607.bmp,27
6608.bmp,28
6609.bmp,29
6610.bmp,30
6611.bmp,31
6612.bmp,32
6613.bmp,33
6614.bmp,34
6615.bmp,35
6616.bmp,36
6617.bmp,37
6618.bmp,38
6619.bmp,39
6620.bmp,40
6621.bmp,41
6622.bmp,42
6623.bmp,43
6624.bmp,44
6625.bmp,45
6626.bmp,46
6627.bmp,47
6628.bmp,48
6629.bmp,49
6630.bmp,50
6631.bmp,51
6632.bmp,52
6633.bmp,53
6634.bmp,54
6635.bmp,55
6636.bmp,56
6637.bmp,57
6638.bmp,58
6639.bmp,59
6640.bmp,60
6641.bmp,61
6642.bmp,62
6643.bmp,63
6644.bmp,64
6645.bmp,65
6646.bmp,66
6647.bmp,67
6648.bmp,68
6649.bmp,69
6650.bmp,70
6651.bmp,71
6652.bmp,72
6653.bmp,73
6654.bmp,74
6655.bmp,75
6656.bmp,76
6657.bmp,77
6658.bmp,78
6659.bmp,79
6660.bmp,0
6661.bmp,81
6662.bmp,82
6663.bmp,83
6664.bmp,84
6665.bmp,85
6666.bmp,86
6667.bmp,87
6668.bmp,88
6669.bmp,89
6670.bmp,90
6671.bmp,91
6672.bmp,92
6673.bmp,93
6674.bmp,94
6675.bmp,95
6676.bmp,96
6677.bmp,97
6678.bmp,98
6679.bmp,99
6680.bmp,100
6681.bmp,101
6682.bmp,102
6683.bmp,103
6684.bmp,104
6685.bmp,105
6686.bmp,106
6687.bmp,107
6688.bmp,108
6689.bmp,109
6690.bmp,110
6691.bmp,111
6692.bmp,112
6693.bmp,113
6694.bmp,114
6695.bmp,115
6696.bmp,116
6697.bmp,117
6698.bmp,118
6699.bmp,119
6700.bmp,120
6701.bmp,121
6702.bmp,122
6703.bmp,123
6704.bmp,124
6705.bmp,125
6706.bmp,126
6707.bmp,127
6708.bmp,128
6709.bmp,129
6710.bmp,130
6711.bmp,131
6712.bmp,132
6713.bmp,133
6714.bmp,134
6715.bmp,135
6716.bmp,136
6717.bmp,137
6718.bmp,138
6719.bmp,139
6720.bmp,140
6721.bmp,141
6722.bmp,142
6723.bmp,143
6724.bmp,144
6725.bmp,145
6726.bmp,146
6727.bmp,147
6728.bmp,148
6729.bmp,149
6730.bmp,150
6731.bmp,151
6732.bmp,152
6733.bmp,153
6734.bmp,154
6735.bmp,155
6736.bmp,1
6737.bmp,2
6738.bmp,7
6739.bmp,8
6740.bmp,18
6741.bmp,21
6742.bmp,22
6743.bmp,23
6744.bmp,24
6745.bmp,25
6746.bmp,26
6747.bmp,27
6748.bmp,28
6749.bmp,29
6750.bmp,30
6751.bmp,31
6752.bmp,32
6753.bmp,33
6754.bmp,34
6755.bmp,35
6756.bmp,36
6757.bmp,37
6758.bmp,38
6759.bmp,39
6760.bmp,40
6761.bmp,41
6762.bmp,42
6763.bmp,43
6764.bmp,44
6765.bmp,45
6766.bmp,46
6767.bmp,47
6768.bmp,48
6769.bmp,49
6770.bmp,50
6771.bmp,51
6772.bmp,52
6773.bmp,53
6774.bmp,54
6775.bmp,55
6776.bmp,56
6777.bmp,57
6778.bmp,58
6779.bmp,59
6780.bmp,60
6781.bmp,61
6782.bmp,62
6783.bmp,63
6784.bmp,64
6785.bmp,65
6786.bmp,66
6787.bmp,67
6788.bmp,68
6789.bmp,69
6790.bmp,70
6791.bmp,71
6792.bmp,72
6793.bmp,73
6794.bmp,74
6795.bmp,75
6796.bmp,76
6797.bmp,77
6798.bmp,78
6799.bmp,79
6800.bmp,0
6801.bmp,81
6802.bmp,82
6803.bmp,83
6804.bmp,84
6805.bmp,85
6806.bmp,86
6807.bmp,87
6808.bmp,88
6809.bmp,89
6810.bmp,90
6811.bmp,91
6812.bmp,92
6813.bmp,93
6814.bmp,94
6815.bmp,95
6816.bmp,96
6817.bmp,97
6818.bmp,98
6819.bmp,99
6820.bmp,100
6821.bmp,101
6822.bmp,102
6823.bmp,103
6824.bmp,104
6825.bmp,105
6826.bmp,106
6827.bmp,107
6828.bmp,108
6829.bmp,109
6830.bmp,110
6831.bmp,111
6832.bmp,112
6833.bmp,113
6834.bmp,114
6835.bmp,115
6836.bmp,116
6837.bmp,117
6838.bmp,118
6839.bmp,119
6840.bmp,120
6841.bmp,121
6842.bmp,122
6843.bmp,123
6844.bmp,124
6845.bmp,125
6846.bmp,126
6847.bmp,127
6848.bmp,128
6849.bmp,129
6850.bmp,130
6851.bmp,131
6852.bmp,132
6853.bmp,133
6854.bmp,134
6855.bmp,135
6856.bmp,136
6857.bmp,137
6858.bmp,138
6859.bmp,139
6860.bmp,140
6861.bmp,141
6862.bmp,142
6863.bmp,143
6864.bmp,144
6865.bmp,145
6866.bmp,146
6867.bmp,147
6868.bmp,148
6869.bmp,149
6870.bmp,150
6871.bmp,151
6872.bmp,152
6873.bmp,153
6874.bmp,154
6875.bmp,155
6876.bmp,1
6877.bmp,2
6878.bmp,7
6879.bmp,8
6880.bmp,18
6881.bmp,21
6882.bmp,22
6883.bmp,23
6884.bmp,24
6885.bmp,25
6886.bmp,26
6887.bmp,27
6888.bmp,28
6889.bmp,29
6890.bmp,30
6891.bmp,31
6892.bmp,32
6893.bmp,33
6894.bmp,34
6895.bmp,35
6896.bmp,36
6897.bmp,37
6898.bmp,38
6899.bmp,39
6900.bmp,40
6901.bmp,41
6902.bmp,42
6903.bmp,43
6904.bmp,44
6905.bmp,45
6906.bmp,46
6907.bmp,47
6908.bmp,48
6909.bmp,49
6910.bmp,50
6911.bmp,51
6912.bmp,52
6913.bmp,53
6914.bmp,54
6915.bmp,55
6916.bmp,56
6917.bmp,57
6918.bmp,58
6919.bmp,59
6920.bmp,60
6921.bmp,61
6922.bmp,62
6923.bmp,63
6924.bmp,64
6925.bmp,65
6926.bmp,66
6927.bmp,67
6928.bmp,68
6929.bmp,69
6930.bmp,70
6931.bmp,71
6932.bmp,72
6933.bmp,73
6934.bmp,74
6935.bmp,75
6936.bmp,76
6937.bmp,77
6938.bmp,78
6939.bmp,79
6940.bmp,0
6941.bmp,81
6942.bmp,82
6943.bmp,83
6944.bmp,84
6945.bmp,85
6946.bmp,86
6947.bmp,87
6948.bmp,88
6949.bmp,89
6950.bmp,90
6951.bmp,91
6952.bmp,92
6953.bmp,93
6954.bmp,94
6955.bmp,95
6956.bmp,96
6957.bmp,97
6958.bmp,98
6959.bmp,99
6960.bmp,100
6961.bmp,101
6962.bmp,102
6963.bmp,103
6964.bmp,104
6965.bmp,105
6966.bmp,106
6967.bmp,107
6968.bmp,108
6969.bmp,109
6970.bmp,110
6971.bmp,111
6972.bmp,112
6973.bmp,113
6974.bmp,114
6975.bmp,115
6976.bmp,116
6977.bmp,117
6978.bmp,118
6979.bmp,119
6980.bmp,120
6981.bmp,121
6982.bmp,122
6983.bmp,123
6984.bmp,124
6985.bmp,125
6986.bmp,126
6987.bmp,127
6988.bmp,128
6989.bmp,129
6990.bmp,130
6991.bmp,131
6992.bmp,132
6993.bmp,133
6994.bmp,134
6995.bmp,135
6996.bmp,136
6997.bmp,137
6998.bmp,138
6999.bmp,139
7000.bmp,140
7001.bmp,141
7002.bmp,142
7003.bmp,143
7004.bmp,144
7005.bmp,145
7006.bmp,146
7007.bmp,147
7008.bmp,148
7009.bmp,149
7010.bmp,150
7011.bmp,151
7012.bmp,152
7013.bmp,153
7014.bmp,154
7015.bmp,155
7016.bmp,1
7017.bmp,2
7018.bmp,7
7019.bmp,8
7020.bmp,18
7021.bmp,21
7022.bmp,22
7023.bmp,23
7024.bmp,24
7025.bmp,25
7026.bmp,26
7027.bmp,27
7028.bmp,28
7029.bmp,29
7030.bmp,30
7031.bmp,31
7032.bmp,32
7033.bmp,33
7034.bmp,34
7035.bmp,35
7036.bmp,36
7037.bmp,37
7038.bmp,38
7039.bmp,39
7040.bmp,40
7041.bmp,41
7042.bmp,42
7043.bmp,43
7044.bmp,44
7045.bmp,45
7046.bmp,46
7047.bmp,47
7048.bmp,48
7049.bmp,49
7050.bmp,50
7051.bmp,51
7052.bmp,52
7053.bmp,53
7054.bmp,54
7055.bmp,55
7056.bmp,56
7057.bmp,57
7058.bmp,58
7059.bmp,59
7060.bmp,60
7061.bmp,61
7062.bmp,62
7063.bmp,63
7064.bmp,64
7065.bmp,65
7066.bmp,66
7067.bmp,67
7068.bmp,68
7069.bmp,69
7070.bmp,70
7071.bmp,71
7072.bmp,72
7073.bmp,73
7074.bmp,74
7075.bmp,75
7076.bmp,76
7077.bmp,77
7078.bmp,78
7079.bmp,79
7080.bmp,0
7081.bmp,81
7082.bmp,82
7083.bmp,83
7084.bmp,84
7085.bmp,85
7086.bmp,86
7087.bmp,87
7088.bmp,88
7089.bmp,89
7090.bmp,90
7091.bmp,91
7092.bmp,92
7093.bmp,93
7094.bmp,94
7095.bmp,95
7096.bmp,96
7097.bmp,97
7098.bmp,98
7099.bmp,99
7100.bmp,100
7101.bmp,101
7102.bmp,102
7103.bmp,103
7104.bmp,104
7105.bmp,105
7106.bmp,106
7107.bmp,107
7108.bmp,108
7109.bmp,109
7110.bmp,110
7111.bmp,111
7112.bmp,112
7113.bmp,113
7114.bmp,114
7115.bmp,115
7116.bmp,116
7117.bmp,117
7118.bmp,118
7119.bmp,119
7120.bmp,120
7121.bmp,121
7122.bmp,122
7123.bmp,123
7124.bmp,124
7125.bmp,125
7126.bmp,126
7127.bmp,127
7128.bmp,128
7129.bmp,129
7130.bmp,130
7131.bmp,131
7132.bmp,132
7133.bmp,133
7134.bmp,134
7135.bmp,135
7136.bmp,136
7137.bmp,137
7138.bmp,138
7139.bmp,139
7140.bmp,140
7141.bmp,141
7142.bmp,142
7143.bmp,143
7144.bmp,144
7145.bmp,145
7146.bmp,146
7147.bmp,147
7148.bmp,148
7149.bmp,149
7150.bmp,150
7151.bmp,151
7152.bmp,152
7153.bmp,153
7154.bmp,154
7155.bmp,155
7156.bmp,1
7157.bmp,2
7158.bmp,7
7159.bmp,8
7160.bmp,18
7161.bmp,21
7162.bmp,22
7163.bmp,23
7164.bmp,24
7165.bmp,25
7166.bmp,26
7167.bmp,27
7168.bmp,28
7169.bmp,29
7170.bmp,30
7171.bmp,31
7172.bmp,32
7173.bmp,33
7174.bmp,34
7175.bmp,35
7176.bmp,36
7177.bmp,37
7178.bmp,38
7179.bmp,39
7180.bmp,40
7181.bmp,41
7182.bmp,42
7183.bmp,43
7184.bmp,44
7185.bmp,45
7186.bmp,46
7187.bmp,47
7188.bmp,48
7189.bmp,49
7190.bmp,50
7191.bmp,51
7192.bmp,52
7193.bmp,53
7194.bmp,54
7195.bmp,55
7196.bmp,56
7197.bmp,57
7198.bmp,58
7199.bmp,59
7200.bmp,60
7201.bmp,61
7202.bmp,62
7203.bmp,63
7204.bmp,64
7205.bmp,65
7206.bmp,66
7207.bmp,67
7208.bmp,68
7209.bmp,69
7210.bmp,70
7211.bmp,71
7212.bmp,72
7213.bmp,73
7214.bmp,74
7215.bmp,75
7216.bmp,76
7217.bmp,77
7218.bmp,78
7219.bmp,79
7220.bmp,0
7221.bmp,81
7222.bmp,82
7223.bmp,83
7224.bmp,84
7225.bmp,85
7226.bmp,86
7227.bmp,87
7228.bmp,88
7229.bmp,89
7230.bmp,90
7231.bmp,91
7232.bmp,92
7233.bmp,93
7234.bmp,94
7235.bmp,95
7236.bmp,96
7237.bmp,97
7238.bmp,98
7239.bmp,99
7240.bmp,100
7241.bmp,101
7242.bmp,102
7243.bmp,103
7244.bmp,104
7245.bmp,105
7246.bmp,106
7247.bmp,107
7248.bmp,108
7249.bmp,109
7250.bmp,110
7251.bmp,111
7252.bmp,112
7253.bmp,113
7254.bmp,114
7255.bmp,115
7256.bmp,116
7257.bmp,117
7258.bmp,118
7259.bmp,119
7260.bmp,120
7261.bmp,121
7262.bmp,122
7263.bmp,123
7264.bmp,124
7265.bmp,125
7266.bmp,126
7267.bmp,127
7268.bmp,128
7269.bmp,129
7270.bmp,130
7271.bmp,131
7272.bmp,132
7273.bmp,133
7274.bmp,134
7275.bmp,135
7276.bmp,136
7277.bmp,137
7278.bmp,138
7279.bmp,139
7280.bmp,140
7281.bmp,141
7282.bmp,142
7283.bmp,143
7284.bmp,144
7285.bmp,145
7286.bmp,146
7287.bmp,147
7288.bmp,148
7289.bmp,149
7290.bmp,150
7291.bmp,151
7292.bmp,152
7293.bmp,153
7294.bmp,154
7295.bmp,155
7296.bmp,1
7297.bmp,2
7298.bmp,7
7299.bmp,8
7300.bmp,18
7301.bmp,21
7302.bmp,22
7303.bmp,23
7304.bmp,24
7305.bmp,25
7306.bmp,26
7307.bmp,27
7308.bmp,28
7309.bmp,29
7310.bmp,30
7311.bmp,31
7312.bmp,32
7313.bmp,33
7314.bmp,34
7315.bmp,35
7316.bmp,36
7317.bmp,37
7318.bmp,38
7319.bmp,39
7320.bmp,40
7321.bmp,41
7322.bmp,42
7323.bmp,43
7324.bmp,44
7325.bmp,45
7326.bmp,46
7327.bmp,47
7328.bmp,48
7329.bmp,49
7330.bmp,50
7331.bmp,51
7332.bmp,52
7333.bmp,53
7334.bmp,54
7335.bmp,55
7336.bmp,56
7337.bmp,57
7338.bmp,58
7339.bmp,59
7340.bmp,60
7341.bmp,61
7342.bmp,62
7343.bmp,63
7344.bmp,64
7345.bmp,65
7346.bmp,66
7347.bmp,67
7348.bmp,68
7349.bmp,69
7350.bmp,70
7351.bmp,71
7352.bmp,72
7353.bmp,73
7354.bmp,74
7355.bmp,75
7356.bmp,76
7357.bmp,77
7358.bmp,78
7359.bmp,79
7360.bmp,0
7361.bmp,81
7362.bmp,82
7363.bmp,83
7364.bmp,84
7365.bmp,85
7366.bmp,86
7367.bmp,87
7368.bmp,88
7369.bmp,89
7370.bmp,90
7371.bmp,91
7372.bmp,92
7373.bmp,93
7374.bmp,94
7375.bmp,95
7376.bmp,96
7377.bmp,97
7378.bmp,98
7379.bmp,99
7380.bmp,100
7381.bmp,101
7382.bmp,102
7383.bmp,103
7384.bmp,104
7385.bmp,105
7386.bmp,106
7387.bmp,107
7388.bmp,108
7389.bmp,109
7390.bmp,110
7391.bmp,111
7392.bmp,112
7393.bmp,113
7394.bmp,114
7395.bmp,115
7396.bmp,116
7397.bmp,117
7398.bmp,118
7399.bmp,119
7400.bmp,120
7401.bmp,121
7402.bmp,122
7403.bmp,123
7404.bmp,124
7405.bmp,125
7406.bmp,126
7407.bmp,127
7408.bmp,128
7409.bmp,129
7410.bmp,130
7411.bmp,131
7412.bmp,132
7413.bmp,133
7414.bmp,134
7415.bmp,135
7416.bmp,136
7417.bmp,137
7418.bmp,138
7419.bmp,139
7420.bmp,140
7421.bmp,141
7422.bmp,142
7423.bmp,143
7424.bmp,144
7425.bmp,145
7426.bmp,146
7427.bmp,147
7428.bmp,148
7429.bmp,149
7430.bmp,150
7431.bmp,151
7432.bmp,152
7433.bmp,153
7434.bmp,154
7435.bmp,155
7436.bmp,1
7437.bmp,2
7438.bmp,7
7439.bmp,8
7440.bmp,18
7441.bmp,21
7442.bmp,22
7443.bmp,23
7444.bmp,24
7445.bmp,25
7446.bmp,26
7447.bmp,27
7448.bmp,28
7449.bmp,29
7450.bmp,30
7451.bmp,31
7452.bmp,32
7453.bmp,33
7454.bmp,34
7455.bmp,35
7456.bmp,36
7457.bmp,37
7458.bmp,38
7459.bmp,39
7460.bmp,40
7461.bmp,41
7462.bmp,42
7463.bmp,43
7464.bmp,44
7465.bmp,45
7466.bmp,46
7467.bmp,47
7468.bmp,48
7469.bmp,49
7470.bmp,50
7471.bmp,51
7472.bmp,52
7473.bmp,53
7474.bmp,54
7475.bmp,55
7476.bmp,56
7477.bmp,57
7478.bmp,58
7479.bmp,59
7480.bmp,60
7481.bmp,61
7482.bmp,62
7483.bmp,63
7484.bmp,64
7485.bmp,65
7486.bmp,66
7487.bmp,67
7488.bmp,68
7489.bmp,69
7490.bmp,70
7491.bmp,71
7492.bmp,72
7493.bmp,73
7494.bmp,74
7495.bmp,75
7496.bmp,76
7497.bmp,77
7498.bmp,78
7499.bmp,79
7500.bmp,0
7501.bmp,81
7502.bmp,82
7503.bmp,83
7504.bmp,84
7505.bmp,85
7506.bmp,86
7507.bmp,87
7508.bmp,88
7509.bmp,89
7510.bmp,90
7511.bmp,91
7512.bmp,92
7513.bmp,93
7514.bmp,94
7515.bmp,95
7516.bmp,96
7517.bmp,97
7518.bmp,98
7519.bmp,99
7520.bmp,100
7521.bmp,101
7522.bmp,102
7523.bmp,103
7524.bmp,104
7525.bmp,105
7526.bmp,106
7527.bmp,107
7528.bmp,108
7529.bmp,109
7530.bmp,110
7531.bmp,111
7532.bmp,112
7533.bmp,113
7534.bmp,114
7535.bmp,115
7536.bmp,116
7537.bmp,117
7538.bmp,118
7539.bmp,119
7540.bmp,120
7541.bmp,121
7542.bmp,122
7543.bmp,123
7544.bmp,124
7545.bmp,125
7546.bmp,126
7547.bmp,127
7548.bmp,128
7549.bmp,129
7550.bmp,130
7551.bmp,131
7552.bmp,132
7553.bmp,133
7554.bmp,134
7555.bmp,135
7556.bmp,136
7557.bmp,137
7558.bmp,138
7559.bmp,139
7560.bmp,140
7561.bmp,141
7562.bmp,142
7563.bmp,143
7564.bmp,144
7565.bmp,145
7566.bmp,146
7567.bmp,147
7568.bmp,148
7569.bmp,149
7570.bmp,150
7571.bmp,151
7572.bmp,152
7573.bmp,153
7574.bmp,154
7575.bmp,155
7576.bmp,1
7577.bmp,2
7578.bmp,7
7579.bmp,8
7580.bmp,18
7581.bmp,21
7582.bmp,22
7583.bmp,23
7584.bmp,24
7585.bmp,25
7586.bmp,26
7587.bmp,27
7588.bmp,28
7589.bmp,29
7590.bmp,30
7591.bmp,31
7592.bmp,32
7593.bmp,33
7594.bmp,34
7595.bmp,35
7596.bmp,36
7597.bmp,37
7598.bmp,38
7599.bmp,39
7600.bmp,40
7601.bmp,41
7602.bmp,42
7603.bmp,43
7604.bmp,44
7605.bmp,45
7606.bmp,46
7607.bmp,47
7608.bmp,48
7609.bmp,49
7610.bmp,50
7611.bmp,51
7612.bmp,52
7613.bmp,53
7614.bmp,54
7615.bmp,55
7616.bmp,56
7617.bmp,57
7618.bmp,58
7619.bmp,59
7620.bmp,60
7621.bmp,61
7622.bmp,62
7623.bmp,63
7624.bmp,64
7625.bmp,65
7626.bmp,66
7627.bmp,67
7628.bmp,68
7629.bmp,69
7630.bmp,70
7631.bmp,71
7632.bmp,72
7633.bmp,73
7634.bmp,74
7635.bmp,75
7636.bmp,76
7637.bmp,77
7638.bmp,78
7639.bmp,79
7640.bmp,0
7641.bmp,81
7642.bmp,82
7643.bmp,83
7644.bmp,84
7645.bmp,85
7646.bmp,86
7647.bmp,87
7648.bmp,88
7649.bmp,89
7650.bmp,90
7651.bmp,91
7652.bmp,92
7653.bmp,93
7654.bmp,94
7655.bmp,95
7656.bmp,96
7657.bmp,97
7658.bmp,98
7659.bmp,99
7660.bmp,100
7661.bmp,101
7662.bmp,102
7663.bmp,103
7664.bmp,104
7665.bmp,105
7666.bmp,106
7667.bmp,107
7668.bmp,108
7669.bmp,109
7670.bmp,110
7671.bmp,111
7672.bmp,112
7673.bmp,113
7674.bmp,114
7675.bmp,115
7676.bmp,116
7677.bmp,117
7678.bmp,118
7679.bmp,119
7680.bmp,120
7681.bmp,121
7682.bmp,122
7683.bmp,123
7684.bmp,124
7685.bmp,125
7686.bmp,126
7687.bmp,127
7688.bmp,128
7689.bmp,129
7690.bmp,130
7691.bmp,131
7692.bmp,132
7693.bmp,133
7694.bmp,134
7695.bmp,135
7696.bmp,136
7697.bmp,137
7698.bmp,138
7699.bmp,139
7700.bmp,140
7701.bmp,141
7702.bmp,142
7703.bmp,143
7704.bmp,144
7705.bmp,145
7706.bmp,146
7707.bmp,147
7708.bmp,148
7709.bmp,149
7710.bmp,150
7711.bmp,151
7712.bmp,152
7713.bmp,153
7714.bmp,154
7715.bmp,155
7716.bmp,1
7717.bmp,2
7718.bmp,7
7719.bmp,8
7720.bmp,21
7721.bmp,22
7722.bmp,23
7723.bmp,24
7724.bmp,25
7725.bmp,26
7726.bmp,27
7727.bmp,28
7728.bmp,29
7729.bmp,30
7730.bmp,31
7731.bmp,32
7732.bmp,33
7733.bmp,34
7734.bmp,35
7735.bmp,36
7736.bmp,37
7737.bmp,38
7738.bmp,39
7739.bmp,40
7740.bmp,41
7741.bmp,42
7742.bmp,43
7743.bmp,44
7744.bmp,45
7745.bmp,46
7746.bmp,47
7747.bmp,48
7748.bmp,49
7749.bmp,50
7750.bmp,51
7751.bmp,52
7752.bmp,53
7753.bmp,54
7754.bmp,55
7755.bmp,56
7756.bmp,57
7757.bmp,58
7758.bmp,59
7759.bmp,60
7760.bmp,61
7761.bmp,62
7762.bmp,63
7763.bmp,64
7764.bmp,65
7765.bmp,66
7766.bmp,67
7767.bmp,68
7768.bmp,69
7769.bmp,70
7770.bmp,71
7771.bmp,72
7772.bmp,73
7773.bmp,74
7774.bmp,75
7775.bmp,76
7776.bmp,77
7777.bmp,78
7778.bmp,79
7779.bmp,0
7780.bmp,81
7781.bmp,82
7782.bmp,83
7783.bmp,84
7784.bmp,85
7785.bmp,86
7786.bmp,87
7787.bmp,88
7788.bmp,89
7789.bmp,90
7790.bmp,91
7791.bmp,92
7792.bmp,93
7793.bmp,94
7794.bmp,95
7795.bmp,96
7796.bmp,97
7797.bmp,98
7798.bmp,99
7799.bmp,100
7800.bmp,101
7801.bmp,102
7802.bmp,103
7803.bmp,104
7804.bmp,105
7805.bmp,106
7806.bmp,107
7807.bmp,108
7808.bmp,109
7809.bmp,110
7810.bmp,111
7811.bmp,112
7812.bmp,113
7813.bmp,114
7814.bmp,115
7815.bmp,116
7816.bmp,117
7817.bmp,118
7818.bmp,119
7819.bmp,120
7820.bmp,121
7821.bmp,122
7822.bmp,123
7823.bmp,124
7824.bmp,125
7825.bmp,126
7826.bmp,127
7827.bmp,128
7828.bmp,129
7829.bmp,130
7830.bmp,131
7831.bmp,132
7832.bmp,133
7833.bmp,134
7834.bmp,135
7835.bmp,136
7836.bmp,137
7837.bmp,138
7838.bmp,139
7839.bmp,140
7840.bmp,141
7841.bmp,142
7842.bmp,143
7843.bmp,144
7844.bmp,145
7845.bmp,146
7846.bmp,147
7847.bmp,148
7848.bmp,149
7849.bmp,150
7850.bmp,151
7851.bmp,152
7852.bmp,153
7853.bmp,154
7854.bmp,155
7855.bmp,1
7856.bmp,2
7857.bmp,7
7858.bmp,8
7859.bmp,21
7860.bmp,22
7861.bmp,23
7862.bmp,24
7863.bmp,25
7864.bmp,26
7865.bmp,27
7866.bmp,28
7867.bmp,29
7868.bmp,30
7869.bmp,31
7870.bmp,32
7871.bmp,33
7872.bmp,34
7873.bmp,35
7874.bmp,36
7875.bmp,37
7876.bmp,38
7877.bmp,39
7878.bmp,40
7879.bmp,41
7880.bmp,42
7881.bmp,43
7882.bmp,44
7883.bmp,45
7884.bmp,46
7885.bmp,47
7886.bmp,48
7887.bmp,49
7888.bmp,50
7889.bmp,51
7890.bmp,52
7891.bmp,53
7892.bmp,54
7893.bmp,55
7894.bmp,56
7895.bmp,57
7896.bmp,58
7897.bmp,59
7898.bmp,60
7899.bmp,61
7900.bmp,62
7901.bmp,63
7902.bmp,64
7903.bmp,65
7904.bmp,66
7905.bmp,67
7906.bmp,68
7907.bmp,69
7908.bmp,70
7909.bmp,71
7910.bmp,72
7911.bmp,73
7912.bmp,74
7913.bmp,75
7914.bmp,76
7915.bmp,77
7916.bmp,78
7917.bmp,79
7918.bmp,0
7919.bmp,81
7920.bmp,82
7921.bmp,83
7922.bmp,84
7923.bmp,85
7924.bmp,86
7925.bmp,87
7926.bmp,88
7927.bmp,89
7928.bmp,90
7929.bmp,91
7930.bmp,92
7931.bmp,93
7932.bmp,94
7933.bmp,95
7934.bmp,96
7935.bmp,97
7936.bmp,98
7937.bmp,99
7938.bmp,100
7939.bmp,101
7940.bmp,102
7941.bmp,103
7942.bmp,104
7943.bmp,105
7944.bmp,106
7945.bmp,107
7946.bmp,108
7947.bmp,109
7948.bmp,110
7949.bmp,111
7950.bmp,112
7951.bmp,113
7952.bmp,114
7953.bmp,115
7954.bmp,116
7955.bmp,117
7956.bmp,118
7957.bmp,119
7958.bmp,120
7959.bmp,121
7960.bmp,122
7961.bmp,123
7962.bmp,124
7963.bmp,125
7964.bmp,126
7965.bmp,127
7966.bmp,128
7967.bmp,129
7968.bmp,130
7969.bmp,131
7970.bmp,132
7971.bmp,133
7972.bmp,134
7973.bmp,135
7974.bmp,136
7975.bmp,137
7976.bmp,138
7977.bmp,139
7978.bmp,140
7979.bmp,141
7980.bmp,142
7981.bmp,143
7982.bmp,144
7983.bmp,145
7984.bmp,146
7985.bmp,147
7986.bmp,148
7987.bmp,149
7988.bmp,150
7989.bmp,151
7990.bmp,152
7991.bmp,153
7992.bmp,154
7993.bmp,155
7994.bmp,1
7995.bmp,2
7996.bmp,7
7997.bmp,8
7998.bmp,21
7999.bmp,22
8000.bmp,23
8001.bmp,24
8002.bmp,25
8003.bmp,26
8004.bmp,27
8005.bmp,28
8006.bmp,29
8007.bmp,30
8008.bmp,31
8009.bmp,32
8010.bmp,33
8011.bmp,34
8012.bmp,35
8013.bmp,36
8014.bmp,37
8015.bmp,38
8016.bmp,39
8017.bmp,40
8018.bmp,41
8019.bmp,42
8020.bmp,43
8021.bmp,44
8022.bmp,45
8023.bmp,46
8024.bmp,47
8025.bmp,48
8026.bmp,49
8027.bmp,50
8028.bmp,51
8029.bmp,52
8030.bmp,53
8031.bmp,54
8032.bmp,55
8033.bmp,56
8034.bmp,57
8035.bmp,58
8036.bmp,59
8037.bmp,60
8038.bmp,61
8039.bmp,62
8040.bmp,63
8041.bmp,64
8042.bmp,65
8043.bmp,66
8044.bmp,67
8045.bmp,68
8046.bmp,69
8047.bmp,70
8048.bmp,71
8049.bmp,72
8050.bmp,73
8051.bmp,74
8052.bmp,75
8053.bmp,76
8054.bmp,77
8055.bmp,78
8056.bmp,79
8057.bmp,0
8058.bmp,81
8059.bmp,82
8060.bmp,83
8061.bmp,84
8062.bmp,85
8063.bmp,86
8064.bmp,87
8065.bmp,88
8066.bmp,89
8067.bmp,90
8068.bmp,91
8069.bmp,92
8070.bmp,93
8071.bmp,94
8072.bmp,95
8073.bmp,96
8074.bmp,97
8075.bmp,98
8076.bmp,99
8077.bmp,100
8078.bmp,101
8079.bmp,102
8080.bmp,103
8081.bmp,104
8082.bmp,105
8083.bmp,106
8084.bmp,107
8085.bmp,108
8086.bmp,109
8087.bmp,110
8088.bmp,111
8089.bmp,112
8090.bmp,113
8091.bmp,114
8092.bmp,115
8093.bmp,116
8094.bmp,117
8095.bmp,118
8096.bmp,119
8097.bmp,120
8098.bmp,121
8099.bmp,122
8100.bmp,123
8101.bmp,124
8102.bmp,125
8103.bmp,126
8104.bmp,127
8105.bmp,128
8106.bmp,129
8107.bmp,130
8108.bmp,131
8109.bmp,132
8110.bmp,133
8111.bmp,134
8112.bmp,135
8113.bmp,136
8114.bmp,137
8115.bmp,138
8116.bmp,139
8117.bmp,140
8118.bmp,141
8119.bmp,142
8120.bmp,143
8121.bmp,144
8122.bmp,145
8123.bmp,146
8124.bmp,147
8125.bmp,148
8126.bmp,149
8127.bmp,150
8128.bmp,151
8129.bmp,152
8130.bmp,153
8131.bmp,154
8132.bmp,155
8133.bmp,1
8134.bmp,2
8135.bmp,7
8136.bmp,8
8137.bmp,21
8138.bmp,22
8139.bmp,23
8140.bmp,24
8141.bmp,25
8142.bmp,26
8143.bmp,27
8144.bmp,28
8145.bmp,29
8146.bmp,30
8147.bmp,31
8148.bmp,32
8149.bmp,33
8150.bmp,34
8151.bmp,35
8152.bmp,36
8153.bmp,37
8154.bmp,38
8155.bmp,39
8156.bmp,40
8157.bmp,41
8158.bmp,42
8159.bmp,43
8160.bmp,44
8161.bmp,45
8162.bmp,46
8163.bmp,47
8164.bmp,48
8165.bmp,49
8166.bmp,50
8167.bmp,51
8168.bmp,52
8169.bmp,53
8170.bmp,54
8171.bmp,55
8172.bmp,56
8173.bmp,57
8174.bmp,58
8175.bmp,59
8176.bmp,60
8177.bmp,61
8178.bmp,62
8179.bmp,63
8180.bmp,64
8181.bmp,65
8182.bmp,66
8183.bmp,67
8184.bmp,68
8185.bmp,69
8186.bmp,70
8187.bmp,71
8188.bmp,72
8189.bmp,73
8190.bmp,74
8191.bmp,75
8192.bmp,76
8193.bmp,77
8194.bmp,78
8195.bmp,79
8196.bmp,0
8197.bmp,81
8198.bmp,82
8199.bmp,83
8200.bmp,84
8201.bmp,85
8202.bmp,86
8203.bmp,87
8204.bmp,88
8205.bmp,89
8206.bmp,90
8207.bmp,91
8208.bmp,92
8209.bmp,93
8210.bmp,94
8211.bmp,95
8212.bmp,96
8213.bmp,97
8214.bmp,98
8215.bmp,99
8216.bmp,100
8217.bmp,101
8218.bmp,102
8219.bmp,103
8220.bmp,104
8221.bmp,105
8222.bmp,106
8223.bmp,107
8224.bmp,108
8225.bmp,109
8226.bmp,110
8227.bmp,111
8228.bmp,112
8229.bmp,113
8230.bmp,114
8231.bmp,115
8232.bmp,116
8233.bmp,117
8234.bmp,118
8235.bmp,119
8236.bmp,120
8237.bmp,121
8238.bmp,122
8239.bmp,123
8240.bmp,124
8241.bmp,125
8242.bmp,126
8243.bmp,127
8244.bmp,128
8245.bmp,129
8246.bmp,130
8247.bmp,131
8248.bmp,132
8249.bmp,133
8250.bmp,134
8251.bmp,135
8252.bmp,136
8253.bmp,137
8254.bmp,138
8255.bmp,139
8256.bmp,140
8257.bmp,141
8258.bmp,142
8259.bmp,143
8260.bmp,144
8261.bmp,145
8262.bmp,146
8263.bmp,147
8264.bmp,148
8265.bmp,149
8266.bmp,150
8267.bmp,151
8268.bmp,152
8269.bmp,153
8270.bmp,154
8271.bmp,155
8272.bmp,1
8273.bmp,2
8274.bmp,7
8275.bmp,8
8276.bmp,21
8277.bmp,22
8278.bmp,23
8279.bmp,24
8280.bmp,25
8281.bmp,26
8282.bmp,27
8283.bmp,28
8284.bmp,29
8285.bmp,30
8286.bmp,31
8287.bmp,32
8288.bmp,33
8289.bmp,34
8290.bmp,35
8291.bmp,36
8292.bmp,37
8293.bmp,38
8294.bmp,39
8295.bmp,40
8296.bmp,41
8297.bmp,42
8298.bmp,43
8299.bmp,44
8300.bmp,45
8301.bmp,46
8302.bmp,47
8303.bmp,48
8304.bmp,49
8305.bmp,50
8306.bmp,51
8307.bmp,52
8308.bmp,53
8309.bmp,54
8310.bmp,55
8311.bmp,56
8312.bmp,57
8313.bmp,58
8314.bmp,59
8315.bmp,60
8316.bmp,61
8317.bmp,62
8318.bmp,63
8319.bmp,64
8320.bmp,65
8321.bmp,66
8322.bmp,67
8323.bmp,68
8324.bmp,69
8325.bmp,70
8326.bmp,71
8327.bmp,72
8328.bmp,73
8329.bmp,74
8330.bmp,75
8331.bmp,76
8332.bmp,77
8333.bmp,78
8334.bmp,79
8335.bmp,0
8336.bmp,81
8337.bmp,82
8338.bmp,83
8339.bmp,84
8340.bmp,85
8341.bmp,86
8342.bmp,87
8343.bmp,88
8344.bmp,89
8345.bmp,90
8346.bmp,91
8347.bmp,92
8348.bmp,93
8349.bmp,94
8350.bmp,95
8351.bmp,96
8352.bmp,97
8353.bmp,98
8354.bmp,99
8355.bmp,100
8356.bmp,101
8357.bmp,102
8358.bmp,103
8359.bmp,104
8360.bmp,105
8361.bmp,106
8362.bmp,107
8363.bmp,108
8364.bmp,109
8365.bmp,110
8366.bmp,111
8367.bmp,112
8368.bmp,113
8369.bmp,114
8370.bmp,115
8371.bmp,116
8372.bmp,117
8373.bmp,118
8374.bmp,119
8375.bmp,120
8376.bmp,121
8377.bmp,122
8378.bmp,123
8379.bmp,124
8380.bmp,125
8381.bmp,126
8382.bmp,127
8383.bmp,128
8384.bmp,129
8385.bmp,130
8386.bmp,131
8387.bmp,132
8388.bmp,133
8389.bmp,134
8390.bmp,135
8391.bmp,136
8392.bmp,137
8393.bmp,138
8394.bmp,139
8395.bmp,140
8396.bmp,141
8397.bmp,142
8398.bmp,143
8399.bmp,144
8400.bmp,145
8401.bmp,146
8402.bmp,147
8403.bmp,148
8404.bmp,149
8405.bmp,150
8406.bmp,151
8407.bmp,152
8408.bmp,153
8409.bmp,154
8410.bmp,155
8411.bmp,1
8412.bmp,2
8413.bmp,7
8414.bmp,8
8415.bmp,21
8416.bmp,22
8417.bmp,23
8418.bmp,24
8419.bmp,25
8420.bmp,26
8421.bmp,27
8422.bmp,28
8423.bmp,29
8424.bmp,30
8425.bmp,31
8426.bmp,32
8427.bmp,33
8428.bmp,34
8429.bmp,35
8430.bmp,36
8431.bmp,37
8432.bmp,38
8433.bmp,39
8434.bmp,40
8435.bmp,41
8436.bmp,42
8437.bmp,43
8438.bmp,44
8439.bmp,45
8440.bmp,46
8441.bmp,47
8442.bmp,48
8443.bmp,49
8444.bmp,50
8445.bmp,51
8446.bmp,52
8447.bmp,53
8448.bmp,54
8449.bmp,55
8450.bmp,56
8451.bmp,57
8452.bmp,58
8453.bmp,59
8454.bmp,60
8455.bmp,61
8456.bmp,62
8457.bmp,63
8458.bmp,64
8459.bmp,65
8460.bmp,66
8461.bmp,67
8462.bmp,68
8463.bmp,69
8464.bmp,70
8465.bmp,71
8466.bmp,72
8467.bmp,73
8468.bmp,74
8469.bmp,75
8470.bmp,76
8471.bmp,77
8472.bmp,78
8473.bmp,79
8474.bmp,0
8475.bmp,81
8476.bmp,82
8477.bmp,83
8478.bmp,84
8479.bmp,85
8480.bmp,86
8481.bmp,87
8482.bmp,88
8483.bmp,89
8484.bmp,90
8485.bmp,91
8486.bmp,92
8487.bmp,93
8488.bmp,94
8489.bmp,95
8490.bmp,96
8491.bmp,97
8492.bmp,98
8493.bmp,99
8494.bmp,100
8495.bmp,101
8496.bmp,102
8497.bmp,103
8498.bmp,104
8499.bmp,105
8500.bmp,106
8501.bmp,107
8502.bmp,108
8503.bmp,109
8504.bmp,110
8505.bmp,111
8506.bmp,112
8507.bmp,113
8508.bmp,114
8509.bmp,115
8510.bmp,116
8511.bmp,117
8512.bmp,118
8513.bmp,119
8514.bmp,120
8515.bmp,121
8516.bmp,122
8517.bmp,123
8518.bmp,124
8519.bmp,125
8520.bmp,126
8521.bmp,127
8522.bmp,128
8523.bmp,129
8524.bmp,130
8525.bmp,131
8526.bmp,132
8527.bmp,133
8528.bmp,134
8529.bmp,135
8530.bmp,136
8531.bmp,137
8532.bmp,138
8533.bmp,139
8534.bmp,140
8535.bmp,141
8536.bmp,142
8537.bmp,143
8538.bmp,144
8539.bmp,145
8540.bmp,146
8541.bmp,147
8542.bmp,148
8543.bmp,149
8544.bmp,150
8545.bmp,151
8546.bmp,152
8547.bmp,153
8548.bmp,154
8549.bmp,155
8550.bmp,1
8551.bmp,2
8552.bmp,7
8553.bmp,8
8554.bmp,21
8555.bmp,22
8556.bmp,23
8557.bmp,24
8558.bmp,25
8559.bmp,26
8560.bmp,27
8561.bmp,28
8562.bmp,29
8563.bmp,30
8564.bmp,31
8565.bmp,32
8566.bmp,33
8567.bmp,34
8568.bmp,35
8569.bmp,36
8570.bmp,37
8571.bmp,38
8572.bmp,39
8573.bmp,40
8574.bmp,41
8575.bmp,42
8576.bmp,43
8577.bmp,44
8578.bmp,45
8579.bmp,46
8580.bmp,47
8581.bmp,48
8582.bmp,49
8583.bmp,50
8584.bmp,51
8585.bmp,52
8586.bmp,53
8587.bmp,54
8588.bmp,55
8589.bmp,56
8590.bmp,57
8591.bmp,58
8592.bmp,59
8593.bmp,60
8594.bmp,61
8595.bmp,62
8596.bmp,63
8597.bmp,64
8598.bmp,65
8599.bmp,66
8600.bmp,67
8601.bmp,68
8602.bmp,69
8603.bmp,70
8604.bmp,71
8605.bmp,72
8606.bmp,73
8607.bmp,74
8608.bmp,75
8609.bmp,76
8610.bmp,77
8611.bmp,78
8612.bmp,79
8613.bmp,0
8614.bmp,81
8615.bmp,82
8616.bmp,83
8617.bmp,84
8618.bmp,85
8619.bmp,86
8620.bmp,87
8621.bmp,88
8622.bmp,89
8623.bmp,90
8624.bmp,91
8625.bmp,92
8626.bmp,93
8627.bmp,94
8628.bmp,95
8629.bmp,96
8630.bmp,97
8631.bmp,98
8632.bmp,99
8633.bmp,100
8634.bmp,101
8635.bmp,102
8636.bmp,103
8637.bmp,104
8638.bmp,105
8639.bmp,106
8640.bmp,107
8641.bmp,108
8642.bmp,109
8643.bmp,110
8644.bmp,111
8645.bmp,112
8646.bmp,113
8647.bmp,114
8648.bmp,115
8649.bmp,116
8650.bmp,117
8651.bmp,118
8652.bmp,119
8653.bmp,120
8654.bmp,121
8655.bmp,122
8656.bmp,123
8657.bmp,124
8658.bmp,125
8659.bmp,126
8660.bmp,127
8661.bmp,128
8662.bmp,129
8663.bmp,130
8664.bmp,131
8665.bmp,132
8666.bmp,133
8667.bmp,134
8668.bmp,135
8669.bmp,136
8670.bmp,137
8671.bmp,138
8672.bmp,139
8673.bmp,140
8674.bmp,141
8675.bmp,142
8676.bmp,143
8677.bmp,144
8678.bmp,145
8679.bmp,146
8680.bmp,147
8681.bmp,148
8682.bmp,149
8683.bmp,150
8684.bmp,151
8685.bmp,152
8686.bmp,153
8687.bmp,154
8688.bmp,155
8689.bmp,1
8690.bmp,2
8691.bmp,7
8692.bmp,8
8693.bmp,21
8694.bmp,22
8695.bmp,23
8696.bmp,24
8697.bmp,25
8698.bmp,26
8699.bmp,27
8700.bmp,28
8701.bmp,29
8702.bmp,30
8703.bmp,31
8704.bmp,32
8705.bmp,33
8706.bmp,34
8707.bmp,35
8708.bmp,36
8709.bmp,37
8710.bmp,38
8711.bmp,39
8712.bmp,40
8713.bmp,41
8714.bmp,42
8715.bmp,43
8716.bmp,44
8717.bmp,45
8718.bmp,46
8719.bmp,47
8720.bmp,48
8721.bmp,49
8722.bmp,50
8723.bmp,51
8724.bmp,52
8725.bmp,53
8726.bmp,54
8727.bmp,55
8728.bmp,56
8729.bmp,57
8730.bmp,58
8731.bmp,59
8732.bmp,60
8733.bmp,61
8734.bmp,62
8735.bmp,63
8736.bmp,64
8737.bmp,65
8738.bmp,66
8739.bmp,67
8740.bmp,68
8741.bmp,69
8742.bmp,70
8743.bmp,71
8744.bmp,72
8745.bmp,73
8746.bmp,74
8747.bmp,75
8748.bmp,76
8749.bmp,77
8750.bmp,78
8751.bmp,79
8752.bmp,0
8753.bmp,81
8754.bmp,82
8755.bmp,83
8756.bmp,84
8757.bmp,85
8758.bmp,86
8759.bmp,87
8760.bmp,88
8761.bmp,89
8762.bmp,90
8763.bmp,91
8764.bmp,92
8765.bmp,93
8766.bmp,94
8767.bmp,95
8768.bmp,96
8769.bmp,97
8770.bmp,98
8771.bmp,99
8772.bmp,100
8773.bmp,101
8774.bmp,102
8775.bmp,103
8776.bmp,104
8777.bmp,105
8778.bmp,106
8779.bmp,107
8780.bmp,108
8781.bmp,109
8782.bmp,110
8783.bmp,111
8784.bmp,112
8785.bmp,113
8786.bmp,114
8787.bmp,115
8788.bmp,116
8789.bmp,117
8790.bmp,118
8791.bmp,119
8792.bmp,120
8793.bmp,121
8794.bmp,122
8795.bmp,123
8796.bmp,124
8797.bmp,125
8798.bmp,126
8799.bmp,127
8800.bmp,128
8801.bmp,129
8802.bmp,130
8803.bmp,131
8804.bmp,132
8805.bmp,133
8806.bmp,134
8807.bmp,135
8808.bmp,136
8809.bmp,137
8810.bmp,138
8811.bmp,139
8812.bmp,140
8813.bmp,141
8814.bmp,142
8815.bmp,143
8816.bmp,144
8817.bmp,145
8818.bmp,146
8819.bmp,147
8820.bmp,148
8821.bmp,149
8822.bmp,150
8823.bmp,151
8824.bmp,152
8825.bmp,153
8826.bmp,154
8827.bmp,155
8828.bmp,1
8829.bmp,2
8830.bmp,7
8831.bmp,8
8832.bmp,21
8833.bmp,22
8834.bmp,23
8835.bmp,24
8836.bmp,25
8837.bmp,26
8838.bmp,27
8839.bmp,28
8840.bmp,29
8841.bmp,30
8842.bmp,31
8843.bmp,32
8844.bmp,33
8845.bmp,34
8846.bmp,35
8847.bmp,36
8848.bmp,37
8849.bmp,38
8850.bmp,39
8851.bmp,40
8852.bmp,41
8853.bmp,42
8854.bmp,43
8855.bmp,44
8856.bmp,45
8857.bmp,46
8858.bmp,47
8859.bmp,48
8860.bmp,49
8861.bmp,50
8862.bmp,51
8863.bmp,52
8864.bmp,53
8865.bmp,54
8866.bmp,55
8867.bmp,56
8868.bmp,57
8869.bmp,58
8870.bmp,59
8871.bmp,60
8872.bmp,61
8873.bmp,62
8874.bmp,63
8875.bmp,64
8876.bmp,65
8877.bmp,66
8878.bmp,67
8879.bmp,68
8880.bmp,69
8881.bmp,70
8882.bmp,71
8883.bmp,72
8884.bmp,73
8885.bmp,74
8886.bmp,75
8887.bmp,76
8888.bmp,77
8889.bmp,78
8890.bmp,79
8891.bmp,0
8892.bmp,81
8893.bmp,82
8894.bmp,83
8895.bmp,84
8896.bmp,85
8897.bmp,86
8898.bmp,87
8899.bmp,88
8900.bmp,89
8901.bmp,90
8902.bmp,91
8903.bmp,92
8904.bmp,93
8905.bmp,94
8906.bmp,95
8907.bmp,96
8908.bmp,97
8909.bmp,98
8910.bmp,99
8911.bmp,100
8912.bmp,101
8913.bmp,102
8914.bmp,103
8915.bmp,104
8916.bmp,105
8917.bmp,106
8918.bmp,107
8919.bmp,108
8920.bmp,109
8921.bmp,110
8922.bmp,111
8923.bmp,112
8924.bmp,113
8925.bmp,114
8926.bmp,115
8927.bmp,116
8928.bmp,117
8929.bmp,118
8930.bmp,119
8931.bmp,120
8932.bmp,121
8933.bmp,122
8934.bmp,123
8935.bmp,124
8936.bmp,125
8937.bmp,126
8938.bmp,127
8939.bmp,128
8940.bmp,129
8941.bmp,130
8942.bmp,131
8943.bmp,132
8944.bmp,133
8945.bmp,134
8946.bmp,135
8947.bmp,136
8948.bmp,137
8949.bmp,138
8950.bmp,139
8951.bmp,140
8952.bmp,141
8953.bmp,142
8954.bmp,143
8955.bmp,144
8956.bmp,145
8957.bmp,146
8958.bmp,147
8959.bmp,148
8960.bmp,149
8961.bmp,150
8962.bmp,151
8963.bmp,152
8964.bmp,153
8965.bmp,154
8966.bmp,155
8967.bmp,1
8968.bmp,2
8969.bmp,7
8970.bmp,8
8971.bmp,21
8972.bmp,22
8973.bmp,23
8974.bmp,24
8975.bmp,25
8976.bmp,26
8977.bmp,27
8978.bmp,28
8979.bmp,29
8980.bmp,30
8981.bmp,31
8982.bmp,32
8983.bmp,33
8984.bmp,34
8985.bmp,35
8986.bmp,36
8987.bmp,37
8988.bmp,38
8989.bmp,39
8990.bmp,40
8991.bmp,41
8992.bmp,42
8993.bmp,43
8994.bmp,44
8995.bmp,45
8996.bmp,46
8997.bmp,47
8998.bmp,48
8999.bmp,49
9000.bmp,50
9001.bmp,51
9002.bmp,52
9003.bmp,53
9004.bmp,54
9005.bmp,55
9006.bmp,56
9007.bmp,57
9008.bmp,58
9009.bmp,59
9010.bmp,60
9011.bmp,61
9012.bmp,62
9013.bmp,63
9014.bmp,64
9015.bmp,65
9016.bmp,66
9017.bmp,67
9018.bmp,68
9019.bmp,69
9020.bmp,70
9021.bmp,71
9022.bmp,72
9023.bmp,73
9024.bmp,74
9025.bmp,75
9026.bmp,76
9027.bmp,77
9028.bmp,78
9029.bmp,79
9030.bmp,0
9031.bmp,81
9032.bmp,82
9033.bmp,83
9034.bmp,84
9035.bmp,85
9036.bmp,86
9037.bmp,87
9038.bmp,88
9039.bmp,89
9040.bmp,90
9041.bmp,91
9042.bmp,92
9043.bmp,93
9044.bmp,94
9045.bmp,95
9046.bmp,96
9047.bmp,97
9048.bmp,98
9049.bmp,99
9050.bmp,100
9051.bmp,101
9052.bmp,102
9053.bmp,103
9054.bmp,104
9055.bmp,105
9056.bmp,106
9057.bmp,107
9058.bmp,108
9059.bmp,109
9060.bmp,110
9061.bmp,111
9062.bmp,112
9063.bmp,113
9064.bmp,114
9065.bmp,115
9066.bmp,116
9067.bmp,117
9068.bmp,118
9069.bmp,119
9070.bmp,120
9071.bmp,121
9072.bmp,122
9073.bmp,123
9074.bmp,124
9075.bmp,125
9076.bmp,126
9077.bmp,127
9078.bmp,128
9079.bmp,129
9080.bmp,130
9081.bmp,131
9082.bmp,132
9083.bmp,133
9084.bmp,134
9085.bmp,135
9086.bmp,136
9087.bmp,137
9088.bmp,138
9089.bmp,139
9090.bmp,140
9091.bmp,141
9092.bmp,142
9093.bmp,143
9094.bmp,144
9095.bmp,145
9096.bmp,146
9097.bmp,147
9098.bmp,148
9099.bmp,149
9100.bmp,150
9101.bmp,151
9102.bmp,152
9103.bmp,153
9104.bmp,154
9105.bmp,155
9106.bmp,1
9107.bmp,2
9108.bmp,7
9109.bmp,8
9110.bmp,21
9111.bmp,22
9112.bmp,23
9113.bmp,24
9114.bmp,25
9115.bmp,26
9116.bmp,27
9117.bmp,28
9118.bmp,29
9119.bmp,30
9120.bmp,31
9121.bmp,32
9122.bmp,33
9123.bmp,34
9124.bmp,35
9125.bmp,36
9126.bmp,37
9127.bmp,38
9128.bmp,39
9129.bmp,40
9130.bmp,41
9131.bmp,42
9132.bmp,43
9133.bmp,44
9134.bmp,45
9135.bmp,46
9136.bmp,47
9137.bmp,48
9138.bmp,49
9139.bmp,50
9140.bmp,51
9141.bmp,52
9142.bmp,53
9143.bmp,54
9144.bmp,55
9145.bmp,56
9146.bmp,57
9147.bmp,58
9148.bmp,59
9149.bmp,60
9150.bmp,61
9151.bmp,62
9152.bmp,63
9153.bmp,64
9154.bmp,65
9155.bmp,66
9156.bmp,67
9157.bmp,68
9158.bmp,69
9159.bmp,70
9160.bmp,71
9161.bmp,72
9162.bmp,73
9163.bmp,74
9164.bmp,75
9165.bmp,76
9166.bmp,77
9167.bmp,78
9168.bmp,79
9169.bmp,0
9170.bmp,81
9171.bmp,82
9172.bmp,83
9173.bmp,84
9174.bmp,85
9175.bmp,86
9176.bmp,87
9177.bmp,88
9178.bmp,89
9179.bmp,90
9180.bmp,91
9181.bmp,92
9182.bmp,93
9183.bmp,94
9184.bmp,95
9185.bmp,96
9186.bmp,97
9187.bmp,98
9188.bmp,99
9189.bmp,100
9190.bmp,101
9191.bmp,102
9192.bmp,103
9193.bmp,104
9194.bmp,105
9195.bmp,106
9196.bmp,107
9197.bmp,108
9198.bmp,109
9199.bmp,110
9200.bmp,111
9201.bmp,112
9202.bmp,113
9203.bmp,114
9204.bmp,115
9205.bmp,116
9206.bmp,117
9207.bmp,118
9208.bmp,119
9209.bmp,120
9210.bmp,121
9211.bmp,122
9212.bmp,123
9213.bmp,124
9214.bmp,125
9215.bmp,126
9216.bmp,127
9217.bmp,128
9218.bmp,129
9219.bmp,130
9220.bmp,131
9221.bmp,132
9222.bmp,133
9223.bmp,134
9224.bmp,135
9225.bmp,136
9226.bmp,137
9227.bmp,138
9228.bmp,139
9229.bmp,140
9230.bmp,141
9231.bmp,142
9232.bmp,143
9233.bmp,144
9234.bmp,145
9235.bmp,146
9236.bmp,147
9237.bmp,148
9238.bmp,149
9239.bmp,150
9240.bmp,151
9241.bmp,152
9242.bmp,153
9243.bmp,154
9244.bmp,155
9245.bmp,1
9246.bmp,2
9247.bmp,7
9248.bmp,8
9249.bmp,21
9250.bmp,22
9251.bmp,23
9252.bmp,24
9253.bmp,25
9254.bmp,26
9255.bmp,27
9256.bmp,28
9257.bmp,29
9258.bmp,30
9259.bmp,31
9260.bmp,32
9261.bmp,33
9262.bmp,34
9263.bmp,35
9264.bmp,36
9265.bmp,37
9266.bmp,38
9267.bmp,39
9268.bmp,40
9269.bmp,41
9270.bmp,42
9271.bmp,43
9272.bmp,44
9273.bmp,45
9274.bmp,46
9275.bmp,47
9276.bmp,48
9277.bmp,49
9278.bmp,50
9279.bmp,51
9280.bmp,52
9281.bmp,53
9282.bmp,54
9283.bmp,55
9284.bmp,56
9285.bmp,57
9286.bmp,58
9287.bmp,59
9288.bmp,60
9289.bmp,61
9290.bmp,62
9291.bmp,63
9292.bmp,64
9293.bmp,65
9294.bmp,66
9295.bmp,67
9296.bmp,68
9297.bmp,69
9298.bmp,70
9299.bmp,71
9300.bmp,72
9301.bmp,73
9302.bmp,74
9303.bmp,75
9304.bmp,76
9305.bmp,77
9306.bmp,78
9307.bmp,79
9308.bmp,0
9309.bmp,81
9310.bmp,82
9311.bmp,83
9312.bmp,84
9313.bmp,85
9314.bmp,86
9315.bmp,87
9316.bmp,88
9317.bmp,89
9318.bmp,90
9319.bmp,91
9320.bmp,92
9321.bmp,93
9322.bmp,94
9323.bmp,95
9324.bmp,96
9325.bmp,97
9326.bmp,98
9327.bmp,99
9328.bmp,100
9329.bmp,101
9330.bmp,102
9331.bmp,103
9332.bmp,104
9333.bmp,105
9334.bmp,106
9335.bmp,107
9336.bmp,108
9337.bmp,109
9338.bmp,110
9339.bmp,111
9340.bmp,112
9341.bmp,113
9342.bmp,114
9343.bmp,115
9344.bmp,116
9345.bmp,117
9346.bmp,118
9347.bmp,119
9348.bmp,120
9349.bmp,121
9350.bmp,122
9351.bmp,123
9352.bmp,124
9353.bmp,125
9354.bmp,126
9355.bmp,127
9356.bmp,128
9357.bmp,129
9358.bmp,130
9359.bmp,131
9360.bmp,132
9361.bmp,133
9362.bmp,134
9363.bmp,135
9364.bmp,136
9365.bmp,137
9366.bmp,138
9367.bmp,139
9368.bmp,140
9369.bmp,141
9370.bmp,142
9371.bmp,143
9372.bmp,144
9373.bmp,145
9374.bmp,146
9375.bmp,147
9376.bmp,148
9377.bmp,149
9378.bmp,150
9379.bmp,151
9380.bmp,152
9381.bmp,153
9382.bmp,154
9383.bmp,155
9384.bmp,1
9385.bmp,2
9386.bmp,7
9387.bmp,8
9388.bmp,21
9389.bmp,22
9390.bmp,23
9391.bmp,24
9392.bmp,25
9393.bmp,26
9394.bmp,27
9395.bmp,28
9396.bmp,29
9397.bmp,30
9398.bmp,31
9399.bmp,32
9400.bmp,33
9401.bmp,34
9402.bmp,35
9403.bmp,36
9404.bmp,37
9405.bmp,38
9406.bmp,39
9407.bmp,40
9408.bmp,41
9409.bmp,42
9410.bmp,43
9411.bmp,44
9412.bmp,45
9413.bmp,46
9414.bmp,47
9415.bmp,48
9416.bmp,49
9417.bmp,50
9418.bmp,51
9419.bmp,52
9420.bmp,53
9421.bmp,54
9422.bmp,55
9423.bmp,56
9424.bmp,57
9425.bmp,58
9426.bmp,59
9427.bmp,60
9428.bmp,61
9429.bmp,62
9430.bmp,63
9431.bmp,64
9432.bmp,65
9433.bmp,66
9434.bmp,67
9435.bmp,68
9436.bmp,69
9437.bmp,70
9438.bmp,71
9439.bmp,72
9440.bmp,73
9441.bmp,74
9442.bmp,75
9443.bmp,76
9444.bmp,77
9445.bmp,78
9446.bmp,79
9447.bmp,0
9448.bmp,81
9449.bmp,82
9450.bmp,83
9451.bmp,84
9452.bmp,85
9453.bmp,86
9454.bmp,87
9455.bmp,88
9456.bmp,89
9457.bmp,90
9458.bmp,91
9459.bmp,92
9460.bmp,93
9461.bmp,94
9462.bmp,95
9463.bmp,96
9464.bmp,97
9465.bmp,98
9466.bmp,99
9467.bmp,100
9468.bmp,101
9469.bmp,102
9470.bmp,103
9471.bmp,104
9472.bmp,105
9473.bmp,106
9474.bmp,107
9475.bmp,108
9476.bmp,109
9477.bmp,110
9478.bmp,111
9479.bmp,112
9480.bmp,113
9481.bmp,114
9482.bmp,115
9483.bmp,116
9484.bmp,117
9485.bmp,118
9486.bmp,119
9487.bmp,120
9488.bmp,121
9489.bmp,122
9490.bmp,123
9491.bmp,124
9492.bmp,125
9493.bmp,126
9494.bmp,127
9495.bmp,128
9496.bmp,129
9497.bmp,130
9498.bmp,131
9499.bmp,132
9500.bmp,133
9501.bmp,134
9502.bmp,135
9503.bmp,136
9504.bmp,137
9505.bmp,138
9506.bmp,139
9507.bmp,140
9508.bmp,141
9509.bmp,142
9510.bmp,143
9511.bmp,144
9512.bmp,145
9513.bmp,146
9514.bmp,147
9515.bmp,148
9516.bmp,149
9517.bmp,150
9518.bmp,151
9519.bmp,152
9520.bmp,153
9521.bmp,154
9522.bmp,155
9523.bmp,1
9524.bmp,2
9525.bmp,7
9526.bmp,8
9527.bmp,21
9528.bmp,22
9529.bmp,23
9530.bmp,24
9531.bmp,25
9532.bmp,26
9533.bmp,27
9534.bmp,28
9535.bmp,29
9536.bmp,30
9537.bmp,31
9538.bmp,32
9539.bmp,33
9540.bmp,34
9541.bmp,35
9542.bmp,36
9543.bmp,37
9544.bmp,38
9545.bmp,39
9546.bmp,40
9547.bmp,41
9548.bmp,42
9549.bmp,43
9550.bmp,44
9551.bmp,45
9552.bmp,46
9553.bmp,47
9554.bmp,48
9555.bmp,49
9556.bmp,50
9557.bmp,51
9558.bmp,52
9559.bmp,53
9560.bmp,54
9561.bmp,55
9562.bmp,56
9563.bmp,57
9564.bmp,58
9565.bmp,59
9566.bmp,60
9567.bmp,61
9568.bmp,62
9569.bmp,63
9570.bmp,64
9571.bmp,65
9572.bmp,66
9573.bmp,67
9574.bmp,68
9575.bmp,69
9576.bmp,70
9577.bmp,71
9578.bmp,72
9579.bmp,73
9580.bmp,74
9581.bmp,75
9582.bmp,76
9583.bmp,77
9584.bmp,78
9585.bmp,79
9586.bmp,0
9587.bmp,81
9588.bmp,82
9589.bmp,83
9590.bmp,84
9591.bmp,85
9592.bmp,86
9593.bmp,87
9594.bmp,88
9595.bmp,89
9596.bmp,90
9597.bmp,91
9598.bmp,92
9599.bmp,93
9600.bmp,94
9601.bmp,95
9602.bmp,96
9603.bmp,97
9604.bmp,98
9605.bmp,99
9606.bmp,100
9607.bmp,101
9608.bmp,102
9609.bmp,103
9610.bmp,104
9611.bmp,105
9612.bmp,106
9613.bmp,107
9614.bmp,108
9615.bmp,109
9616.bmp,110
9617.bmp,111
9618.bmp,112
9619.bmp,113
9620.bmp,114
9621.bmp,115
9622.bmp,116
9623.bmp,117
9624.bmp,118
9625.bmp,119
9626.bmp,120
9627.bmp,121
9628.bmp,122
9629.bmp,123
9630.bmp,124
9631.bmp,125
9632.bmp,126
9633.bmp,127
9634.bmp,128
9635.bmp,129
9636.bmp,130
9637.bmp,131
9638.bmp,132
9639.bmp,133
9640.bmp,134
9641.bmp,135
9642.bmp,136
9643.bmp,137
9644.bmp,138
9645.bmp,139
9646.bmp,140
9647.bmp,141
9648.bmp,142
9649.bmp,143
9650.bmp,144
9651.bmp,145
9652.bmp,146
9653.bmp,147
9654.bmp,148
9655.bmp,149
9656.bmp,150
9657.bmp,151
9658.bmp,152
9659.bmp,153
9660.bmp,154
9661.bmp,155
9662.bmp,1
9663.bmp,2
9664.bmp,7
9665.bmp,8
9666.bmp,21
9667.bmp,22
9668.bmp,23
9669.bmp,24
9670.bmp,25
9671.bmp,26
9672.bmp,27
9673.bmp,28
9674.bmp,29
9675.bmp,30
9676.bmp,31
9677.bmp,32
9678.bmp,33
9679.bmp,34
9680.bmp,35
9681.bmp,36
9682.bmp,37
9683.bmp,38
9684.bmp,39
9685.bmp,40
9686.bmp,41
9687.bmp,42
9688.bmp,43
9689.bmp,44
9690.bmp,45
9691.bmp,46
9692.bmp,47
9693.bmp,48
9694.bmp,49
9695.bmp,50
9696.bmp,51
9697.bmp,52
9698.bmp,53
9699.bmp,54
9700.bmp,55
9701.bmp,56
9702.bmp,57
9703.bmp,58
9704.bmp,59
9705.bmp,60
9706.bmp,61
9707.bmp,62
9708.bmp,63
9709.bmp,64
9710.bmp,65
9711.bmp,66
9712.bmp,67
9713.bmp,68
9714.bmp,69
9715.bmp,70
9716.bmp,71
9717.bmp,72
9718.bmp,73
9719.bmp,74
9720.bmp,75
9721.bmp,76
9722.bmp,77
9723.bmp,78
9724.bmp,79
9725.bmp,0
9726.bmp,81
9727.bmp,82
9728.bmp,83
9729.bmp,84
9730.bmp,85
9731.bmp,86
9732.bmp,87
9733.bmp,88
9734.bmp,89
9735.bmp,90
9736.bmp,91
9737.bmp,92
9738.bmp,93
9739.bmp,94
9740.bmp,95
9741.bmp,96
9742.bmp,97
9743.bmp,98
9744.bmp,99
9745.bmp,100
9746.bmp,101
9747.bmp,102
9748.bmp,103
9749.bmp,104
9750.bmp,105
9751.bmp,106
9752.bmp,107
9753.bmp,108
9754.bmp,109
9755.bmp,110
9756.bmp,111
9757.bmp,112
9758.bmp,113
9759.bmp,114
9760.bmp,115
9761.bmp,116
9762.bmp,117
9763.bmp,118
9764.bmp,119
9765.bmp,120
9766.bmp,121
9767.bmp,122
9768.bmp,123
9769.bmp,124
9770.bmp,125
9771.bmp,126
9772.bmp,127
9773.bmp,128
9774.bmp,129
9775.bmp,130
9776.bmp,131
9777.bmp,132
9778.bmp,133
9779.bmp,134
9780.bmp,135
9781.bmp,136
9782.bmp,137
9783.bmp,138
9784.bmp,139
9785.bmp,140
9786.bmp,141
9787.bmp,142
9788.bmp,143
9789.bmp,144
9790.bmp,145
9791.bmp,146
9792.bmp,147
9793.bmp,148
9794.bmp,149
9795.bmp,150
9796.bmp,151
9797.bmp,152
9798.bmp,153
9799.bmp,154
9800.bmp,155
9801.bmp,1
9802.bmp,2
9803.bmp,7
9804.bmp,8
9805.bmp,21
9806.bmp,22
9807.bmp,23
9808.bmp,24
9809.bmp,25
9810.bmp,26
9811.bmp,27
9812.bmp,28
9813.bmp,29
9814.bmp,30
9815.bmp,31
9816.bmp,32
9817.bmp,33
9818.bmp,34
9819.bmp,35
9820.bmp,36
9821.bmp,37
9822.bmp,38
9823.bmp,39
9824.bmp,40
9825.bmp,41
9826.bmp,42
9827.bmp,43
9828.bmp,44
9829.bmp,45
9830.bmp,46
9831.bmp,47
9832.bmp,48
9833.bmp,49
9834.bmp,50
9835.bmp,51
9836.bmp,52
9837.bmp,53
9838.bmp,54
9839.bmp,55
9840.bmp,56
9841.bmp,57
9842.bmp,58
9843.bmp,59
9844.bmp,60
9845.bmp,61
9846.bmp,62
9847.bmp,63
9848.bmp,64
9849.bmp,65
9850.bmp,66
9851.bmp,67
9852.bmp,68
9853.bmp,69
9854.bmp,70
9855.bmp,71
9856.bmp,72
9857.bmp,73
9858.bmp,74
9859.bmp,75
9860.bmp,76
9861.bmp,77
9862.bmp,78
9863.bmp,79
9864.bmp,0
9865.bmp,81
9866.bmp,82
9867.bmp,83
9868.bmp,84
9869.bmp,85
9870.bmp,86
9871.bmp,87
9872.bmp,88
9873.bmp,89
9874.bmp,90
9875.bmp,91
9876.bmp,92
9877.bmp,93
9878.bmp,94
9879.bmp,95
9880.bmp,96
9881.bmp,97
9882.bmp,98
9883.bmp,99
9884.bmp,100
9885.bmp,101
9886.bmp,102
9887.bmp,103
9888.bmp,104
9889.bmp,105
9890.bmp,106
9891.bmp,107
9892.bmp,108
9893.bmp,109
9894.bmp,110
9895.bmp,111
9896.bmp,112
9897.bmp,113
9898.bmp,114
9899.bmp,115
9900.bmp,116
9901.bmp,117
9902.bmp,118
9903.bmp,119
9904.bmp,120
9905.bmp,121
9906.bmp,122
9907.bmp,123
9908.bmp,124
9909.bmp,125
9910.bmp,126
9911.bmp,127
9912.bmp,128
9913.bmp,129
9914.bmp,130
9915.bmp,131
9916.bmp,132
9917.bmp,133
9918.bmp,134
9919.bmp,135
9920.bmp,136
9921.bmp,137
9922.bmp,138
9923.bmp,139
9924.bmp,140
9925.bmp,141
9926.bmp,142
9927.bmp,143
9928.bmp,144
9929.bmp,145
9930.bmp,146
9931.bmp,147
9932.bmp,148
9933.bmp,149
9934.bmp,150
9935.bmp,151
9936.bmp,152
9937.bmp,153
9938.bmp,154
9939.bmp,155
9940.bmp,1
9941.bmp,2
9942.bmp,7
9943.bmp,8
9944.bmp,21
9945.bmp,22
9946.bmp,23
9947.bmp,24
9948.bmp,25
9949.bmp,26
9950.bmp,27
9951.bmp,28
9952.bmp,29
9953.bmp,30
9954.bmp,31
9955.bmp,32
9956.bmp,33
9957.bmp,34
9958.bmp,35
9959.bmp,36
9960.bmp,37
9961.bmp,38
9962.bmp,39
9963.bmp,40
9964.bmp,41
9965.bmp,42
9966.bmp,43
9967.bmp,44
9968.bmp,45
9969.bmp,46
9970.bmp,47
9971.bmp,48
9972.bmp,49
9973.bmp,50
9974.bmp,51
9975.bmp,52
9976.bmp,53
9977.bmp,54
9978.bmp,55
9979.bmp,56
9980.bmp,57
9981.bmp,58
9982.bmp,59
9983.bmp,60
9984.bmp,61
9985.bmp,62
9986.bmp,63
9987.bmp,64
9988.bmp,65
9989.bmp,66
9990.bmp,67
9991.bmp,68
9992.bmp,69
9993.bmp,70
9994.bmp,71
9995.bmp,72
9996.bmp,73
9997.bmp,74
9998.bmp,75
9999.bmp,76
10000.bmp,77
10001.bmp,78
10002.bmp,79
10003.bmp,0
10004.bmp,81
10005.bmp,82
10006.bmp,83
10007.bmp,84
10008.bmp,85
10009.bmp,86
10010.bmp,87
10011.bmp,88
10012.bmp,89
10013.bmp,90
10014.bmp,91
10015.bmp,92
10016.bmp,93
10017.bmp,94
10018.bmp,95
10019.bmp,96
10020.bmp,97
10021.bmp,98
10022.bmp,99
10023.bmp,100
10024.bmp,101
10025.bmp,102
10026.bmp,103
10027.bmp,104
10028.bmp,105
10029.bmp,106
10030.bmp,107
10031.bmp,108
10032.bmp,109
10033.bmp,110
10034.bmp,111
10035.bmp,112
10036.bmp,113
10037.bmp,114
10038.bmp,115
10039.bmp,116
10040.bmp,117
10041.bmp,118
10042.bmp,119
10043.bmp,120
10044.bmp,121
10045.bmp,122
10046.bmp,123
10047.bmp,124
10048.bmp,125
10049.bmp,126
10050.bmp,127
10051.bmp,128
10052.bmp,129
10053.bmp,130
10054.bmp,131
10055.bmp,132
10056.bmp,133
10057.bmp,134
10058.bmp,135
10059.bmp,136
10060.bmp,137
10061.bmp,138
10062.bmp,139
10063.bmp,140
10064.bmp,141
10065.bmp,142
10066.bmp,143
10067.bmp,144
10068.bmp,145
10069.bmp,146
10070.bmp,147
10071.bmp,148
10072.bmp,149
10073.bmp,150
10074.bmp,151
10075.bmp,152
10076.bmp,153
10077.bmp,154
10078.bmp,155
10079.bmp,1
10080.bmp,2
10081.bmp,7
10082.bmp,8
10083.bmp,21
10084.bmp,22
10085.bmp,23
10086.bmp,24
10087.bmp,25
10088.bmp,26
10089.bmp,27
10090.bmp,28
10091.bmp,29
10092.bmp,30
10093.bmp,31
10094.bmp,32
10095.bmp,33
10096.bmp,34
10097.bmp,35
10098.bmp,36
10099.bmp,37
10100.bmp,38
10101.bmp,39
10102.bmp,40
10103.bmp,41
10104.bmp,42
10105.bmp,43
10106.bmp,44
10107.bmp,45
10108.bmp,46
10109.bmp,47
10110.bmp,48
10111.bmp,49
10112.bmp,50
10113.bmp,51
10114.bmp,52
10115.bmp,53
10116.bmp,54
10117.bmp,55
10118.bmp,56
10119.bmp,57
10120.bmp,58
10121.bmp,59
10122.bmp,60
10123.bmp,61
10124.bmp,62
10125.bmp,63
10126.bmp,64
10127.bmp,65
10128.bmp,66
10129.bmp,67
10130.bmp,68
10131.bmp,69
10132.bmp,70
10133.bmp,71
10134.bmp,72
10135.bmp,73
10136.bmp,74
10137.bmp,75
10138.bmp,76
10139.bmp,77
10140.bmp,78
10141.bmp,79
10142.bmp,0
10143.bmp,81
10144.bmp,82
10145.bmp,83
10146.bmp,84
10147.bmp,85
10148.bmp,86
10149.bmp,87
10150.bmp,88
10151.bmp,89
10152.bmp,90
10153.bmp,91
10154.bmp,92
10155.bmp,93
10156.bmp,94
10157.bmp,95
10158.bmp,96
10159.bmp,97
10160.bmp,98
10161.bmp,99
10162.bmp,100
10163.bmp,101
10164.bmp,102
10165.bmp,103
10166.bmp,104
10167.bmp,105
10168.bmp,106
10169.bmp,107
10170.bmp,108
10171.bmp,109
10172.bmp,110
10173.bmp,111
10174.bmp,112
10175.bmp,113
10176.bmp,114
10177.bmp,115
10178.bmp,116
10179.bmp,117
10180.bmp,118
10181.bmp,119
10182.bmp,120
10183.bmp,121
10184.bmp,122
10185.bmp,123
10186.bmp,124
10187.bmp,125
10188.bmp,126
10189.bmp,127
10190.bmp,128
10191.bmp,129
10192.bmp,130
10193.bmp,131
10194.bmp,132
10195.bmp,133
10196.bmp,134
10197.bmp,135
10198.bmp,136
10199.bmp,137
10200.bmp,138
10201.bmp,139
10202.bmp,140
10203.bmp,141
10204.bmp,142
10205.bmp,143
10206.bmp,144
10207.bmp,145
10208.bmp,146
10209.bmp,147
10210.bmp,148
10211.bmp,149
10212.bmp,150
10213.bmp,151
10214.bmp,152
10215.bmp,153
10216.bmp,154
10217.bmp,155
10218.bmp,1
10219.bmp,2
10220.bmp,7
10221.bmp,8
10222.bmp,21
10223.bmp,22
10224.bmp,23
10225.bmp,24
10226.bmp,25
10227.bmp,26
10228.bmp,27
10229.bmp,28
10230.bmp,29
10231.bmp,30
10232.bmp,31
10233.bmp,32
10234.bmp,33
10235.bmp,34
10236.bmp,35
10237.bmp,36
10238.bmp,37
10239.bmp,38
10240.bmp,39
10241.bmp,40
10242.bmp,41
10243.bmp,42
10244.bmp,43
10245.bmp,44
10246.bmp,45
10247.bmp,46
10248.bmp,47
10249.bmp,48
10250.bmp,49
10251.bmp,50
10252.bmp,51
10253.bmp,52
10254.bmp,53
10255.bmp,54
10256.bmp,55
10257.bmp,56
10258.bmp,57
10259.bmp,58
10260.bmp,59
10261.bmp,60
10262.bmp,61
10263.bmp,62
10264.bmp,63
10265.bmp,64
10266.bmp,65
10267.bmp,66
10268.bmp,67
10269.bmp,68
10270.bmp,69
10271.bmp,70
10272.bmp,71
10273.bmp,72
10274.bmp,73
10275.bmp,74
10276.bmp,75
10277.bmp,76
10278.bmp,77
10279.bmp,78
10280.bmp,79
10281.bmp,0
10282.bmp,81
10283.bmp,82
10284.bmp,83
10285.bmp,84
10286.bmp,85
10287.bmp,86
10288.bmp,87
10289.bmp,88
10290.bmp,89
10291.bmp,90
10292.bmp,91
10293.bmp,92
10294.bmp,93
10295.bmp,94
10296.bmp,95
10297.bmp,96
10298.bmp,97
10299.bmp,98
10300.bmp,99
10301.bmp,100
10302.bmp,101
10303.bmp,102
10304.bmp,103
10305.bmp,104
10306.bmp,105
10307.bmp,106
10308.bmp,107
10309.bmp,108
10310.bmp,109
10311.bmp,110
10312.bmp,111
10313.bmp,112
10314.bmp,113
10315.bmp,114
10316.bmp,115
10317.bmp,116
10318.bmp,117
10319.bmp,118
10320.bmp,119
10321.bmp,120
10322.bmp,121
10323.bmp,122
10324.bmp,123
10325.bmp,124
10326.bmp,125
10327.bmp,126
10328.bmp,127
10329.bmp,128
10330.bmp,129
10331.bmp,130
10332.bmp,131
10333.bmp,132
10334.bmp,133
10335.bmp,134
10336.bmp,135
10337.bmp,136
10338.bmp,137
10339.bmp,138
10340.bmp,139
10341.bmp,140
10342.bmp,141
10343.bmp,142
10344.bmp,143
10345.bmp,144
10346.bmp,145
10347.bmp,146
10348.bmp,147
10349.bmp,148
10350.bmp,149
10351.bmp,150
10352.bmp,151
10353.bmp,152
10354.bmp,153
10355.bmp,154
10356.bmp,155
10357.bmp,1
10358.bmp,2
10359.bmp,7
10360.bmp,8
10361.bmp,21
10362.bmp,22
10363.bmp,23
10364.bmp,24
10365.bmp,25
10366.bmp,26
10367.bmp,27
10368.bmp,28
10369.bmp,29
10370.bmp,30
10371.bmp,31
10372.bmp,32
10373.bmp,33
10374.bmp,34
10375.bmp,35
10376.bmp,36
10377.bmp,37
10378.bmp,38
10379.bmp,39
10380.bmp,40
10381.bmp,41
10382.bmp,42
10383.bmp,43
10384.bmp,44
10385.bmp,45
10386.bmp,46
10387.bmp,47
10388.bmp,48
10389.bmp,49
10390.bmp,50
10391.bmp,51
10392.bmp,52
10393.bmp,53
10394.bmp,54
10395.bmp,55
10396.bmp,56
10397.bmp,57
10398.bmp,58
10399.bmp,59
10400.bmp,60
10401.bmp,61
10402.bmp,62
10403.bmp,63
10404.bmp,64
10405.bmp,65
10406.bmp,66
10407.bmp,67
10408.bmp,68
10409.bmp,69
10410.bmp,70
10411.bmp,71
10412.bmp,72
10413.bmp,73
10414.bmp,74
10415.bmp,75
10416.bmp,76
10417.bmp,77
10418.bmp,78
10419.bmp,79
10420.bmp,0
10421.bmp,81
10422.bmp,82
10423.bmp,83
10424.bmp,84
10425.bmp,85
10426.bmp,86
10427.bmp,87
10428.bmp,88
10429.bmp,89
10430.bmp,90
10431.bmp,91
10432.bmp,92
10433.bmp,93
10434.bmp,94
10435.bmp,95
10436.bmp,96
10437.bmp,97
10438.bmp,98
10439.bmp,99
10440.bmp,100
10441.bmp,101
10442.bmp,102
10443.bmp,103
10444.bmp,104
10445.bmp,105
10446.bmp,106
10447.bmp,107
10448.bmp,108
10449.bmp,109
10450.bmp,110
10451.bmp,111
10452.bmp,112
10453.bmp,113
10454.bmp,114
10455.bmp,115
10456.bmp,116
10457.bmp,117
10458.bmp,118
10459.bmp,119
10460.bmp,120
10461.bmp,121
10462.bmp,122
10463.bmp,123
10464.bmp,124
10465.bmp,125
10466.bmp,126
10467.bmp,127
10468.bmp,128
10469.bmp,129
10470.bmp,130
10471.bmp,131
10472.bmp,132
10473.bmp,133
10474.bmp,134
10475.bmp,135
10476.bmp,136
10477.bmp,137
10478.bmp,138
10479.bmp,139
10480.bmp,140
10481.bmp,141
10482.bmp,142
10483.bmp,143
10484.bmp,144
10485.bmp,145
10486.bmp,146
10487.bmp,147
10488.bmp,148
10489.bmp,149
10490.bmp,150
10491.bmp,151
10492.bmp,152
10493.bmp,153
10494.bmp,154
10495.bmp,155
10496.bmp,1
10497.bmp,2
10498.bmp,7
10499.bmp,8
10500.bmp,21
10501.bmp,22
10502.bmp,23
10503.bmp,24
10504.bmp,25
10505.bmp,26
10506.bmp,27
10507.bmp,28
10508.bmp,29
10509.bmp,30
10510.bmp,31
10511.bmp,32
10512.bmp,33
10513.bmp,34
10514.bmp,35
10515.bmp,36
10516.bmp,37
10517.bmp,38
10518.bmp,39
10519.bmp,40
10520.bmp,41
10521.bmp,42
10522.bmp,43
10523.bmp,44
10524.bmp,45
10525.bmp,46
10526.bmp,47
10527.bmp,48
10528.bmp,49
10529.bmp,50
10530.bmp,51
10531.bmp,52
10532.bmp,53
10533.bmp,54
10534.bmp,55
10535.bmp,56
10536.bmp,57
10537.bmp,58
10538.bmp,59
10539.bmp,60
10540.bmp,61
10541.bmp,62
10542.bmp,63
10543.bmp,64
10544.bmp,65
10545.bmp,66
10546.bmp,67
10547.bmp,68
10548.bmp,69
10549.bmp,70
10550.bmp,71
10551.bmp,72
10552.bmp,73
10553.bmp,74
10554.bmp,75
10555.bmp,76
10556.bmp,77
10557.bmp,78
10558.bmp,79
10559.bmp,0
10560.bmp,81
10561.bmp,82
10562.bmp,83
10563.bmp,84
10564.bmp,85
10565.bmp,86
10566.bmp,87
10567.bmp,88
10568.bmp,89
10569.bmp,90
10570.bmp,91
10571.bmp,92
10572.bmp,93
10573.bmp,94
10574.bmp,95
10575.bmp,96
10576.bmp,97
10577.bmp,98
10578.bmp,99
10579.bmp,100
10580.bmp,101
10581.bmp,102
10582.bmp,103
10583.bmp,104
10584.bmp,105
10585.bmp,106
10586.bmp,107
10587.bmp,108
10588.bmp,109
10589.bmp,110
10590.bmp,111
10591.bmp,112
10592.bmp,113
10593.bmp,114
10594.bmp,115
10595.bmp,116
10596.bmp,117
10597.bmp,118
10598.bmp,119
10599.bmp,120
10600.bmp,121
10601.bmp,122
10602.bmp,123
10603.bmp,124
10604.bmp,125
10605.bmp,126
10606.bmp,127
10607.bmp,128
10608.bmp,129
10609.bmp,130
10610.bmp,131
10611.bmp,132
10612.bmp,133
10613.bmp,134
10614.bmp,135
10615.bmp,136
10616.bmp,137
10617.bmp,138
10618.bmp,139
10619.bmp,140
10620.bmp,141
10621.bmp,142
10622.bmp,143
10623.bmp,144
10624.bmp,145
10625.bmp,146
10626.bmp,147
10627.bmp,148
10628.bmp,149
10629.bmp,150
10630.bmp,151
10631.bmp,152
10632.bmp,153
10633.bmp,154
10634.bmp,155
10635.bmp,0
10636.bmp,81
10637.bmp,82
10638.bmp,83
10639.bmp,84
10640.bmp,85
10641.bmp,86
10642.bmp,87
10643.bmp,88
10644.bmp,89
10645.bmp,90
10646.bmp,91
10647.bmp,92
10648.bmp,93
10649.bmp,94
10650.bmp,95
10651.bmp,96
10652.bmp,97
10653.bmp,98
10654.bmp,99
10655.bmp,100
10656.bmp,101
10657.bmp,102
10658.bmp,103
10659.bmp,104
10660.bmp,105
10661.bmp,106
10662.bmp,107
10663.bmp,108
10664.bmp,109
10665.bmp,110
10666.bmp,111
10667.bmp,112
10668.bmp,113
10669.bmp,114
10670.bmp,115
10671.bmp,116
10672.bmp,117
10673.bmp,118
10674.bmp,119
10675.bmp,120
10676.bmp,121
10677.bmp,122
10678.bmp,123
10679.bmp,124
10680.bmp,125
10681.bmp,126
10682.bmp,127
10683.bmp,128
10684.bmp,129
10685.bmp,130
10686.bmp,131
10687.bmp,132
10688.bmp,133
10689.bmp,134
10690.bmp,135
10691.bmp,136
10692.bmp,137
10693.bmp,138
10694.bmp,139
10695.bmp,140
10696.bmp,141
10697.bmp,142
10698.bmp,143
10699.bmp,144
10700.bmp,145
10701.bmp,146
10702.bmp,147
10703.bmp,148
10704.bmp,149
10705.bmp,150
10706.bmp,151
10707.bmp,152
10708.bmp,153
10709.bmp,154
10710.bmp,155
10711.bmp,1
10712.bmp,2
10713.bmp,7
10714.bmp,8
10715.bmp,21
10716.bmp,22
10717.bmp,23
10718.bmp,24
10719.bmp,25
10720.bmp,26
10721.bmp,27
10722.bmp,28
10723.bmp,29
10724.bmp,30
10725.bmp,31
10726.bmp,32
10727.bmp,33
10728.bmp,34
10729.bmp,35
10730.bmp,36
10731.bmp,37
10732.bmp,38
10733.bmp,39
10734.bmp,40
10735.bmp,41
10736.bmp,42
10737.bmp,43
10738.bmp,44
10739.bmp,45
10740.bmp,46
10741.bmp,47
10742.bmp,48
10743.bmp,49
10744.bmp,50
10745.bmp,51
10746.bmp,52
10747.bmp,53
10748.bmp,54
10749.bmp,55
10750.bmp,56
10751.bmp,57
10752.bmp,58
10753.bmp,59
10754.bmp,60
10755.bmp,61
10756.bmp,62
10757.bmp,63
10758.bmp,64
10759.bmp,65
10760.bmp,66
10761.bmp,67
10762.bmp,68
10763.bmp,69
10764.bmp,70
10765.bmp,71
10766.bmp,72
10767.bmp,73
10768.bmp,74
10769.bmp,75
10770.bmp,76
10771.bmp,77
10772.bmp,78
10773.bmp,79
10774.bmp,0
10775.bmp,81
10776.bmp,82
10777.bmp,83
10778.bmp,84
10779.bmp,85
10780.bmp,86
10781.bmp,87
10782.bmp,88
10783.bmp,89
10784.bmp,90
10785.bmp,91
10786.bmp,92
10787.bmp,93
10788.bmp,94
10789.bmp,95
10790.bmp,96
10791.bmp,97
10792.bmp,98
10793.bmp,99
10794.bmp,100
10795.bmp,101
10796.bmp,102
10797.bmp,103
10798.bmp,104
10799.bmp,105
10800.bmp,106
10801.bmp,107
10802.bmp,108
10803.bmp,109
10804.bmp,110
10805.bmp,111
10806.bmp,112
10807.bmp,113
10808.bmp,114
10809.bmp,115
10810.bmp,116
10811.bmp,117
10812.bmp,118
10813.bmp,119
10814.bmp,120
10815.bmp,121
10816.bmp,122
10817.bmp,123
10818.bmp,124
10819.bmp,125
10820.bmp,126
10821.bmp,127
10822.bmp,128
10823.bmp,129
10824.bmp,130
10825.bmp,131
10826.bmp,132
10827.bmp,133
10828.bmp,134
10829.bmp,135
10830.bmp,136
10831.bmp,137
10832.bmp,138
10833.bmp,139
10834.bmp,140
10835.bmp,141
10836.bmp,142
10837.bmp,143
10838.bmp,144
10839.bmp,145
10840.bmp,146
10841.bmp,147
10842.bmp,148
10843.bmp,149
10844.bmp,150
10845.bmp,151
10846.bmp,152
10847.bmp,153
10848.bmp,154
10849.bmp,155
10850.bmp,1
10851.bmp,2
10852.bmp,7
10853.bmp,8
10854.bmp,21
10855.bmp,22
10856.bmp,23
10857.bmp,24
10858.bmp,25
10859.bmp,26
10860.bmp,27
10861.bmp,28
10862.bmp,29
10863.bmp,30
10864.bmp,31
10865.bmp,32
10866.bmp,33
10867.bmp,34
10868.bmp,35
10869.bmp,36
10870.bmp,37
10871.bmp,38
10872.bmp,39
10873.bmp,40
10874.bmp,41
10875.bmp,42
10876.bmp,43
10877.bmp,44
10878.bmp,45
10879.bmp,46
10880.bmp,47
10881.bmp,48
10882.bmp,49
10883.bmp,50
10884.bmp,51
10885.bmp,52
10886.bmp,53
10887.bmp,54
10888.bmp,55
10889.bmp,56
10890.bmp,57
10891.bmp,58
10892.bmp,59
10893.bmp,60
10894.bmp,61
10895.bmp,62
10896.bmp,63
10897.bmp,64
10898.bmp,65
10899.bmp,66
10900.bmp,67
10901.bmp,68
10902.bmp,69
10903.bmp,70
10904.bmp,71
10905.bmp,72
10906.bmp,73
10907.bmp,74
10908.bmp,75
10909.bmp,76
10910.bmp,77
10911.bmp,78
10912.bmp,79
10913.bmp,0
10914.bmp,81
10915.bmp,82
10916.bmp,83
10917.bmp,84
10918.bmp,85
10919.bmp,86
10920.bmp,87
10921.bmp,88
10922.bmp,89
10923.bmp,90
10924.bmp,91
10925.bmp,92
10926.bmp,93
10927.bmp,94
10928.bmp,95
10929.bmp,96
10930.bmp,97
10931.bmp,98
10932.bmp,99
10933.bmp,100
10934.bmp,101
10935.bmp,102
10936.bmp,103
10937.bmp,104
10938.bmp,105
10939.bmp,106
10940.bmp,107
10941.bmp,108
10942.bmp,109
10943.bmp,110
10944.bmp,111
10945.bmp,112
10946.bmp,113
10947.bmp,114
10948.bmp,115
10949.bmp,116
10950.bmp,117
10951.bmp,118
10952.bmp,119
10953.bmp,120
10954.bmp,121
10955.bmp,122
10956.bmp,123
10957.bmp,124
10958.bmp,125
10959.bmp,126
10960.bmp,127
10961.bmp,128
10962.bmp,129
10963.bmp,130
10964.bmp,131
10965.bmp,132
10966.bmp,133
10967.bmp,134
10968.bmp,135
10969.bmp,136
10970.bmp,137
10971.bmp,138
10972.bmp,139
10973.bmp,140
10974.bmp,141
10975.bmp,142
10976.bmp,143
10977.bmp,144
10978.bmp,145
10979.bmp,146
10980.bmp,147
10981.bmp,148
10982.bmp,149
10983.bmp,150
10984.bmp,151
10985.bmp,152
10986.bmp,153
10987.bmp,154
10988.bmp,155
10989.bmp,1
10990.bmp,2
10991.bmp,7
10992.bmp,8
10993.bmp,21
10994.bmp,22
10995.bmp,23
10996.bmp,24
10997.bmp,25
10998.bmp,26
10999.bmp,27
11000.bmp,28
11001.bmp,29
11002.bmp,30
11003.bmp,31
11004.bmp,32
11005.bmp,33
11006.bmp,34
11007.bmp,35
11008.bmp,36
11009.bmp,37
11010.bmp,38
11011.bmp,39
11012.bmp,40
11013.bmp,41
11014.bmp,42
11015.bmp,43
11016.bmp,44
11017.bmp,45
11018.bmp,46
11019.bmp,47
11020.bmp,48
11021.bmp,49
11022.bmp,50
11023.bmp,51
11024.bmp,52
11025.bmp,53
11026.bmp,54
11027.bmp,55
11028.bmp,56
11029.bmp,57
11030.bmp,58
11031.bmp,59
11032.bmp,60
11033.bmp,61
11034.bmp,62
11035.bmp,63
11036.bmp,64
11037.bmp,65
11038.bmp,66
11039.bmp,67
11040.bmp,68
11041.bmp,69
11042.bmp,70
11043.bmp,71
11044.bmp,72
11045.bmp,73
11046.bmp,74
11047.bmp,75
11048.bmp,76
11049.bmp,77
11050.bmp,78
11051.bmp,79
11052.bmp,0
11053.bmp,81
11054.bmp,82
11055.bmp,83
11056.bmp,84
11057.bmp,85
11058.bmp,86
11059.bmp,87
11060.bmp,88
11061.bmp,89
11062.bmp,90
11063.bmp,91
11064.bmp,92
11065.bmp,93
11066.bmp,94
11067.bmp,95
11068.bmp,96
11069.bmp,97
11070.bmp,98
11071.bmp,99
11072.bmp,100
11073.bmp,101
11074.bmp,102
11075.bmp,103
11076.bmp,104
11077.bmp,105
11078.bmp,106
11079.bmp,107
11080.bmp,108
11081.bmp,109
11082.bmp,110
11083.bmp,111
11084.bmp,112
11085.bmp,113
11086.bmp,114
11087.bmp,115
11088.bmp,116
11089.bmp,117
11090.bmp,118
11091.bmp,119
11092.bmp,120
11093.bmp,121
11094.bmp,122
11095.bmp,123
11096.bmp,124
11097.bmp,125
11098.bmp,126
11099.bmp,127
11100.bmp,128
11101.bmp,129
11102.bmp,130
11103.bmp,131
11104.bmp,132
11105.bmp,133
11106.bmp,134
11107.bmp,135
11108.bmp,136
11109.bmp,137
11110.bmp,138
11111.bmp,139
11112.bmp,140
11113.bmp,141
11114.bmp,142
11115.bmp,143
11116.bmp,144
11117.bmp,145
11118.bmp,146
11119.bmp,147
11120.bmp,148
11121.bmp,149
11122.bmp,150
11123.bmp,151
11124.bmp,152
11125.bmp,153
11126.bmp,154
11127.bmp,155
11128.bmp,1
11129.bmp,2
11130.bmp,7
11131.bmp,8
11132.bmp,21
11133.bmp,22
11134.bmp,23
11135.bmp,24
11136.bmp,25
11137.bmp,26
11138.bmp,27
11139.bmp,28
11140.bmp,29
11141.bmp,30
11142.bmp,31
11143.bmp,32
11144.bmp,33
11145.bmp,34
11146.bmp,35
11147.bmp,36
11148.bmp,37
11149.bmp,38
11150.bmp,39
11151.bmp,40
11152.bmp,41
11153.bmp,42
11154.bmp,43
11155.bmp,44
11156.bmp,45
11157.bmp,46
11158.bmp,47
11159.bmp,48
11160.bmp,49
11161.bmp,50
11162.bmp,51
11163.bmp,52
11164.bmp,53
11165.bmp,54
11166.bmp,55
11167.bmp,56
11168.bmp,57
11169.bmp,58
11170.bmp,59
11171.bmp,60
11172.bmp,61
11173.bmp,62
11174.bmp,63
11175.bmp,64
11176.bmp,65
11177.bmp,66
11178.bmp,67
11179.bmp,68
11180.bmp,69
11181.bmp,70
11182.bmp,71
11183.bmp,72
11184.bmp,73
11185.bmp,74
11186.bmp,75
11187.bmp,76
11188.bmp,77
11189.bmp,78
11190.bmp,79
11191.bmp,0
11192.bmp,81
11193.bmp,82
11194.bmp,83
11195.bmp,84
11196.bmp,85
11197.bmp,86
11198.bmp,87
11199.bmp,88
11200.bmp,89
11201.bmp,90
11202.bmp,91
11203.bmp,92
11204.bmp,93
11205.bmp,94
11206.bmp,95
11207.bmp,96
11208.bmp,97
11209.bmp,98
11210.bmp,99
11211.bmp,100
11212.bmp,101
11213.bmp,102
11214.bmp,103
11215.bmp,104
11216.bmp,105
11217.bmp,106
11218.bmp,107
11219.bmp,108
11220.bmp,109
11221.bmp,110
11222.bmp,111
11223.bmp,112
11224.bmp,113
11225.bmp,114
11226.bmp,115
11227.bmp,116
11228.bmp,117
11229.bmp,118
11230.bmp,119
11231.bmp,120
11232.bmp,121
11233.bmp,122
11234.bmp,123
11235.bmp,124
11236.bmp,125
11237.bmp,126
11238.bmp,127
11239.bmp,128
11240.bmp,129
11241.bmp,130
11242.bmp,131
11243.bmp,132
11244.bmp,133
11245.bmp,134
11246.bmp,135
11247.bmp,136
11248.bmp,137
11249.bmp,138
11250.bmp,139
11251.bmp,140
11252.bmp,141
11253.bmp,142
11254.bmp,143
11255.bmp,144
11256.bmp,145
11257.bmp,146
11258.bmp,147
11259.bmp,148
11260.bmp,149
11261.bmp,150
11262.bmp,151
11263.bmp,152
11264.bmp,153
11265.bmp,154
11266.bmp,155
11267.bmp,1
11268.bmp,2
11269.bmp,7
11270.bmp,8
11271.bmp,21
11272.bmp,22
11273.bmp,23
11274.bmp,24
11275.bmp,25
11276.bmp,26
11277.bmp,27
11278.bmp,28
11279.bmp,29
11280.bmp,30
11281.bmp,31
11282.bmp,32
11283.bmp,33
11284.bmp,34
11285.bmp,35
11286.bmp,36
11287.bmp,37
11288.bmp,38
11289.bmp,39
11290.bmp,40
11291.bmp,41
11292.bmp,42
11293.bmp,43
11294.bmp,44
11295.bmp,45
11296.bmp,46
11297.bmp,47
11298.bmp,48
11299.bmp,49
11300.bmp,50
11301.bmp,51
11302.bmp,52
11303.bmp,53
11304.bmp,54
11305.bmp,55
11306.bmp,56
11307.bmp,57
11308.bmp,58
11309.bmp,59
11310.bmp,60
11311.bmp,61
11312.bmp,62
11313.bmp,63
11314.bmp,64
11315.bmp,65
11316.bmp,66
11317.bmp,67
11318.bmp,68
11319.bmp,69
11320.bmp,70
11321.bmp,71
11322.bmp,72
11323.bmp,73
11324.bmp,74
11325.bmp,75
11326.bmp,76
11327.bmp,77
11328.bmp,78
11329.bmp,79
11330.bmp,0
11331.bmp,81
11332.bmp,82
11333.bmp,83
11334.bmp,84
11335.bmp,85
11336.bmp,86
11337.bmp,87
11338.bmp,88
11339.bmp,89
11340.bmp,90
11341.bmp,91
11342.bmp,92
11343.bmp,93
11344.bmp,94
11345.bmp,95
11346.bmp,96
11347.bmp,97
11348.bmp,98
11349.bmp,99
11350.bmp,100
11351.bmp,101
11352.bmp,102
11353.bmp,103
11354.bmp,104
11355.bmp,105
11356.bmp,106
11357.bmp,107
11358.bmp,108
11359.bmp,109
11360.bmp,110
11361.bmp,111
11362.bmp,112
11363.bmp,113
11364.bmp,114
11365.bmp,115
11366.bmp,116
11367.bmp,117
11368.bmp,118
11369.bmp,119
11370.bmp,120
11371.bmp,121
11372.bmp,122
11373.bmp,123
11374.bmp,124
11375.bmp,125
11376.bmp,126
11377.bmp,127
11378.bmp,128
11379.bmp,129
11380.bmp,130
11381.bmp,131
11382.bmp,132
11383.bmp,133
11384.bmp,134
11385.bmp,135
11386.bmp,136
11387.bmp,137
11388.bmp,138
11389.bmp,139
11390.bmp,140
11391.bmp,141
11392.bmp,142
11393.bmp,143
11394.bmp,144
11395.bmp,145
11396.bmp,146
11397.bmp,147
11398.bmp,148
11399.bmp,149
11400.bmp,150
11401.bmp,151
11402.bmp,152
11403.bmp,153
11404.bmp,154
11405.bmp,155
11406.bmp,1
11407.bmp,2
11408.bmp,7
11409.bmp,8
11410.bmp,21
11411.bmp,22
11412.bmp,23
11413.bmp,24
11414.bmp,25
11415.bmp,26
11416.bmp,27
11417.bmp,28
11418.bmp,29
11419.bmp,30
11420.bmp,31
11421.bmp,32
11422.bmp,33
11423.bmp,34
11424.bmp,35
11425.bmp,36
11426.bmp,37
11427.bmp,38
11428.bmp,39
11429.bmp,40
11430.bmp,41
11431.bmp,42
11432.bmp,43
11433.bmp,44
11434.bmp,45
11435.bmp,46
11436.bmp,47
11437.bmp,48
11438.bmp,49
11439.bmp,50
11440.bmp,51
11441.bmp,52
11442.bmp,53
11443.bmp,54
11444.bmp,55
11445.bmp,56
11446.bmp,57
11447.bmp,58
11448.bmp,59
11449.bmp,60
11450.bmp,61
11451.bmp,62
11452.bmp,63
11453.bmp,64
11454.bmp,65
11455.bmp,66
11456.bmp,67
11457.bmp,68
11458.bmp,69
11459.bmp,70
11460.bmp,71
11461.bmp,72
11462.bmp,73
11463.bmp,74
11464.bmp,75
11465.bmp,76
11466.bmp,77
11467.bmp,78
11468.bmp,79
11469.bmp,1
11470.bmp,2
11471.bmp,7
11472.bmp,8
11473.bmp,21
11474.bmp,22
11475.bmp,23
11476.bmp,24
11477.bmp,25
11478.bmp,26
11479.bmp,27
11480.bmp,28
11481.bmp,29
11482.bmp,30
11483.bmp,31
11484.bmp,32
11485.bmp,33
11486.bmp,34
11487.bmp,35
11488.bmp,36
11489.bmp,37
11490.bmp,38
11491.bmp,39
11492.bmp,40
11493.bmp,41
11494.bmp,42
11495.bmp,43
11496.bmp,44
11497.bmp,45
11498.bmp,46
11499.bmp,47
11500.bmp,48
11501.bmp,49
11502.bmp,50
11503.bmp,51
11504.bmp,52
11505.bmp,53
11506.bmp,54
11507.bmp,55
11508.bmp,56
11509.bmp,57
11510.bmp,58
11511.bmp,59
11512.bmp,60
11513.bmp,61
11514.bmp,62
11515.bmp,63
11516.bmp,64
11517.bmp,65
11518.bmp,66
11519.bmp,67
11520.bmp,68
11521.bmp,69
11522.bmp,70
11523.bmp,71
11524.bmp,72
11525.bmp,73
11526.bmp,74
11527.bmp,75
11528.bmp,76
11529.bmp,77
11530.bmp,78
11531.bmp,79
11532.bmp,1
11533.bmp,2
11534.bmp,7
11535.bmp,8
11536.bmp,21
11537.bmp,22
11538.bmp,23
11539.bmp,24
11540.bmp,25
11541.bmp,26
11542.bmp,27
11543.bmp,28
11544.bmp,29
11545.bmp,30
11546.bmp,31
11547.bmp,32
11548.bmp,33
11549.bmp,34
11550.bmp,35
11551.bmp,36
11552.bmp,37
11553.bmp,38
11554.bmp,39
11555.bmp,40
11556.bmp,41
11557.bmp,42
11558.bmp,43
11559.bmp,44
11560.bmp,45
11561.bmp,46
11562.bmp,47
11563.bmp,48
11564.bmp,49
11565.bmp,50
11566.bmp,51
11567.bmp,52
11568.bmp,53
11569.bmp,54
11570.bmp,55
11571.bmp,56
11572.bmp,57
11573.bmp,58
11574.bmp,59
11575.bmp,60
11576.bmp,61
11577.bmp,62
11578.bmp,63
11579.bmp,64
11580.bmp,65
11581.bmp,66
11582.bmp,67
11583.bmp,68
11584.bmp,69
11585.bmp,70
11586.bmp,71
11587.bmp,72
11588.bmp,73
11589.bmp,74
11590.bmp,75
11591.bmp,76
11592.bmp,77
11593.bmp,78
11594.bmp,79
11595.bmp,0
11596.bmp,81
11597.bmp,82
11598.bmp,83
11599.bmp,84
11600.bmp,85
11601.bmp,86
11602.bmp,87
11603.bmp,88
11604.bmp,89
11605.bmp,90
11606.bmp,91
11607.bmp,92
11608.bmp,93
11609.bmp,94
11610.bmp,95
11611.bmp,96
11612.bmp,97
11613.bmp,98
11614.bmp,99
11615.bmp,100
11616.bmp,101
11617.bmp,102
11618.bmp,103
11619.bmp,104
11620.bmp,105
11621.bmp,106
11622.bmp,107
11623.bmp,108
11624.bmp,109
11625.bmp,110
11626.bmp,111
11627.bmp,112
11628.bmp,113
11629.bmp,114
11630.bmp,115
11631.bmp,116
11632.bmp,117
11633.bmp,118
11634.bmp,119
11635.bmp,120
11636.bmp,121
11637.bmp,122
11638.bmp,123
11639.bmp,124
11640.bmp,125
11641.bmp,126
11642.bmp,127
11643.bmp,128
11644.bmp,129
11645.bmp,130
11646.bmp,131
11647.bmp,132
11648.bmp,133
11649.bmp,134
11650.bmp,135
11651.bmp,136
11652.bmp,137
11653.bmp,138
11654.bmp,139
11655.bmp,140
11656.bmp,141
11657.bmp,142
11658.bmp,143
11659.bmp,144
11660.bmp,145
11661.bmp,146
11662.bmp,147
11663.bmp,148
11664.bmp,149
11665.bmp,150
11666.bmp,151
11667.bmp,152
11668.bmp,153
11669.bmp,154
11670.bmp,155
11671.bmp,1
11672.bmp,2
11673.bmp,7
11674.bmp,8
11675.bmp,21
11676.bmp,22
11677.bmp,23
11678.bmp,24
11679.bmp,25
11680.bmp,26
11681.bmp,27
11682.bmp,28
11683.bmp,29
11684.bmp,30
11685.bmp,31
11686.bmp,32
11687.bmp,33
11688.bmp,34
11689.bmp,35
11690.bmp,36
11691.bmp,37
11692.bmp,38
11693.bmp,39
11694.bmp,40
11695.bmp,41
11696.bmp,42
11697.bmp,43
11698.bmp,44
11699.bmp,45
11700.bmp,46
11701.bmp,47
11702.bmp,48
11703.bmp,49
11704.bmp,50
11705.bmp,51
11706.bmp,52
11707.bmp,53
11708.bmp,54
11709.bmp,55
11710.bmp,56
11711.bmp,57
11712.bmp,58
11713.bmp,59
11714.bmp,60
11715.bmp,61
11716.bmp,62
11717.bmp,63
11718.bmp,64
11719.bmp,65
11720.bmp,66
11721.bmp,67
11722.bmp,68
11723.bmp,69
11724.bmp,70
11725.bmp,71
11726.bmp,72
11727.bmp,73
11728.bmp,74
11729.bmp,75
11730.bmp,76
11731.bmp,77
11732.bmp,78
11733.bmp,79
11734.bmp,0
11735.bmp,81
11736.bmp,82
11737.bmp,83
11738.bmp,84
11739.bmp,85
11740.bmp,86
11741.bmp,87
11742.bmp,88
11743.bmp,89
11744.bmp,90
11745.bmp,91
11746.bmp,92
11747.bmp,93
11748.bmp,94
11749.bmp,95
11750.bmp,96
11751.bmp,97
11752.bmp,98
11753.bmp,99
11754.bmp,100
11755.bmp,101
11756.bmp,102
11757.bmp,103
11758.bmp,104
11759.bmp,105
11760.bmp,106
11761.bmp,107
11762.bmp,108
11763.bmp,109
11764.bmp,110
11765.bmp,111
11766.bmp,112
11767.bmp,113
11768.bmp,114
11769.bmp,115
11770.bmp,116
11771.bmp,117
11772.bmp,118
11773.bmp,119
11774.bmp,120
11775.bmp,121
11776.bmp,122
11777.bmp,123
11778.bmp,124
11779.bmp,125
11780.bmp,126
11781.bmp,127
11782.bmp,128
11783.bmp,129
11784.bmp,130
11785.bmp,131
11786.bmp,132
11787.bmp,133
11788.bmp,134
11789.bmp,135
11790.bmp,136
11791.bmp,137
11792.bmp,138
11793.bmp,139
11794.bmp,140
11795.bmp,141
11796.bmp,142
11797.bmp,143
11798.bmp,144
11799.bmp,145
11800.bmp,146
11801.bmp,147
11802.bmp,148
11803.bmp,149
11804.bmp,150
11805.bmp,151
11806.bmp,152
11807.bmp,153
11808.bmp,154
11809.bmp,155
11810.bmp,1
11811.bmp,2
11812.bmp,7
11813.bmp,8
11814.bmp,21
11815.bmp,22
11816.bmp,23
11817.bmp,24
11818.bmp,25
11819.bmp,26
11820.bmp,27
11821.bmp,28
11822.bmp,29
11823.bmp,30
11824.bmp,31
11825.bmp,32
11826.bmp,33
11827.bmp,34
11828.bmp,35
11829.bmp,36
11830.bmp,37
11831.bmp,38
11832.bmp,39
11833.bmp,40
11834.bmp,41
11835.bmp,42
11836.bmp,43
11837.bmp,44
11838.bmp,45
11839.bmp,46
11840.bmp,47
11841.bmp,48
11842.bmp,49
11843.bmp,50
11844.bmp,51
11845.bmp,52
11846.bmp,53
11847.bmp,54
11848.bmp,55
11849.bmp,56
11850.bmp,57
11851.bmp,58
11852.bmp,59
11853.bmp,60
11854.bmp,61
11855.bmp,62
11856.bmp,63
11857.bmp,64
11858.bmp,65
11859.bmp,66
11860.bmp,67
11861.bmp,68
11862.bmp,69
11863.bmp,70
11864.bmp,71
11865.bmp,72
11866.bmp,73
11867.bmp,74
11868.bmp,75
11869.bmp,76
11870.bmp,77
11871.bmp,78
11872.bmp,79
11873.bmp,0
11874.bmp,81
11875.bmp,82
11876.bmp,83
11877.bmp,84
11878.bmp,85
11879.bmp,86
11880.bmp,87
11881.bmp,88
11882.bmp,89
11883.bmp,90
11884.bmp,91
11885.bmp,92
11886.bmp,93
11887.bmp,94
11888.bmp,95
11889.bmp,96
11890.bmp,97
11891.bmp,98
11892.bmp,99
11893.bmp,100
11894.bmp,101
11895.bmp,102
11896.bmp,103
11897.bmp,104
11898.bmp,105
11899.bmp,106
11900.bmp,107
11901.bmp,108
11902.bmp,109
11903.bmp,110
11904.bmp,111
11905.bmp,112
11906.bmp,113
11907.bmp,114
11908.bmp,115
11909.bmp,116
11910.bmp,117
11911.bmp,118
11912.bmp,119
11913.bmp,120
11914.bmp,121
11915.bmp,122
11916.bmp,123
11917.bmp,124
11918.bmp,125
11919.bmp,126
11920.bmp,127
11921.bmp,128
11922.bmp,129
11923.bmp,130
11924.bmp,131
11925.bmp,132
11926.bmp,133
11927.bmp,134
11928.bmp,135
11929.bmp,136
11930.bmp,137
11931.bmp,138
11932.bmp,139
11933.bmp,140
11934.bmp,141
11935.bmp,142
11936.bmp,143
11937.bmp,144
11938.bmp,145
11939.bmp,146
11940.bmp,147
11941.bmp,148
11942.bmp,149
11943.bmp,150
11944.bmp,151
11945.bmp,152
11946.bmp,153
11947.bmp,154
11948.bmp,155
11949.bmp,1
11950.bmp,2
11951.bmp,7
11952.bmp,8
11953.bmp,21
11954.bmp,22
11955.bmp,23
11956.bmp,24
11957.bmp,25
11958.bmp,26
11959.bmp,27
11960.bmp,28
11961.bmp,29
11962.bmp,30
11963.bmp,31
11964.bmp,32
11965.bmp,33
11966.bmp,34
11967.bmp,35
11968.bmp,36
11969.bmp,37
11970.bmp,38
11971.bmp,39
11972.bmp,40
11973.bmp,41
11974.bmp,42
11975.bmp,43
11976.bmp,44
11977.bmp,45
11978.bmp,46
11979.bmp,47
11980.bmp,48
11981.bmp,49
11982.bmp,50
11983.bmp,51
11984.bmp,52
11985.bmp,53
11986.bmp,54
11987.bmp,55
11988.bmp,56
11989.bmp,57
11990.bmp,58
11991.bmp,59
11992.bmp,60
11993.bmp,61
11994.bmp,62
11995.bmp,63
11996.bmp,64
11997.bmp,65
11998.bmp,66
11999.bmp,67
12000.bmp,68
12001.bmp,69
12002.bmp,70
12003.bmp,71
12004.bmp,72
12005.bmp,73
12006.bmp,74
12007.bmp,75
12008.bmp,76
12009.bmp,77
12010.bmp,78
12011.bmp,79
12012.bmp,0
12013.bmp,81
12014.bmp,82
12015.bmp,83
12016.bmp,84
12017.bmp,85
12018.bmp,86
12019.bmp,87
12020.bmp,88
12021.bmp,89
12022.bmp,90
12023.bmp,91
12024.bmp,92
12025.bmp,93
12026.bmp,94
12027.bmp,95
12028.bmp,96
12029.bmp,97
12030.bmp,98
12031.bmp,99
12032.bmp,100
12033.bmp,101
12034.bmp,102
12035.bmp,103
12036.bmp,104
12037.bmp,105
12038.bmp,106
12039.bmp,107
12040.bmp,108
12041.bmp,109
12042.bmp,110
12043.bmp,111
12044.bmp,112
12045.bmp,113
12046.bmp,114
12047.bmp,115
12048.bmp,116
12049.bmp,117
12050.bmp,118
12051.bmp,119
12052.bmp,120
12053.bmp,121
12054.bmp,122
12055.bmp,123
12056.bmp,124
12057.bmp,125
12058.bmp,126
12059.bmp,127
12060.bmp,128
12061.bmp,129
12062.bmp,130
12063.bmp,131
12064.bmp,132
12065.bmp,133
12066.bmp,134
12067.bmp,135
12068.bmp,136
12069.bmp,137
12070.bmp,138
12071.bmp,139
12072.bmp,140
12073.bmp,141
12074.bmp,142
12075.bmp,143
12076.bmp,144
12077.bmp,145
12078.bmp,146
12079.bmp,147
12080.bmp,148
12081.bmp,149
12082.bmp,150
12083.bmp,151
12084.bmp,152
12085.bmp,153
12086.bmp,154
12087.bmp,155
12088.bmp,1
12089.bmp,2
12090.bmp,7
12091.bmp,8
12092.bmp,21
12093.bmp,22
12094.bmp,23
12095.bmp,24
12096.bmp,25
12097.bmp,26
12098.bmp,27
12099.bmp,28
12100.bmp,29
12101.bmp,30
12102.bmp,31
12103.bmp,32
12104.bmp,33
12105.bmp,34
12106.bmp,35
12107.bmp,36
12108.bmp,37
12109.bmp,38
12110.bmp,39
12111.bmp,40
12112.bmp,41
12113.bmp,42
12114.bmp,43
12115.bmp,44
12116.bmp,45
12117.bmp,46
12118.bmp,47
12119.bmp,48
12120.bmp,49
12121.bmp,50
12122.bmp,51
12123.bmp,52
12124.bmp,53
12125.bmp,54
12126.bmp,55
12127.bmp,56
12128.bmp,57
12129.bmp,58
12130.bmp,59
12131.bmp,60
12132.bmp,61
12133.bmp,62
12134.bmp,63
12135.bmp,64
12136.bmp,65
12137.bmp,66
12138.bmp,67
12139.bmp,68
12140.bmp,69
12141.bmp,70
12142.bmp,71
12143.bmp,72
12144.bmp,73
12145.bmp,74
12146.bmp,75
12147.bmp,76
12148.bmp,77
12149.bmp,78
12150.bmp,79
12151.bmp,0
12152.bmp,81
12153.bmp,82
12154.bmp,83
12155.bmp,84
12156.bmp,85
12157.bmp,86
12158.bmp,87
12159.bmp,88
12160.bmp,89
12161.bmp,90
12162.bmp,91
12163.bmp,92
12164.bmp,93
12165.bmp,94
12166.bmp,95
12167.bmp,96
12168.bmp,97
12169.bmp,98
12170.bmp,99
12171.bmp,100
12172.bmp,101
12173.bmp,102
12174.bmp,103
12175.bmp,104
12176.bmp,105
12177.bmp,106
12178.bmp,107
12179.bmp,108
12180.bmp,109
12181.bmp,110
12182.bmp,111
12183.bmp,112
12184.bmp,113
12185.bmp,114
12186.bmp,115
12187.bmp,116
12188.bmp,117
12189.bmp,118
12190.bmp,119
12191.bmp,120
12192.bmp,121
12193.bmp,122
12194.bmp,123
12195.bmp,124
12196.bmp,125
12197.bmp,126
12198.bmp,127
12199.bmp,128
12200.bmp,129
12201.bmp,130
12202.bmp,131
12203.bmp,132
12204.bmp,133
12205.bmp,134
12206.bmp,135
12207.bmp,136
12208.bmp,137
12209.bmp,138
12210.bmp,139
12211.bmp,140
12212.bmp,141
12213.bmp,142
12214.bmp,143
12215.bmp,144
12216.bmp,145
12217.bmp,146
12218.bmp,147
12219.bmp,148
12220.bmp,149
12221.bmp,150
12222.bmp,151
12223.bmp,152
12224.bmp,153
12225.bmp,154
12226.bmp,155
12227.bmp,1
12228.bmp,2
12229.bmp,7
12230.bmp,8
12231.bmp,21
12232.bmp,22
12233.bmp,23
12234.bmp,24
12235.bmp,25
12236.bmp,26
12237.bmp,27
12238.bmp,28
12239.bmp,29
12240.bmp,30
12241.bmp,31
12242.bmp,32
12243.bmp,33
12244.bmp,34
12245.bmp,35
12246.bmp,36
12247.bmp,37
12248.bmp,38
12249.bmp,39
12250.bmp,40
12251.bmp,41
12252.bmp,42
12253.bmp,43
12254.bmp,44
12255.bmp,45
12256.bmp,46
12257.bmp,47
12258.bmp,48
12259.bmp,49
12260.bmp,50
12261.bmp,51
12262.bmp,52
12263.bmp,53
12264.bmp,54
12265.bmp,55
12266.bmp,56
12267.bmp,57
12268.bmp,58
12269.bmp,59
12270.bmp,60
12271.bmp,61
12272.bmp,62
12273.bmp,63
12274.bmp,64
12275.bmp,65
12276.bmp,66
12277.bmp,67
12278.bmp,68
12279.bmp,69
12280.bmp,70
12281.bmp,71
12282.bmp,72
12283.bmp,73
12284.bmp,74
12285.bmp,75
12286.bmp,76
12287.bmp,77
12288.bmp,78
12289.bmp,79
12290.bmp,0
12291.bmp,81
12292.bmp,82
12293.bmp,83
12294.bmp,84
12295.bmp,85
12296.bmp,86
12297.bmp,87
12298.bmp,88
12299.bmp,89
12300.bmp,90
12301.bmp,91
12302.bmp,92
12303.bmp,93
12304.bmp,94
12305.bmp,95
12306.bmp,96
12307.bmp,97
12308.bmp,98
12309.bmp,99
12310.bmp,100
12311.bmp,101
12312.bmp,102
12313.bmp,103
12314.bmp,104
12315.bmp,105
12316.bmp,106
12317.bmp,107
12318.bmp,108
12319.bmp,109
12320.bmp,110
12321.bmp,111
12322.bmp,112
12323.bmp,113
12324.bmp,114
12325.bmp,115
12326.bmp,116
12327.bmp,117
12328.bmp,118
12329.bmp,119
12330.bmp,120
12331.bmp,121
12332.bmp,122
12333.bmp,123
12334.bmp,124
12335.bmp,125
12336.bmp,126
12337.bmp,127
12338.bmp,128
12339.bmp,129
12340.bmp,130
12341.bmp,131
12342.bmp,132
12343.bmp,133
12344.bmp,134
12345.bmp,135
12346.bmp,136
12347.bmp,137
12348.bmp,138
12349.bmp,139
12350.bmp,140
12351.bmp,141
12352.bmp,142
12353.bmp,143
12354.bmp,144
12355.bmp,145
12356.bmp,146
12357.bmp,147
12358.bmp,148
12359.bmp,149
12360.bmp,150
12361.bmp,151
12362.bmp,152
12363.bmp,153
12364.bmp,154
12365.bmp,155
12366.bmp,1
12367.bmp,2
12368.bmp,7
12369.bmp,8
12370.bmp,21
12371.bmp,22
12372.bmp,23
12373.bmp,24
12374.bmp,25
12375.bmp,26
12376.bmp,27
12377.bmp,28
12378.bmp,29
12379.bmp,30
12380.bmp,31
12381.bmp,32
12382.bmp,33
12383.bmp,34
12384.bmp,35
12385.bmp,36
12386.bmp,37
12387.bmp,38
12388.bmp,39
12389.bmp,40
12390.bmp,41
12391.bmp,42
12392.bmp,43
12393.bmp,44
12394.bmp,45
12395.bmp,46
12396.bmp,47
12397.bmp,48
12398.bmp,49
12399.bmp,50
12400.bmp,51
12401.bmp,52
12402.bmp,53
12403.bmp,54
12404.bmp,55
12405.bmp,56
12406.bmp,57
12407.bmp,58
12408.bmp,59
12409.bmp,60
12410.bmp,61
12411.bmp,62
12412.bmp,63
12413.bmp,64
12414.bmp,65
12415.bmp,66
12416.bmp,67
12417.bmp,68
12418.bmp,69
12419.bmp,70
12420.bmp,71
12421.bmp,72
12422.bmp,73
12423.bmp,74
12424.bmp,75
12425.bmp,76
12426.bmp,77
12427.bmp,78
12428.bmp,79
12429.bmp,0
12430.bmp,81
12431.bmp,82
12432.bmp,83
12433.bmp,84
12434.bmp,85
12435.bmp,86
12436.bmp,87
12437.bmp,88
12438.bmp,89
12439.bmp,90
12440.bmp,91
12441.bmp,92
12442.bmp,93
12443.bmp,94
12444.bmp,95
12445.bmp,96
12446.bmp,97
12447.bmp,98
12448.bmp,99
12449.bmp,100
12450.bmp,101
12451.bmp,102
12452.bmp,103
12453.bmp,104
12454.bmp,105
12455.bmp,106
12456.bmp,107
12457.bmp,108
12458.bmp,109
12459.bmp,110
12460.bmp,111
12461.bmp,112
12462.bmp,113
12463.bmp,114
12464.bmp,115
12465.bmp,116
12466.bmp,117
12467.bmp,118
12468.bmp,119
12469.bmp,120
12470.bmp,121
12471.bmp,122
12472.bmp,123
12473.bmp,124
12474.bmp,125
12475.bmp,126
12476.bmp,127
12477.bmp,128
12478.bmp,129
12479.bmp,130
12480.bmp,131
12481.bmp,132
12482.bmp,133
12483.bmp,134
12484.bmp,135
12485.bmp,136
12486.bmp,137
12487.bmp,138
12488.bmp,139
12489.bmp,140
12490.bmp,141
12491.bmp,142
12492.bmp,143
12493.bmp,144
12494.bmp,145
12495.bmp,146
12496.bmp,147
12497.bmp,148
12498.bmp,149
12499.bmp,150
12500.bmp,151
12501.bmp,152
12502.bmp,153
12503.bmp,154
12504.bmp,155
12505.bmp,1
12506.bmp,2
12507.bmp,7
12508.bmp,8
12509.bmp,21
12510.bmp,22
12511.bmp,23
12512.bmp,24
12513.bmp,25
12514.bmp,26
12515.bmp,27
12516.bmp,28
12517.bmp,29
12518.bmp,30
12519.bmp,31
12520.bmp,32
12521.bmp,33
12522.bmp,34
12523.bmp,35
12524.bmp,36
12525.bmp,37
12526.bmp,38
12527.bmp,39
12528.bmp,40
12529.bmp,41
12530.bmp,42
12531.bmp,43
12532.bmp,44
12533.bmp,45
12534.bmp,46
12535.bmp,47
12536.bmp,48
12537.bmp,49
12538.bmp,50
12539.bmp,51
12540.bmp,52
12541.bmp,53
12542.bmp,54
12543.bmp,55
12544.bmp,56
12545.bmp,57
12546.bmp,58
12547.bmp,59
12548.bmp,60
12549.bmp,61
12550.bmp,62
12551.bmp,63
12552.bmp,64
12553.bmp,65
12554.bmp,66
12555.bmp,67
12556.bmp,68
12557.bmp,69
12558.bmp,70
12559.bmp,71
12560.bmp,72
12561.bmp,73
12562.bmp,74
12563.bmp,75
12564.bmp,76
12565.bmp,77
12566.bmp,78
12567.bmp,79
12568.bmp,0
12569.bmp,81
12570.bmp,82
12571.bmp,83
12572.bmp,84
12573.bmp,85
12574.bmp,86
12575.bmp,87
12576.bmp,88
12577.bmp,89
12578.bmp,90
12579.bmp,91
12580.bmp,92
12581.bmp,93
12582.bmp,94
12583.bmp,95
12584.bmp,96
12585.bmp,97
12586.bmp,98
12587.bmp,99
12588.bmp,100
12589.bmp,101
12590.bmp,102
12591.bmp,103
12592.bmp,104
12593.bmp,105
12594.bmp,106
12595.bmp,107
12596.bmp,108
12597.bmp,109
12598.bmp,110
12599.bmp,111
12600.bmp,112
12601.bmp,113
12602.bmp,114
12603.bmp,115
12604.bmp,116
12605.bmp,117
12606.bmp,118
12607.bmp,119
12608.bmp,120
12609.bmp,121
12610.bmp,122
12611.bmp,123
12612.bmp,124
12613.bmp,125
12614.bmp,126
12615.bmp,127
12616.bmp,128
12617.bmp,129
12618.bmp,130
12619.bmp,131
12620.bmp,132
12621.bmp,133
12622.bmp,134
12623.bmp,135
12624.bmp,136
12625.bmp,137
12626.bmp,138
12627.bmp,139
12628.bmp,140
12629.bmp,141
12630.bmp,142
12631.bmp,143
12632.bmp,144
12633.bmp,145
12634.bmp,146
12635.bmp,147
12636.bmp,148
12637.bmp,149
12638.bmp,150
12639.bmp,151
12640.bmp,152
12641.bmp,153
12642.bmp,154
12643.bmp,155
12644.bmp,1
12645.bmp,2
12646.bmp,7
12647.bmp,8
12648.bmp,21
12649.bmp,22
12650.bmp,23
12651.bmp,24
12652.bmp,25
12653.bmp,26
12654.bmp,27
12655.bmp,28
12656.bmp,29
12657.bmp,30
12658.bmp,31
12659.bmp,32
12660.bmp,33
12661.bmp,34
12662.bmp,35
12663.bmp,36
12664.bmp,37
12665.bmp,38
12666.bmp,39
12667.bmp,40
12668.bmp,41
12669.bmp,42
12670.bmp,43
12671.bmp,44
12672.bmp,45
12673.bmp,46
12674.bmp,47
12675.bmp,48
12676.bmp,49
12677.bmp,50
12678.bmp,51
12679.bmp,52
12680.bmp,53
12681.bmp,54
12682.bmp,55
12683.bmp,56
12684.bmp,57
12685.bmp,58
12686.bmp,59
12687.bmp,60
12688.bmp,61
12689.bmp,62
12690.bmp,63
12691.bmp,64
12692.bmp,65
12693.bmp,66
12694.bmp,67
12695.bmp,68
12696.bmp,69
12697.bmp,70
12698.bmp,71
12699.bmp,72
12700.bmp,73
12701.bmp,74
12702.bmp,75
12703.bmp,76
12704.bmp,77
12705.bmp,78
12706.bmp,79
12707.bmp,0
12708.bmp,1
12709.bmp,2
12710.bmp,3
12711.bmp,4
12712.bmp,5
12713.bmp,6
12714.bmp,7
12715.bmp,8
12716.bmp,9
12717.bmp,10
12718.bmp,11
12719.bmp,12
12720.bmp,13
12721.bmp,14
12722.bmp,15
12723.bmp,16
12724.bmp,17
12725.bmp,18
12726.bmp,19
12727.bmp,20
12728.bmp,21
12729.bmp,22
12730.bmp,23
12731.bmp,24
12732.bmp,25
12733.bmp,26
12734.bmp,27
12735.bmp,28
12736.bmp,29
12737.bmp,30
12738.bmp,31
12739.bmp,32
12740.bmp,33
12741.bmp,34
12742.bmp,35
12743.bmp,36
12744.bmp,37
12745.bmp,38
12746.bmp,39
12747.bmp,40
12748.bmp,41
12749.bmp,42
12750.bmp,43
12751.bmp,44
12752.bmp,45
12753.bmp,46
12754.bmp,47
12755.bmp,48
12756.bmp,49
12757.bmp,50
12758.bmp,51
12759.bmp,52
12760.bmp,53
12761.bmp,54
12762.bmp,55
12763.bmp,56
12764.bmp,57
12765.bmp,58
12766.bmp,59
12767.bmp,60
12768.bmp,61
12769.bmp,62
12770.bmp,63
12771.bmp,64
12772.bmp,65
12773.bmp,66
12774.bmp,67
12775.bmp,68
12776.bmp,69
12777.bmp,70
12778.bmp,71
12779.bmp,72
12780.bmp,73
12781.bmp,74
12782.bmp,75
12783.bmp,76
12784.bmp,77
12785.bmp,78
12786.bmp,79
12787.bmp,80
12788.bmp,81
12789.bmp,82
12790.bmp,83
12791.bmp,84
12792.bmp,85
12793.bmp,86
12794.bmp,87
12795.bmp,88
12796.bmp,89
12797.bmp,90
12798.bmp,91
12799.bmp,92
12800.bmp,93
12801.bmp,94
12802.bmp,95
12803.bmp,96
12804.bmp,97
12805.bmp,98
12806.bmp,99
12807.bmp,100
12808.bmp,101
12809.bmp,102
12810.bmp,103
12811.bmp,104
12812.bmp,105
12813.bmp,106
12814.bmp,107
12815.bmp,108
12816.bmp,109
12817.bmp,110
12818.bmp,111
12819.bmp,112
12820.bmp,113
12821.bmp,114
12822.bmp,115
12823.bmp,116
12824.bmp,117
12825.bmp,118
12826.bmp,119
12827.bmp,120
12828.bmp,121
12829.bmp,122
12830.bmp,123
12831.bmp,124
12832.bmp,125
12833.bmp,126
12834.bmp,127
12835.bmp,128
12836.bmp,129
12837.bmp,130
12838.bmp,131
12839.bmp,132
12840.bmp,133
12841.bmp,134
12842.bmp,135
12843.bmp,136
12844.bmp,137
12845.bmp,138
12846.bmp,139
12847.bmp,140
12848.bmp,141
12849.bmp,142
12850.bmp,143
12851.bmp,144
12852.bmp,145
12853.bmp,146
12854.bmp,147
12855.bmp,148
12856.bmp,149
12857.bmp,150
12858.bmp,151
12859.bmp,152
12860.bmp,153
12861.bmp,154
12862.bmp,155
12863.bmp,0
12864.bmp,1
12865.bmp,2
12866.bmp,3
12867.bmp,4
12868.bmp,5
12869.bmp,6
12870.bmp,7
12871.bmp,8
12872.bmp,9
12873.bmp,10
12874.bmp,11
12875.bmp,12
12876.bmp,13
12877.bmp,14
12878.bmp,15
12879.bmp,16
12880.bmp,17
12881.bmp,18
12882.bmp,19
12883.bmp,20
12884.bmp,21
12885.bmp,22
12886.bmp,23
12887.bmp,24
12888.bmp,25
12889.bmp,26
12890.bmp,27
12891.bmp,28
12892.bmp,29
12893.bmp,30
12894.bmp,31
12895.bmp,32
12896.bmp,33
12897.bmp,34
12898.bmp,35
12899.bmp,36
12900.bmp,37
12901.bmp,38
12902.bmp,39
12903.bmp,40
12904.bmp,41
12905.bmp,42
12906.bmp,43
12907.bmp,44
12908.bmp,45
12909.bmp,46
12910.bmp,47
12911.bmp,48
12912.bmp,49
12913.bmp,50
12914.bmp,51
12915.bmp,52
12916.bmp,53
12917.bmp,54
12918.bmp,55
12919.bmp,56
12920.bmp,57
12921.bmp,58
12922.bmp,59
12923.bmp,60
12924.bmp,61
12925.bmp,62
12926.bmp,63
12927.bmp,64
12928.bmp,65
12929.bmp,66
12930.bmp,67
12931.bmp,68
12932.bmp,69
12933.bmp,70
12934.bmp,71
12935.bmp,72
12936.bmp,73
12937.bmp,74
12938.bmp,75
12939.bmp,76
12940.bmp,77
12941.bmp,78
12942.bmp,79
12943.bmp,80
12944.bmp,81
12945.bmp,82
12946.bmp,83
12947.bmp,84
12948.bmp,85
12949.bmp,86
12950.bmp,87
12951.bmp,88
12952.bmp,89
12953.bmp,90
12954.bmp,91
12955.bmp,92
12956.bmp,93
12957.bmp,94
12958.bmp,95
12959.bmp,96
12960.bmp,97
12961.bmp,98
12962.bmp,99
12963.bmp,100
12964.bmp,101
12965.bmp,102
12966.bmp,103
12967.bmp,104
12968.bmp,105
12969.bmp,106
12970.bmp,107
12971.bmp,108
12972.bmp,109
12973.bmp,110
12974.bmp,111
12975.bmp,112
12976.bmp,113
12977.bmp,114
12978.bmp,115
12979.bmp,116
12980.bmp,117
12981.bmp,118
12982.bmp,119
12983.bmp,120
12984.bmp,121
12985.bmp,122
12986.bmp,123
12987.bmp,124
12988.bmp,125
12989.bmp,126
12990.bmp,127
12991.bmp,128
12992.bmp,129
12993.bmp,130
12994.bmp,131
12995.bmp,132
12996.bmp,133
12997.bmp,134
12998.bmp,135
12999.bmp,136
13000.bmp,137
13001.bmp,138
13002.bmp,139
13003.bmp,140
13004.bmp,141
13005.bmp,142
13006.bmp,143
13007.bmp,144
13008.bmp,145
13009.bmp,146
13010.bmp,147
13011.bmp,148
13012.bmp,149
13013.bmp,150
13014.bmp,151
13015.bmp,152
13016.bmp,153
13017.bmp,154
13018.bmp,155
13019.bmp,0
13020.bmp,1
13021.bmp,2
13022.bmp,3
13023.bmp,4
13024.bmp,5
13025.bmp,6
13026.bmp,7
13027.bmp,8
13028.bmp,9
13029.bmp,10
13030.bmp,11
13031.bmp,12
13032.bmp,13
13033.bmp,14
13034.bmp,15
13035.bmp,16
13036.bmp,17
13037.bmp,18
13038.bmp,19
13039.bmp,20
13040.bmp,21
13041.bmp,22
13042.bmp,23
13043.bmp,24
13044.bmp,25
13045.bmp,26
13046.bmp,27
13047.bmp,28
13048.bmp,29
13049.bmp,30
13050.bmp,31
13051.bmp,32
13052.bmp,33
13053.bmp,34
13054.bmp,35
13055.bmp,36
13056.bmp,37
13057.bmp,38
13058.bmp,39
13059.bmp,40
13060.bmp,41
13061.bmp,42
13062.bmp,43
13063.bmp,44
13064.bmp,45
13065.bmp,46
13066.bmp,47
13067.bmp,48
13068.bmp,49
13069.bmp,50
13070.bmp,51
13071.bmp,52
13072.bmp,53
13073.bmp,54
13074.bmp,55
13075.bmp,56
13076.bmp,57
13077.bmp,58
13078.bmp,59
13079.bmp,60
13080.bmp,61
13081.bmp,62
13082.bmp,63
13083.bmp,64
13084.bmp,65
13085.bmp,66
13086.bmp,67
13087.bmp,68
13088.bmp,69
13089.bmp,70
13090.bmp,71
13091.bmp,72
13092.bmp,73
13093.bmp,74
13094.bmp,75
13095.bmp,76
13096.bmp,77
13097.bmp,78
13098.bmp,79
13099.bmp,80
13100.bmp,81
13101.bmp,82
13102.bmp,83
13103.bmp,84
13104.bmp,85
13105.bmp,86
13106.bmp,87
13107.bmp,88
13108.bmp,89
13109.bmp,90
13110.bmp,91
13111.bmp,92
13112.bmp,93
13113.bmp,94
13114.bmp,95
13115.bmp,96
13116.bmp,97
13117.bmp,98
13118.bmp,99
13119.bmp,100
13120.bmp,101
13121.bmp,102
13122.bmp,103
13123.bmp,104
13124.bmp,105
13125.bmp,106
13126.bmp,107
13127.bmp,108
13128.bmp,109
13129.bmp,110
13130.bmp,111
13131.bmp,112
13132.bmp,113
13133.bmp,114
13134.bmp,115
13135.bmp,116
13136.bmp,117
13137.bmp,118
13138.bmp,119
13139.bmp,120
13140.bmp,121
13141.bmp,122
13142.bmp,123
13143.bmp,124
13144.bmp,125
13145.bmp,126
13146.bmp,127
13147.bmp,128
13148.bmp,129
13149.bmp,130
13150.bmp,131
13151.bmp,132
13152.bmp,133
13153.bmp,134
13154.bmp,135
13155.bmp,136
13156.bmp,137
13157.bmp,138
13158.bmp,139
13159.bmp,140
13160.bmp,141
13161.bmp,142
13162.bmp,143
13163.bmp,144
13164.bmp,145
13165.bmp,146
13166.bmp,147
13167.bmp,148
13168.bmp,149
13169.bmp,150
13170.bmp,151
13171.bmp,152
13172.bmp,153
13173.bmp,154
13174.bmp,155
13175.bmp,0
13176.bmp,1
13177.bmp,2
13178.bmp,3
13179.bmp,4
13180.bmp,5
13181.bmp,6
13182.bmp,7
13183.bmp,8
13184.bmp,9
13185.bmp,10
13186.bmp,11
13187.bmp,12
13188.bmp,13
13189.bmp,14
13190.bmp,15
13191.bmp,16
13192.bmp,17
13193.bmp,18
13194.bmp,19
13195.bmp,20
13196.bmp,21
13197.bmp,22
13198.bmp,23
13199.bmp,24
13200.bmp,25
13201.bmp,26
13202.bmp,27
13203.bmp,28
13204.bmp,29
13205.bmp,30
13206.bmp,31
13207.bmp,32
13208.bmp,33
13209.bmp,34
13210.bmp,35
13211.bmp,36
13212.bmp,37
13213.bmp,38
13214.bmp,39
13215.bmp,40
13216.bmp,41
13217.bmp,42
13218.bmp,43
13219.bmp,44
13220.bmp,45
13221.bmp,46
13222.bmp,47
13223.bmp,48
13224.bmp,49
13225.bmp,50
13226.bmp,51
13227.bmp,52
13228.bmp,53
13229.bmp,54
13230.bmp,55
13231.bmp,56
13232.bmp,57
13233.bmp,58
13234.bmp,59
13235.bmp,60
13236.bmp,61
13237.bmp,62
13238.bmp,63
13239.bmp,64
13240.bmp,65
13241.bmp,66
13242.bmp,67
13243.bmp,68
13244.bmp,69
13245.bmp,70
13246.bmp,71
13247.bmp,72
13248.bmp,73
13249.bmp,74
13250.bmp,75
13251.bmp,76
13252.bmp,77
13253.bmp,78
13254.bmp,79
13255.bmp,80
13256.bmp,81
13257.bmp,82
13258.bmp,83
13259.bmp,84
13260.bmp,85
13261.bmp,86
13262.bmp,87
13263.bmp,88
13264.bmp,89
13265.bmp,90
13266.bmp,91
13267.bmp,92
13268.bmp,93
13269.bmp,94
13270.bmp,95
13271.bmp,96
13272.bmp,97
13273.bmp,98
13274.bmp,99
13275.bmp,100
13276.bmp,101
13277.bmp,102
13278.bmp,103
13279.bmp,104
13280.bmp,105
13281.bmp,106
13282.bmp,107
13283.bmp,108
13284.bmp,109
13285.bmp,110
13286.bmp,111
13287.bmp,112
13288.bmp,113
13289.bmp,114
13290.bmp,115
13291.bmp,116
13292.bmp,117
13293.bmp,118
13294.bmp,119
13295.bmp,120
13296.bmp,121
13297.bmp,122
13298.bmp,123
13299.bmp,124
13300.bmp,125
13301.bmp,126
13302.bmp,127
13303.bmp,128
13304.bmp,129
13305.bmp,130
13306.bmp,131
13307.bmp,132
13308.bmp,133
13309.bmp,134
13310.bmp,135
13311.bmp,136
13312.bmp,137
13313.bmp,138
13314.bmp,139
13315.bmp,140
13316.bmp,141
13317.bmp,142
13318.bmp,143
13319.bmp,144
13320.bmp,145
13321.bmp,146
13322.bmp,147
13323.bmp,148
13324.bmp,149
13325.bmp,150
13326.bmp,151
13327.bmp,152
13328.bmp,153
13329.bmp,154
13330.bmp,155
13331.bmp,0
13332.bmp,1
13333.bmp,2
13334.bmp,3
13335.bmp,4
13336.bmp,5
13337.bmp,6
13338.bmp,7
13339.bmp,8
13340.bmp,9
13341.bmp,10
13342.bmp,11
13343.bmp,12
13344.bmp,13
13345.bmp,14
13346.bmp,15
13347.bmp,16
13348.bmp,17
13349.bmp,18
13350.bmp,19
13351.bmp,20
13352.bmp,21
13353.bmp,22
13354.bmp,23
13355.bmp,24
13356.bmp,25
13357.bmp,26
13358.bmp,27
13359.bmp,28
13360.bmp,29
13361.bmp,30
13362.bmp,31
13363.bmp,32
13364.bmp,33
13365.bmp,34
13366.bmp,35
13367.bmp,36
13368.bmp,37
13369.bmp,38
13370.bmp,39
13371.bmp,40
13372.bmp,41
13373.bmp,42
13374.bmp,43
13375.bmp,44
13376.bmp,45
13377.bmp,46
13378.bmp,47
13379.bmp,48
13380.bmp,49
13381.bmp,50
13382.bmp,51
13383.bmp,52
13384.bmp,53
13385.bmp,54
13386.bmp,55
13387.bmp,56
13388.bmp,57
13389.bmp,58
13390.bmp,59
13391.bmp,60
13392.bmp,61
13393.bmp,62
13394.bmp,63
13395.bmp,64
13396.bmp,65
13397.bmp,66
13398.bmp,67
13399.bmp,68
13400.bmp,69
13401.bmp,70
13402.bmp,71
13403.bmp,72
13404.bmp,73
13405.bmp,74
13406.bmp,75
13407.bmp,76
13408.bmp,77
13409.bmp,78
13410.bmp,79
13411.bmp,80
13412.bmp,81
13413.bmp,82
13414.bmp,83
13415.bmp,84
13416.bmp,85
13417.bmp,86
13418.bmp,87
13419.bmp,88
13420.bmp,89
13421.bmp,90
13422.bmp,91
13423.bmp,92
13424.bmp,93
13425.bmp,94
13426.bmp,95
13427.bmp,96
13428.bmp,97
13429.bmp,98
13430.bmp,99
13431.bmp,100
13432.bmp,101
13433.bmp,102
13434.bmp,103
13435.bmp,104
13436.bmp,105
13437.bmp,106
13438.bmp,107
13439.bmp,108
13440.bmp,109
13441.bmp,110
13442.bmp,111
13443.bmp,112
13444.bmp,113
13445.bmp,114
13446.bmp,115
13447.bmp,116
13448.bmp,117
13449.bmp,118
13450.bmp,119
13451.bmp,120
13452.bmp,121
13453.bmp,122
13454.bmp,123
13455.bmp,124
13456.bmp,125
13457.bmp,126
13458.bmp,127
13459.bmp,128
13460.bmp,129
13461.bmp,130
13462.bmp,131
13463.bmp,132
13464.bmp,133
13465.bmp,134
13466.bmp,135
13467.bmp,136
13468.bmp,137
13469.bmp,138
13470.bmp,139
13471.bmp,140
13472.bmp,141
13473.bmp,142
13474.bmp,143
13475.bmp,144
13476.bmp,145
13477.bmp,146
13478.bmp,147
13479.bmp,148
13480.bmp,149
13481.bmp,150
13482.bmp,151
13483.bmp,152
13484.bmp,153
13485.bmp,154
13486.bmp,155
13487.bmp,0
13488.bmp,1
13489.bmp,2
13490.bmp,3
13491.bmp,4
13492.bmp,5
13493.bmp,6
13494.bmp,7
13495.bmp,8
13496.bmp,9
13497.bmp,10
13498.bmp,11
13499.bmp,12
13500.bmp,13
13501.bmp,14
13502.bmp,15
13503.bmp,16
13504.bmp,17
13505.bmp,18
13506.bmp,19
13507.bmp,20
13508.bmp,21
13509.bmp,22
13510.bmp,23
13511.bmp,24
13512.bmp,25
13513.bmp,26
13514.bmp,27
13515.bmp,28
13516.bmp,29
13517.bmp,30
13518.bmp,31
13519.bmp,32
13520.bmp,33
13521.bmp,34
13522.bmp,35
13523.bmp,36
13524.bmp,37
13525.bmp,38
13526.bmp,39
13527.bmp,40
13528.bmp,41
13529.bmp,42
13530.bmp,43
13531.bmp,44
13532.bmp,45
13533.bmp,46
13534.bmp,47
13535.bmp,48
13536.bmp,49
13537.bmp,50
13538.bmp,51
13539.bmp,52
13540.bmp,53
13541.bmp,54
13542.bmp,55
13543.bmp,56
13544.bmp,57
13545.bmp,58
13546.bmp,59
13547.bmp,60
13548.bmp,61
13549.bmp,62
13550.bmp,63
13551.bmp,64
13552.bmp,65
13553.bmp,66
13554.bmp,67
13555.bmp,68
13556.bmp,69
13557.bmp,70
13558.bmp,71
13559.bmp,72
13560.bmp,73
13561.bmp,74
13562.bmp,75
13563.bmp,76
13564.bmp,77
13565.bmp,78
13566.bmp,79
13567.bmp,80
13568.bmp,81
13569.bmp,82
13570.bmp,83
13571.bmp,84
13572.bmp,85
13573.bmp,86
13574.bmp,87
13575.bmp,88
13576.bmp,89
13577.bmp,90
13578.bmp,91
13579.bmp,92
13580.bmp,93
13581.bmp,94
13582.bmp,95
13583.bmp,96
13584.bmp,97
13585.bmp,98
13586.bmp,99
13587.bmp,100
13588.bmp,101
13589.bmp,102
13590.bmp,103
13591.bmp,104
13592.bmp,105
13593.bmp,106
13594.bmp,107
13595.bmp,108
13596.bmp,109
13597.bmp,110
13598.bmp,111
13599.bmp,112
13600.bmp,113
13601.bmp,114
13602.bmp,115
13603.bmp,116
13604.bmp,117
13605.bmp,118
13606.bmp,119
13607.bmp,120
13608.bmp,121
13609.bmp,122
13610.bmp,123
13611.bmp,124
13612.bmp,125
13613.bmp,126
13614.bmp,127
13615.bmp,128
13616.bmp,129
13617.bmp,130
13618.bmp,131
13619.bmp,132
13620.bmp,133
13621.bmp,134
13622.bmp,135
13623.bmp,136
13624.bmp,137
13625.bmp,138
13626.bmp,139
13627.bmp,140
13628.bmp,141
13629.bmp,142
13630.bmp,143
13631.bmp,144
13632.bmp,145
13633.bmp,146
13634.bmp,147
13635.bmp,148
13636.bmp,149
13637.bmp,150
13638.bmp,151
13639.bmp,152
13640.bmp,153
13641.bmp,154
13642.bmp,155
13643.bmp,0
13644.bmp,1
13645.bmp,2
13646.bmp,3
13647.bmp,4
13648.bmp,5
13649.bmp,6
13650.bmp,7
13651.bmp,8
13652.bmp,9
13653.bmp,10
13654.bmp,11
13655.bmp,12
13656.bmp,13
13657.bmp,14
13658.bmp,15
13659.bmp,16
13660.bmp,17
13661.bmp,18
13662.bmp,19
13663.bmp,20
13664.bmp,21
13665.bmp,22
13666.bmp,23
13667.bmp,24
13668.bmp,25
13669.bmp,26
13670.bmp,27
13671.bmp,28
13672.bmp,29
13673.bmp,30
13674.bmp,31
13675.bmp,32
13676.bmp,33
13677.bmp,34
13678.bmp,35
13679.bmp,36
13680.bmp,37
13681.bmp,38
13682.bmp,39
13683.bmp,40
13684.bmp,41
13685.bmp,42
13686.bmp,43
13687.bmp,44
13688.bmp,45
13689.bmp,46
13690.bmp,47
13691.bmp,48
13692.bmp,49
13693.bmp,50
13694.bmp,51
13695.bmp,52
13696.bmp,53
13697.bmp,54
13698.bmp,55
13699.bmp,56
13700.bmp,57
13701.bmp,58
13702.bmp,59
13703.bmp,60
13704.bmp,61
13705.bmp,62
13706.bmp,63
13707.bmp,64
13708.bmp,65
13709.bmp,66
13710.bmp,67
13711.bmp,68
13712.bmp,69
13713.bmp,70
13714.bmp,71
13715.bmp,72
13716.bmp,73
13717.bmp,74
13718.bmp,75
13719.bmp,76
13720.bmp,77
13721.bmp,78
13722.bmp,79
13723.bmp,80
13724.bmp,81
13725.bmp,82
13726.bmp,83
13727.bmp,84
13728.bmp,85
13729.bmp,86
13730.bmp,87
13731.bmp,88
13732.bmp,89
13733.bmp,90
13734.bmp,91
13735.bmp,92
13736.bmp,93
13737.bmp,94
13738.bmp,95
13739.bmp,96
13740.bmp,97
13741.bmp,98
13742.bmp,99
13743.bmp,100
13744.bmp,101
13745.bmp,102
13746.bmp,103
13747.bmp,104
13748.bmp,105
13749.bmp,106
13750.bmp,107
13751.bmp,108
13752.bmp,109
13753.bmp,110
13754.bmp,111
13755.bmp,112
13756.bmp,113
13757.bmp,114
13758.bmp,115
13759.bmp,116
13760.bmp,117
13761.bmp,118
13762.bmp,119
13763.bmp,120
13764.bmp,121
13765.bmp,122
13766.bmp,123
13767.bmp,124
13768.bmp,125
13769.bmp,126
13770.bmp,127
13771.bmp,128
13772.bmp,129
13773.bmp,130
13774.bmp,131
13775.bmp,132
13776.bmp,133
13777.bmp,134
13778.bmp,135
13779.bmp,136
13780.bmp,137
13781.bmp,138
13782.bmp,139
13783.bmp,140
13784.bmp,141
13785.bmp,142
13786.bmp,143
13787.bmp,144
13788.bmp,145
13789.bmp,146
13790.bmp,147
13791.bmp,148
13792.bmp,149
13793.bmp,150
13794.bmp,151
13795.bmp,152
13796.bmp,153
13797.bmp,154
13798.bmp,155
13799.bmp,0
13800.bmp,1
13801.bmp,2
13802.bmp,3
13803.bmp,4
13804.bmp,5
13805.bmp,6
13806.bmp,7
13807.bmp,8
13808.bmp,9
13809.bmp,10
13810.bmp,11
13811.bmp,12
13812.bmp,13
13813.bmp,14
13814.bmp,15
13815.bmp,16
13816.bmp,17
13817.bmp,18
13818.bmp,19
13819.bmp,20
13820.bmp,21
13821.bmp,22
13822.bmp,23
13823.bmp,24
13824.bmp,25
13825.bmp,26
13826.bmp,27
13827.bmp,28
13828.bmp,29
13829.bmp,30
13830.bmp,31
13831.bmp,32
13832.bmp,33
13833.bmp,34
13834.bmp,35
13835.bmp,36
13836.bmp,37
13837.bmp,38
13838.bmp,39
13839.bmp,40
13840.bmp,41
13841.bmp,42
13842.bmp,43
13843.bmp,44
13844.bmp,45
13845.bmp,46
13846.bmp,47
13847.bmp,48
13848.bmp,49
13849.bmp,50
13850.bmp,51
13851.bmp,52
13852.bmp,53
13853.bmp,54
13854.bmp,55
13855.bmp,56
13856.bmp,57
13857.bmp,58
13858.bmp,59
13859.bmp,60
13860.bmp,61
13861.bmp,62
13862.bmp,63
13863.bmp,64
13864.bmp,65
13865.bmp,66
13866.bmp,67
13867.bmp,68
13868.bmp,69
13869.bmp,70
13870.bmp,71
13871.bmp,72
13872.bmp,73
13873.bmp,74
13874.bmp,75
13875.bmp,76
13876.bmp,77
13877.bmp,78
13878.bmp,79
13879.bmp,80
13880.bmp,81
13881.bmp,82
13882.bmp,83
13883.bmp,84
13884.bmp,85
13885.bmp,86
13886.bmp,87
13887.bmp,88
13888.bmp,89
13889.bmp,90
13890.bmp,91
13891.bmp,92
13892.bmp,93
13893.bmp,94
13894.bmp,95
13895.bmp,96
13896.bmp,97
13897.bmp,98
13898.bmp,99
13899.bmp,100
13900.bmp,101
13901.bmp,102
13902.bmp,103
13903.bmp,104
13904.bmp,105
13905.bmp,106
13906.bmp,107
13907.bmp,108
13908.bmp,109
13909.bmp,110
13910.bmp,111
13911.bmp,112
13912.bmp,113
13913.bmp,114
13914.bmp,115
13915.bmp,116
13916.bmp,117
13917.bmp,118
13918.bmp,119
13919.bmp,120
13920.bmp,121
13921.bmp,122
13922.bmp,123
13923.bmp,124
13924.bmp,125
13925.bmp,126
13926.bmp,127
13927.bmp,128
13928.bmp,129
13929.bmp,130
13930.bmp,131
13931.bmp,132
13932.bmp,133
13933.bmp,134
13934.bmp,135
13935.bmp,136
13936.bmp,137
13937.bmp,138
13938.bmp,139
13939.bmp,140
13940.bmp,141
13941.bmp,142
13942.bmp,143
13943.bmp,144
13944.bmp,145
13945.bmp,146
13946.bmp,147
13947.bmp,148
13948.bmp,149
13949.bmp,150
13950.bmp,151
13951.bmp,152
13952.bmp,153
13953.bmp,154
13954.bmp,155
13955.bmp,0
13956.bmp,1
13957.bmp,2
13958.bmp,3
13959.bmp,4
13960.bmp,5
13961.bmp,6
13962.bmp,7
13963.bmp,8
13964.bmp,9
13965.bmp,10
13966.bmp,11
13967.bmp,12
13968.bmp,13
13969.bmp,14
13970.bmp,15
13971.bmp,16
13972.bmp,17
13973.bmp,18
13974.bmp,19
13975.bmp,20
13976.bmp,21
13977.bmp,22
13978.bmp,23
13979.bmp,24
13980.bmp,25
13981.bmp,26
13982.bmp,27
13983.bmp,28
13984.bmp,29
13985.bmp,30
13986.bmp,31
13987.bmp,32
13988.bmp,33
13989.bmp,34
13990.bmp,35
13991.bmp,36
13992.bmp,37
13993.bmp,38
13994.bmp,39
13995.bmp,40
13996.bmp,41
13997.bmp,42
13998.bmp,43
13999.bmp,44
14000.bmp,45
14001.bmp,46
14002.bmp,47
14003.bmp,48
14004.bmp,49
14005.bmp,50
14006.bmp,51
14007.bmp,52
14008.bmp,53
14009.bmp,54
14010.bmp,55
14011.bmp,56
14012.bmp,57
14013.bmp,58
14014.bmp,59
14015.bmp,60
14016.bmp,61
14017.bmp,62
14018.bmp,63
14019.bmp,64
14020.bmp,65
14021.bmp,66
14022.bmp,67
14023.bmp,68
14024.bmp,69
14025.bmp,70
14026.bmp,71
14027.bmp,72
14028.bmp,73
14029.bmp,74
14030.bmp,75
14031.bmp,76
14032.bmp,77
14033.bmp,78
14034.bmp,79
14035.bmp,80
14036.bmp,81
14037.bmp,82
14038.bmp,83
14039.bmp,84
14040.bmp,85
14041.bmp,86
14042.bmp,87
14043.bmp,88
14044.bmp,89
14045.bmp,90
14046.bmp,91
14047.bmp,92
14048.bmp,93
14049.bmp,94
14050.bmp,95
14051.bmp,96
14052.bmp,97
14053.bmp,98
14054.bmp,99
14055.bmp,100
14056.bmp,101
14057.bmp,102
14058.bmp,103
14059.bmp,104
14060.bmp,105
14061.bmp,106
14062.bmp,107
14063.bmp,108
14064.bmp,109
14065.bmp,110
14066.bmp,111
14067.bmp,112
14068.bmp,113
14069.bmp,114
14070.bmp,115
14071.bmp,116
14072.bmp,117
14073.bmp,118
14074.bmp,119
14075.bmp,120
14076.bmp,121
14077.bmp,122
14078.bmp,123
14079.bmp,124
14080.bmp,125
14081.bmp,126
14082.bmp,127
14083.bmp,128
14084.bmp,129
14085.bmp,130
14086.bmp,131
14087.bmp,132
14088.bmp,133
14089.bmp,134
14090.bmp,135
14091.bmp,136
14092.bmp,137
14093.bmp,138
14094.bmp,139
14095.bmp,140
14096.bmp,141
14097.bmp,142
14098.bmp,143
14099.bmp,144
14100.bmp,145
14101.bmp,146
14102.bmp,147
14103.bmp,148
14104.bmp,149
14105.bmp,150
14106.bmp,151
14107.bmp,152
14108.bmp,153
14109.bmp,154
14110.bmp,155
14111.bmp,0
14112.bmp,1
14113.bmp,2
14114.bmp,3
14115.bmp,4
14116.bmp,5
14117.bmp,6
14118.bmp,7
14119.bmp,8
14120.bmp,9
14121.bmp,10
14122.bmp,11
14123.bmp,12
14124.bmp,13
14125.bmp,14
14126.bmp,15
14127.bmp,16
14128.bmp,17
14129.bmp,18
14130.bmp,19
14131.bmp,20
14132.bmp,21
14133.bmp,22
14134.bmp,23
14135.bmp,24
14136.bmp,25
14137.bmp,26
14138.bmp,27
14139.bmp,28
14140.bmp,29
14141.bmp,30
14142.bmp,31
14143.bmp,32
14144.bmp,33
14145.bmp,34
14146.bmp,35
14147.bmp,36
14148.bmp,37
14149.bmp,38
14150.bmp,39
14151.bmp,40
14152.bmp,41
14153.bmp,42
14154.bmp,43
14155.bmp,44
14156.bmp,45
14157.bmp,46
14158.bmp,47
14159.bmp,48
14160.bmp,49
14161.bmp,50
14162.bmp,51
14163.bmp,52
14164.bmp,53
14165.bmp,54
14166.bmp,55
14167.bmp,56
14168.bmp,57
14169.bmp,58
14170.bmp,59
14171.bmp,60
14172.bmp,61
14173.bmp,62
14174.bmp,63
14175.bmp,64
14176.bmp,65
14177.bmp,66
14178.bmp,67
14179.bmp,68
14180.bmp,69
14181.bmp,70
14182.bmp,71
14183.bmp,72
14184.bmp,73
14185.bmp,74
14186.bmp,75
14187.bmp,76
14188.bmp,77
14189.bmp,78
14190.bmp,79
14191.bmp,80
14192.bmp,81
14193.bmp,82
14194.bmp,83
14195.bmp,84
14196.bmp,85
14197.bmp,86
14198.bmp,87
14199.bmp,88
14200.bmp,89
14201.bmp,90
14202.bmp,91
14203.bmp,92
14204.bmp,93
14205.bmp,94
14206.bmp,95
14207.bmp,96
14208.bmp,97
14209.bmp,98
14210.bmp,99
14211.bmp,100
14212.bmp,101
14213.bmp,102
14214.bmp,103
14215.bmp,104
14216.bmp,105
14217.bmp,106
14218.bmp,107
14219.bmp,108
14220.bmp,109
14221.bmp,110
14222.bmp,111
14223.bmp,112
14224.bmp,113
14225.bmp,114
14226.bmp,115
14227.bmp,116
14228.bmp,117
14229.bmp,118
14230.bmp,119
14231.bmp,120
14232.bmp,121
14233.bmp,122
14234.bmp,123
14235.bmp,124
14236.bmp,125
14237.bmp,126
14238.bmp,127
14239.bmp,128
14240.bmp,129
14241.bmp,130
14242.bmp,131
14243.bmp,132
14244.bmp,133
14245.bmp,134
14246.bmp,135
14247.bmp,136
14248.bmp,137
14249.bmp,138
14250.bmp,139
14251.bmp,140
14252.bmp,141
14253.bmp,142
14254.bmp,143
14255.bmp,144
14256.bmp,145
14257.bmp,146
14258.bmp,147
14259.bmp,148
14260.bmp,149
14261.bmp,150
14262.bmp,151
14263.bmp,152
14264.bmp,153
14265.bmp,154
14266.bmp,155
14267.bmp,0
14268.bmp,1
14269.bmp,2
14270.bmp,3
14271.bmp,4
14272.bmp,5
14273.bmp,6
14274.bmp,7
14275.bmp,8
14276.bmp,9
14277.bmp,10
14278.bmp,11
14279.bmp,12
14280.bmp,13
14281.bmp,14
14282.bmp,15
14283.bmp,16
14284.bmp,17
14285.bmp,18
14286.bmp,19
14287.bmp,20
14288.bmp,21
14289.bmp,22
14290.bmp,23
14291.bmp,24
14292.bmp,25
14293.bmp,26
14294.bmp,27
14295.bmp,28
14296.bmp,29
14297.bmp,30
14298.bmp,31
14299.bmp,32
14300.bmp,33
14301.bmp,34
14302.bmp,35
14303.bmp,36
14304.bmp,37
14305.bmp,38
14306.bmp,39
14307.bmp,40
14308.bmp,41
14309.bmp,42
14310.bmp,43
14311.bmp,44
14312.bmp,45
14313.bmp,46
14314.bmp,47
14315.bmp,48
14316.bmp,49
14317.bmp,50
14318.bmp,51
14319.bmp,52
14320.bmp,53
14321.bmp,54
14322.bmp,55
14323.bmp,56
14324.bmp,57
14325.bmp,58
14326.bmp,59
14327.bmp,60
14328.bmp,61
14329.bmp,62
14330.bmp,63
14331.bmp,64
14332.bmp,65
14333.bmp,66
14334.bmp,67
14335.bmp,68
14336.bmp,69
14337.bmp,70
14338.bmp,71
14339.bmp,72
14340.bmp,73
14341.bmp,74
14342.bmp,75
14343.bmp,76
14344.bmp,77
14345.bmp,78
14346.bmp,79
14347.bmp,80
14348.bmp,81
14349.bmp,82
14350.bmp,83
14351.bmp,84
14352.bmp,85
14353.bmp,86
14354.bmp,87
14355.bmp,88
14356.bmp,89
14357.bmp,90
14358.bmp,91
14359.bmp,92
14360.bmp,93
14361.bmp,94
14362.bmp,95
14363.bmp,96
14364.bmp,97
14365.bmp,98
14366.bmp,99
14367.bmp,100
14368.bmp,101
14369.bmp,102
14370.bmp,103
14371.bmp,104
14372.bmp,105
14373.bmp,106
14374.bmp,107
14375.bmp,108
14376.bmp,109
14377.bmp,110
14378.bmp,111
14379.bmp,112
14380.bmp,113
14381.bmp,114
14382.bmp,115
14383.bmp,116
14384.bmp,117
14385.bmp,118
14386.bmp,119
14387.bmp,120
14388.bmp,121
14389.bmp,122
14390.bmp,123
14391.bmp,124
14392.bmp,125
14393.bmp,126
14394.bmp,127
14395.bmp,128
14396.bmp,129
14397.bmp,130
14398.bmp,131
14399.bmp,132
14400.bmp,133
14401.bmp,134
14402.bmp,135
14403.bmp,136
14404.bmp,137
14405.bmp,138
14406.bmp,139
14407.bmp,140
14408.bmp,141
14409.bmp,142
14410.bmp,143
14411.bmp,144
14412.bmp,145
14413.bmp,146
14414.bmp,147
14415.bmp,148
14416.bmp,149
14417.bmp,150
14418.bmp,151
14419.bmp,152
14420.bmp,153
14421.bmp,154
14422.bmp,155
14423.bmp,0
14424.bmp,1
14425.bmp,2
14426.bmp,3
14427.bmp,4
14428.bmp,5
14429.bmp,6
14430.bmp,7
14431.bmp,8
14432.bmp,9
14433.bmp,10
14434.bmp,11
14435.bmp,12
14436.bmp,13
14437.bmp,14
14438.bmp,15
14439.bmp,16
14440.bmp,17
14441.bmp,18
14442.bmp,19
14443.bmp,20
14444.bmp,21
14445.bmp,22
14446.bmp,23
14447.bmp,24
14448.bmp,25
14449.bmp,26
14450.bmp,27
14451.bmp,28
14452.bmp,29
14453.bmp,30
14454.bmp,31
14455.bmp,32
14456.bmp,33
14457.bmp,34
14458.bmp,35
14459.bmp,36
14460.bmp,37
14461.bmp,38
14462.bmp,39
14463.bmp,40
14464.bmp,41
14465.bmp,42
14466.bmp,43
14467.bmp,44
14468.bmp,45
14469.bmp,46
14470.bmp,47
14471.bmp,48
14472.bmp,49
14473.bmp,50
14474.bmp,51
14475.bmp,52
14476.bmp,53
14477.bmp,54
14478.bmp,55
14479.bmp,56
14480.bmp,57
14481.bmp,58
14482.bmp,59
14483.bmp,60
14484.bmp,61
14485.bmp,62
14486.bmp,63
14487.bmp,64
14488.bmp,65
14489.bmp,66
14490.bmp,67
14491.bmp,68
14492.bmp,69
14493.bmp,70
14494.bmp,71
14495.bmp,72
14496.bmp,73
14497.bmp,74
14498.bmp,75
14499.bmp,76
14500.bmp,77
14501.bmp,78
14502.bmp,79
14503.bmp,80
14504.bmp,81
14505.bmp,82
14506.bmp,83
14507.bmp,84
14508.bmp,85
14509.bmp,86
14510.bmp,87
14511.bmp,88
14512.bmp,89
14513.bmp,90
14514.bmp,91
14515.bmp,92
14516.bmp,93
14517.bmp,94
14518.bmp,95
14519.bmp,96
14520.bmp,97
14521.bmp,98
14522.bmp,99
14523.bmp,100
14524.bmp,101
14525.bmp,102
14526.bmp,103
14527.bmp,104
14528.bmp,105
14529.bmp,106
14530.bmp,107
14531.bmp,108
14532.bmp,109
14533.bmp,110
14534.bmp,111
14535.bmp,112
14536.bmp,113
14537.bmp,114
14538.bmp,115
14539.bmp,116
14540.bmp,117
14541.bmp,118
14542.bmp,119
14543.bmp,120
14544.bmp,121
14545.bmp,122
14546.bmp,123
14547.bmp,124
14548.bmp,125
14549.bmp,126
14550.bmp,127
14551.bmp,128
14552.bmp,129
14553.bmp,130
14554.bmp,131
14555.bmp,132
14556.bmp,133
14557.bmp,134
14558.bmp,135
14559.bmp,136
14560.bmp,137
14561.bmp,138
14562.bmp,139
14563.bmp,140
14564.bmp,141
14565.bmp,142
14566.bmp,143
14567.bmp,144
14568.bmp,145
14569.bmp,146
14570.bmp,147
14571.bmp,148
14572.bmp,149
14573.bmp,150
14574.bmp,151
14575.bmp,152
14576.bmp,153
14577.bmp,154
14578.bmp,155
14579.bmp,0
14580.bmp,1
14581.bmp,2
14582.bmp,3
14583.bmp,4
14584.bmp,5
14585.bmp,6
14586.bmp,7
14587.bmp,8
14588.bmp,9
14589.bmp,10
14590.bmp,11
14591.bmp,12
14592.bmp,13
14593.bmp,14
14594.bmp,15
14595.bmp,16
14596.bmp,17
14597.bmp,18
14598.bmp,19
14599.bmp,20
14600.bmp,21
14601.bmp,22
14602.bmp,23
14603.bmp,24
14604.bmp,25
14605.bmp,26
14606.bmp,27
14607.bmp,28
14608.bmp,29
14609.bmp,30
14610.bmp,31
14611.bmp,32
14612.bmp,33
14613.bmp,34
14614.bmp,35
14615.bmp,36
14616.bmp,37
14617.bmp,38
14618.bmp,39
14619.bmp,40
14620.bmp,41
14621.bmp,42
14622.bmp,43
14623.bmp,44
14624.bmp,45
14625.bmp,46
14626.bmp,47
14627.bmp,48
14628.bmp,49
14629.bmp,50
14630.bmp,51
14631.bmp,52
14632.bmp,53
14633.bmp,54
14634.bmp,55
14635.bmp,56
14636.bmp,57
14637.bmp,58
14638.bmp,59
14639.bmp,60
14640.bmp,61
14641.bmp,62
14642.bmp,63
14643.bmp,64
14644.bmp,65
14645.bmp,66
14646.bmp,67
14647.bmp,68
14648.bmp,69
14649.bmp,70
14650.bmp,71
14651.bmp,72
14652.bmp,73
14653.bmp,74
14654.bmp,75
14655.bmp,76
14656.bmp,77
14657.bmp,78
14658.bmp,79
14659.bmp,80
14660.bmp,81
14661.bmp,82
14662.bmp,83
14663.bmp,84
14664.bmp,85
14665.bmp,86
14666.bmp,87
14667.bmp,88
14668.bmp,89
14669.bmp,90
14670.bmp,91
14671.bmp,92
14672.bmp,93
14673.bmp,94
14674.bmp,95
14675.bmp,96
14676.bmp,97
14677.bmp,98
14678.bmp,99
14679.bmp,100
14680.bmp,101
14681.bmp,102
14682.bmp,103
14683.bmp,104
14684.bmp,105
14685.bmp,106
14686.bmp,107
14687.bmp,108
14688.bmp,109
14689.bmp,110
14690.bmp,111
14691.bmp,112
14692.bmp,113
14693.bmp,114
14694.bmp,115
14695.bmp,116
14696.bmp,117
14697.bmp,118
14698.bmp,119
14699.bmp,120
14700.bmp,121
14701.bmp,122
14702.bmp,123
14703.bmp,124
14704.bmp,125
14705.bmp,126
14706.bmp,127
14707.bmp,128
14708.bmp,129
14709.bmp,130
14710.bmp,131
14711.bmp,132
14712.bmp,133
14713.bmp,134
14714.bmp,135
14715.bmp,136
14716.bmp,137
14717.bmp,138
14718.bmp,139
14719.bmp,140
14720.bmp,141
14721.bmp,142
14722.bmp,143
14723.bmp,144
14724.bmp,145
14725.bmp,146
14726.bmp,147
14727.bmp,148
14728.bmp,149
14729.bmp,150
14730.bmp,151
14731.bmp,152
14732.bmp,153
14733.bmp,154
14734.bmp,155
14735.bmp,0
14736.bmp,1
14737.bmp,2
14738.bmp,3
14739.bmp,4
14740.bmp,5
14741.bmp,6
14742.bmp,7
14743.bmp,8
14744.bmp,9
14745.bmp,10
14746.bmp,11
14747.bmp,12
14748.bmp,13
14749.bmp,14
14750.bmp,15
14751.bmp,16
14752.bmp,17
14753.bmp,18
14754.bmp,19
14755.bmp,20
14756.bmp,21
14757.bmp,22
14758.bmp,23
14759.bmp,24
14760.bmp,25
14761.bmp,26
14762.bmp,27
14763.bmp,28
14764.bmp,29
14765.bmp,30
14766.bmp,31
14767.bmp,32
14768.bmp,33
14769.bmp,34
14770.bmp,35
14771.bmp,36
14772.bmp,37
14773.bmp,38
14774.bmp,39
14775.bmp,40
14776.bmp,41
14777.bmp,42
14778.bmp,43
14779.bmp,44
14780.bmp,45
14781.bmp,46
14782.bmp,47
14783.bmp,48
14784.bmp,49
14785.bmp,50
14786.bmp,51
14787.bmp,52
14788.bmp,53
14789.bmp,54
14790.bmp,55
14791.bmp,56
14792.bmp,57
14793.bmp,58
14794.bmp,59
14795.bmp,60
14796.bmp,61
14797.bmp,62
14798.bmp,63
14799.bmp,64
14800.bmp,65
14801.bmp,66
14802.bmp,67
14803.bmp,68
14804.bmp,69
14805.bmp,70
14806.bmp,71
14807.bmp,72
14808.bmp,73
14809.bmp,74
14810.bmp,75
14811.bmp,76
14812.bmp,77
14813.bmp,78
14814.bmp,79
14815.bmp,80
14816.bmp,81
14817.bmp,82
14818.bmp,83
14819.bmp,84
14820.bmp,85
14821.bmp,86
14822.bmp,87
14823.bmp,88
14824.bmp,89
14825.bmp,90
14826.bmp,91
14827.bmp,92
14828.bmp,93
14829.bmp,94
14830.bmp,95
14831.bmp,96
14832.bmp,97
14833.bmp,98
14834.bmp,99
14835.bmp,100
14836.bmp,101
14837.bmp,102
14838.bmp,103
14839.bmp,104
14840.bmp,105
14841.bmp,106
14842.bmp,107
14843.bmp,108
14844.bmp,109
14845.bmp,110
14846.bmp,111
14847.bmp,112
14848.bmp,113
14849.bmp,114
14850.bmp,115
14851.bmp,116
14852.bmp,117
14853.bmp,118
14854.bmp,119
14855.bmp,120
14856.bmp,121
14857.bmp,122
14858.bmp,123
14859.bmp,124
14860.bmp,125
14861.bmp,126
14862.bmp,127
14863.bmp,128
14864.bmp,129
14865.bmp,130
14866.bmp,131
14867.bmp,132
14868.bmp,133
14869.bmp,134
14870.bmp,135
14871.bmp,136
14872.bmp,137
14873.bmp,138
14874.bmp,139
14875.bmp,140
14876.bmp,141
14877.bmp,142
14878.bmp,143
14879.bmp,144
14880.bmp,145
14881.bmp,146
14882.bmp,147
14883.bmp,148
14884.bmp,149
14885.bmp,150
14886.bmp,151
14887.bmp,152
14888.bmp,153
14889.bmp,154
14890.bmp,155
14891.bmp,0
14892.bmp,1
14893.bmp,2
14894.bmp,3
14895.bmp,4
14896.bmp,5
14897.bmp,6
14898.bmp,7
14899.bmp,8
14900.bmp,9
14901.bmp,10
14902.bmp,11
14903.bmp,12
14904.bmp,13
14905.bmp,14
14906.bmp,15
14907.bmp,16
14908.bmp,17
14909.bmp,18
14910.bmp,19
14911.bmp,20
14912.bmp,21
14913.bmp,22
14914.bmp,23
14915.bmp,24
14916.bmp,25
14917.bmp,26
14918.bmp,27
14919.bmp,28
14920.bmp,29
14921.bmp,30
14922.bmp,31
14923.bmp,32
14924.bmp,33
14925.bmp,34
14926.bmp,35
14927.bmp,36
14928.bmp,37
14929.bmp,38
14930.bmp,39
14931.bmp,40
14932.bmp,41
14933.bmp,42
14934.bmp,43
14935.bmp,44
14936.bmp,45
14937.bmp,46
14938.bmp,47
14939.bmp,48
14940.bmp,49
14941.bmp,50
14942.bmp,51
14943.bmp,52
14944.bmp,53
14945.bmp,54
14946.bmp,55
14947.bmp,56
14948.bmp,57
14949.bmp,58
14950.bmp,59
14951.bmp,60
14952.bmp,61
14953.bmp,62
14954.bmp,63
14955.bmp,64
14956.bmp,65
14957.bmp,66
14958.bmp,67
14959.bmp,68
14960.bmp,69
14961.bmp,70
14962.bmp,71
14963.bmp,72
14964.bmp,73
14965.bmp,74
14966.bmp,75
14967.bmp,76
14968.bmp,77
14969.bmp,78
14970.bmp,79
14971.bmp,80
14972.bmp,81
14973.bmp,82
14974.bmp,83
14975.bmp,84
14976.bmp,85
14977.bmp,86
14978.bmp,87
14979.bmp,88
14980.bmp,89
14981.bmp,90
14982.bmp,91
14983.bmp,92
14984.bmp,93
14985.bmp,94
14986.bmp,95
14987.bmp,96
14988.bmp,97
14989.bmp,98
14990.bmp,99
14991.bmp,100
14992.bmp,101
14993.bmp,102
14994.bmp,103
14995.bmp,104
14996.bmp,105
14997.bmp,106
14998.bmp,107
14999.bmp,108
15000.bmp,109
15001.bmp,110
15002.bmp,111
15003.bmp,112
15004.bmp,113
15005.bmp,114
15006.bmp,115
15007.bmp,116
15008.bmp,117
15009.bmp,118
15010.bmp,119
15011.bmp,120
15012.bmp,121
15013.bmp,122
15014.bmp,123
15015.bmp,124
15016.bmp,125
15017.bmp,126
15018.bmp,127
15019.bmp,128
15020.bmp,129
15021.bmp,130
15022.bmp,131
15023.bmp,132
15024.bmp,133
15025.bmp,134
15026.bmp,135
15027.bmp,136
15028.bmp,137
15029.bmp,138
15030.bmp,139
15031.bmp,140
15032.bmp,141
15033.bmp,142
15034.bmp,143
15035.bmp,144
15036.bmp,145
15037.bmp,146
15038.bmp,147
15039.bmp,148
15040.bmp,149
15041.bmp,150
15042.bmp,151
15043.bmp,152
15044.bmp,153
15045.bmp,154
15046.bmp,155
15047.bmp,0
15048.bmp,1
15049.bmp,2
15050.bmp,3
15051.bmp,4
15052.bmp,5
15053.bmp,6
15054.bmp,7
15055.bmp,8
15056.bmp,9
15057.bmp,10
15058.bmp,11
15059.bmp,12
15060.bmp,13
15061.bmp,14
15062.bmp,15
15063.bmp,16
15064.bmp,17
15065.bmp,18
15066.bmp,19
15067.bmp,20
15068.bmp,21
15069.bmp,22
15070.bmp,23
15071.bmp,24
15072.bmp,25
15073.bmp,26
15074.bmp,27
15075.bmp,28
15076.bmp,29
15077.bmp,30
15078.bmp,31
15079.bmp,32
15080.bmp,33
15081.bmp,34
15082.bmp,35
15083.bmp,36
15084.bmp,37
15085.bmp,38
15086.bmp,39
15087.bmp,40
15088.bmp,41
15089.bmp,42
15090.bmp,43
15091.bmp,44
15092.bmp,45
15093.bmp,46
15094.bmp,47
15095.bmp,48
15096.bmp,49
15097.bmp,50
15098.bmp,51
15099.bmp,52
15100.bmp,53
15101.bmp,54
15102.bmp,55
15103.bmp,56
15104.bmp,57
15105.bmp,58
15106.bmp,59
15107.bmp,60
15108.bmp,61
15109.bmp,62
15110.bmp,63
15111.bmp,64
15112.bmp,65
15113.bmp,66
15114.bmp,67
15115.bmp,68
15116.bmp,69
15117.bmp,70
15118.bmp,71
15119.bmp,72
15120.bmp,73
15121.bmp,74
15122.bmp,75
15123.bmp,76
15124.bmp,77
15125.bmp,78
15126.bmp,79
15127.bmp,80
15128.bmp,81
15129.bmp,82
15130.bmp,83
15131.bmp,84
15132.bmp,85
15133.bmp,86
15134.bmp,87
15135.bmp,88
15136.bmp,89
15137.bmp,90
15138.bmp,91
15139.bmp,92
15140.bmp,93
15141.bmp,94
15142.bmp,95
15143.bmp,96
15144.bmp,97
15145.bmp,98
15146.bmp,99
15147.bmp,100
15148.bmp,101
15149.bmp,102
15150.bmp,103
15151.bmp,104
15152.bmp,105
15153.bmp,106
15154.bmp,107
15155.bmp,108
15156.bmp,109
15157.bmp,110
15158.bmp,111
15159.bmp,112
15160.bmp,113
15161.bmp,114
15162.bmp,115
15163.bmp,116
15164.bmp,117
15165.bmp,118
15166.bmp,119
15167.bmp,120
15168.bmp,121
15169.bmp,122
15170.bmp,123
15171.bmp,124
15172.bmp,125
15173.bmp,126
15174.bmp,127
15175.bmp,128
15176.bmp,129
15177.bmp,130
15178.bmp,131
15179.bmp,132
15180.bmp,133
15181.bmp,134
15182.bmp,135
15183.bmp,136
15184.bmp,137
15185.bmp,138
15186.bmp,139
15187.bmp,140
15188.bmp,141
15189.bmp,142
15190.bmp,143
15191.bmp,144
15192.bmp,145
15193.bmp,146
15194.bmp,147
15195.bmp,148
15196.bmp,149
15197.bmp,150
15198.bmp,151
15199.bmp,152
15200.bmp,153
15201.bmp,154
15202.bmp,155
15203.bmp,0
15204.bmp,1
15205.bmp,2
15206.bmp,3
15207.bmp,4
15208.bmp,5
15209.bmp,6
15210.bmp,7
15211.bmp,8
15212.bmp,9
15213.bmp,10
15214.bmp,11
15215.bmp,12
15216.bmp,13
15217.bmp,14
15218.bmp,15
15219.bmp,16
15220.bmp,17
15221.bmp,18
15222.bmp,19
15223.bmp,20
15224.bmp,21
15225.bmp,22
15226.bmp,23
15227.bmp,24
15228.bmp,25
15229.bmp,26
15230.bmp,27
15231.bmp,28
15232.bmp,29
15233.bmp,30
15234.bmp,31
15235.bmp,32
15236.bmp,33
15237.bmp,34
15238.bmp,35
15239.bmp,36
15240.bmp,37
15241.bmp,38
15242.bmp,39
15243.bmp,40
15244.bmp,41
15245.bmp,42
15246.bmp,43
15247.bmp,44
15248.bmp,45
15249.bmp,46
15250.bmp,47
15251.bmp,48
15252.bmp,49
15253.bmp,50
15254.bmp,51
15255.bmp,52
15256.bmp,53
15257.bmp,54
15258.bmp,55
15259.bmp,56
15260.bmp,57
15261.bmp,58
15262.bmp,59
15263.bmp,60
15264.bmp,61
15265.bmp,62
15266.bmp,63
15267.bmp,64
15268.bmp,65
15269.bmp,66
15270.bmp,67
15271.bmp,68
15272.bmp,69
15273.bmp,70
15274.bmp,71
15275.bmp,72
15276.bmp,73
15277.bmp,74
15278.bmp,75
15279.bmp,76
15280.bmp,77
15281.bmp,78
15282.bmp,79
15283.bmp,80
15284.bmp,81
15285.bmp,82
15286.bmp,83
15287.bmp,84
15288.bmp,85
15289.bmp,86
15290.bmp,87
15291.bmp,88
15292.bmp,89
15293.bmp,90
15294.bmp,91
15295.bmp,92
15296.bmp,93
15297.bmp,94
15298.bmp,95
15299.bmp,96
15300.bmp,97
15301.bmp,98
15302.bmp,99
15303.bmp,100
15304.bmp,101
15305.bmp,102
15306.bmp,103
15307.bmp,104
15308.bmp,105
15309.bmp,106
15310.bmp,107
15311.bmp,108
15312.bmp,109
15313.bmp,110
15314.bmp,111
15315.bmp,112
15316.bmp,113
15317.bmp,114
15318.bmp,115
15319.bmp,116
15320.bmp,117
15321.bmp,118
15322.bmp,119
15323.bmp,120
15324.bmp,121
15325.bmp,122
15326.bmp,123
15327.bmp,124
15328.bmp,125
15329.bmp,126
15330.bmp,127
15331.bmp,128
15332.bmp,129
15333.bmp,130
15334.bmp,131
15335.bmp,132
15336.bmp,133
15337.bmp,134
15338.bmp,135
15339.bmp,136
15340.bmp,137
15341.bmp,138
15342.bmp,139
15343.bmp,140
15344.bmp,141
15345.bmp,142
15346.bmp,143
15347.bmp,144
15348.bmp,145
15349.bmp,146
15350.bmp,147
15351.bmp,148
15352.bmp,149
15353.bmp,150
15354.bmp,151
15355.bmp,152
15356.bmp,153
15357.bmp,154
15358.bmp,155
15359.bmp,0
15360.bmp,1
15361.bmp,2
15362.bmp,3
15363.bmp,4
15364.bmp,5
15365.bmp,6
15366.bmp,7
15367.bmp,8
15368.bmp,9
15369.bmp,10
15370.bmp,11
15371.bmp,12
15372.bmp,13
15373.bmp,14
15374.bmp,15
15375.bmp,16
15376.bmp,17
15377.bmp,18
15378.bmp,19
15379.bmp,20
15380.bmp,21
15381.bmp,22
15382.bmp,23
15383.bmp,24
15384.bmp,25
15385.bmp,26
15386.bmp,27
15387.bmp,28
15388.bmp,29
15389.bmp,30
15390.bmp,31
15391.bmp,32
15392.bmp,33
15393.bmp,34
15394.bmp,35
15395.bmp,36
15396.bmp,37
15397.bmp,38
15398.bmp,39
15399.bmp,40
15400.bmp,41
15401.bmp,42
15402.bmp,43
15403.bmp,44
15404.bmp,45
15405.bmp,46
15406.bmp,47
15407.bmp,48
15408.bmp,49
15409.bmp,50
15410.bmp,51
15411.bmp,52
15412.bmp,53
15413.bmp,54
15414.bmp,55
15415.bmp,56
15416.bmp,57
15417.bmp,58
15418.bmp,59
15419.bmp,60
15420.bmp,61
15421.bmp,62
15422.bmp,63
15423.bmp,64
15424.bmp,65
15425.bmp,66
15426.bmp,67
15427.bmp,68
15428.bmp,69
15429.bmp,70
15430.bmp,71
15431.bmp,72
15432.bmp,73
15433.bmp,74
15434.bmp,75
15435.bmp,76
15436.bmp,77
15437.bmp,78
15438.bmp,79
15439.bmp,80
15440.bmp,81
15441.bmp,82
15442.bmp,83
15443.bmp,84
15444.bmp,85
15445.bmp,86
15446.bmp,87
15447.bmp,88
15448.bmp,89
15449.bmp,90
15450.bmp,91
15451.bmp,92
15452.bmp,93
15453.bmp,94
15454.bmp,95
15455.bmp,96
15456.bmp,97
15457.bmp,98
15458.bmp,99
15459.bmp,100
15460.bmp,101
15461.bmp,102
15462.bmp,103
15463.bmp,104
15464.bmp,105
15465.bmp,106
15466.bmp,107
15467.bmp,108
15468.bmp,109
15469.bmp,110
15470.bmp,111
15471.bmp,112
15472.bmp,113
15473.bmp,114
15474.bmp,115
15475.bmp,116
15476.bmp,117
15477.bmp,118
15478.bmp,119
15479.bmp,120
15480.bmp,121
15481.bmp,122
15482.bmp,123
15483.bmp,124
15484.bmp,125
15485.bmp,126
15486.bmp,127
15487.bmp,128
15488.bmp,129
15489.bmp,130
15490.bmp,131
15491.bmp,132
15492.bmp,133
15493.bmp,134
15494.bmp,135
15495.bmp,136
15496.bmp,137
15497.bmp,138
15498.bmp,139
15499.bmp,140
15500.bmp,141
15501.bmp,142
15502.bmp,143
15503.bmp,144
15504.bmp,145
15505.bmp,146
15506.bmp,147
15507.bmp,148
15508.bmp,149
15509.bmp,150
15510.bmp,151
15511.bmp,152
15512.bmp,153
15513.bmp,154
15514.bmp,155
15515.bmp,0
15516.bmp,1
15517.bmp,2
15518.bmp,3
15519.bmp,4
15520.bmp,5
15521.bmp,6
15522.bmp,7
15523.bmp,8
15524.bmp,9
15525.bmp,10
15526.bmp,11
15527.bmp,12
15528.bmp,13
15529.bmp,14
15530.bmp,15
15531.bmp,16
15532.bmp,17
15533.bmp,18
15534.bmp,19
15535.bmp,20
15536.bmp,21
15537.bmp,22
15538.bmp,23
15539.bmp,24
15540.bmp,25
15541.bmp,26
15542.bmp,27
15543.bmp,28
15544.bmp,29
15545.bmp,30
15546.bmp,31
15547.bmp,32
15548.bmp,33
15549.bmp,34
15550.bmp,35
15551.bmp,36
15552.bmp,37
15553.bmp,38
15554.bmp,39
15555.bmp,40
15556.bmp,41
15557.bmp,42
15558.bmp,43
15559.bmp,44
15560.bmp,45
15561.bmp,46
15562.bmp,47
15563.bmp,48
15564.bmp,49
15565.bmp,50
15566.bmp,51
15567.bmp,52
15568.bmp,53
15569.bmp,54
15570.bmp,55
15571.bmp,56
15572.bmp,57
15573.bmp,58
15574.bmp,59
15575.bmp,60
15576.bmp,61
15577.bmp,62
15578.bmp,63
15579.bmp,64
15580.bmp,65
15581.bmp,66
15582.bmp,67
15583.bmp,68
15584.bmp,69
15585.bmp,70
15586.bmp,71
15587.bmp,72
15588.bmp,73
15589.bmp,74
15590.bmp,75
15591.bmp,76
15592.bmp,77
15593.bmp,78
15594.bmp,79
15595.bmp,80
15596.bmp,81
15597.bmp,82
15598.bmp,83
15599.bmp,84
15600.bmp,85
15601.bmp,86
15602.bmp,87
15603.bmp,88
15604.bmp,89
15605.bmp,90
15606.bmp,91
15607.bmp,92
15608.bmp,93
15609.bmp,94
15610.bmp,95
15611.bmp,96
15612.bmp,97
15613.bmp,98
15614.bmp,99
15615.bmp,100
15616.bmp,101
15617.bmp,102
15618.bmp,103
15619.bmp,104
15620.bmp,105
15621.bmp,106
15622.bmp,107
15623.bmp,108
15624.bmp,109
15625.bmp,110
15626.bmp,111
15627.bmp,112
15628.bmp,113
15629.bmp,114
15630.bmp,115
15631.bmp,116
15632.bmp,117
15633.bmp,118
15634.bmp,119
15635.bmp,120
15636.bmp,121
15637.bmp,122
15638.bmp,123
15639.bmp,124
15640.bmp,125
15641.bmp,126
15642.bmp,127
15643.bmp,128
15644.bmp,129
15645.bmp,130
15646.bmp,131
15647.bmp,132
15648.bmp,133
15649.bmp,134
15650.bmp,135
15651.bmp,136
15652.bmp,137
15653.bmp,138
15654.bmp,139
15655.bmp,140
15656.bmp,141
15657.bmp,142
15658.bmp,143
15659.bmp,144
15660.bmp,145
15661.bmp,146
15662.bmp,147
15663.bmp,148
15664.bmp,149
15665.bmp,150
15666.bmp,151
15667.bmp,152
15668.bmp,153
15669.bmp,154
15670.bmp,155
15671.bmp,0
15672.bmp,1
15673.bmp,2
15674.bmp,3
15675.bmp,4
15676.bmp,5
15677.bmp,6
15678.bmp,7
15679.bmp,8
15680.bmp,9
15681.bmp,10
15682.bmp,11
15683.bmp,12
15684.bmp,13
15685.bmp,14
15686.bmp,15
15687.bmp,16
15688.bmp,17
15689.bmp,18
15690.bmp,19
15691.bmp,20
15692.bmp,21
15693.bmp,22
15694.bmp,23
15695.bmp,24
15696.bmp,25
15697.bmp,26
15698.bmp,27
15699.bmp,28
15700.bmp,29
15701.bmp,30
15702.bmp,31
15703.bmp,32
15704.bmp,33
15705.bmp,34
15706.bmp,35
15707.bmp,36
15708.bmp,37
15709.bmp,38
15710.bmp,39
15711.bmp,40
15712.bmp,41
15713.bmp,42
15714.bmp,43
15715.bmp,44
15716.bmp,45
15717.bmp,46
15718.bmp,47
15719.bmp,48
15720.bmp,49
15721.bmp,50
15722.bmp,51
15723.bmp,52
15724.bmp,53
15725.bmp,54
15726.bmp,55
15727.bmp,56
15728.bmp,57
15729.bmp,58
15730.bmp,59
15731.bmp,60
15732.bmp,61
15733.bmp,62
15734.bmp,63
15735.bmp,64
15736.bmp,65
15737.bmp,66
15738.bmp,67
15739.bmp,68
15740.bmp,69
15741.bmp,70
15742.bmp,71
15743.bmp,72
15744.bmp,73
15745.bmp,74
15746.bmp,75
15747.bmp,76
15748.bmp,77
15749.bmp,78
15750.bmp,79
15751.bmp,80
15752.bmp,81
15753.bmp,82
15754.bmp,83
15755.bmp,84
15756.bmp,85
15757.bmp,86
15758.bmp,87
15759.bmp,88
15760.bmp,89
15761.bmp,90
15762.bmp,91
15763.bmp,92
15764.bmp,93
15765.bmp,94
15766.bmp,95
15767.bmp,96
15768.bmp,97
15769.bmp,98
15770.bmp,99
15771.bmp,100
15772.bmp,101
15773.bmp,102
15774.bmp,103
15775.bmp,104
15776.bmp,105
15777.bmp,106
15778.bmp,107
15779.bmp,108
15780.bmp,109
15781.bmp,110
15782.bmp,111
15783.bmp,112
15784.bmp,113
15785.bmp,114
15786.bmp,115
15787.bmp,116
15788.bmp,117
15789.bmp,118
15790.bmp,119
15791.bmp,120
15792.bmp,121
15793.bmp,122
15794.bmp,123
15795.bmp,124
15796.bmp,125
15797.bmp,126
15798.bmp,127
15799.bmp,128
15800.bmp,129
15801.bmp,130
15802.bmp,131
15803.bmp,132
15804.bmp,133
15805.bmp,134
15806.bmp,135
15807.bmp,136
15808.bmp,137
15809.bmp,138
15810.bmp,139
15811.bmp,140
15812.bmp,141
15813.bmp,142
15814.bmp,143
15815.bmp,144
15816.bmp,145
15817.bmp,146
15818.bmp,147
15819.bmp,148
15820.bmp,149
15821.bmp,150
15822.bmp,151
15823.bmp,152
15824.bmp,153
15825.bmp,154
15826.bmp,155
15827.bmp,0
15828.bmp,1
15829.bmp,2
15830.bmp,3
15831.bmp,4
15832.bmp,5
15833.bmp,6
15834.bmp,7
15835.bmp,8
15836.bmp,9
15837.bmp,10
15838.bmp,11
15839.bmp,12
15840.bmp,13
15841.bmp,14
15842.bmp,15
15843.bmp,16
15844.bmp,17
15845.bmp,18
15846.bmp,19
15847.bmp,20
15848.bmp,21
15849.bmp,22
15850.bmp,23
15851.bmp,24
15852.bmp,25
15853.bmp,26
15854.bmp,27
15855.bmp,28
15856.bmp,29
15857.bmp,30
15858.bmp,31
15859.bmp,32
15860.bmp,33
15861.bmp,34
15862.bmp,35
15863.bmp,36
15864.bmp,37
15865.bmp,38
15866.bmp,39
15867.bmp,40
15868.bmp,41
15869.bmp,42
15870.bmp,43
15871.bmp,44
15872.bmp,45
15873.bmp,46
15874.bmp,47
15875.bmp,48
15876.bmp,49
15877.bmp,50
15878.bmp,51
15879.bmp,52
15880.bmp,53
15881.bmp,54
15882.bmp,55
15883.bmp,56
15884.bmp,57
15885.bmp,58
15886.bmp,59
15887.bmp,60
15888.bmp,61
15889.bmp,62
15890.bmp,63
15891.bmp,64
15892.bmp,65
15893.bmp,66
15894.bmp,67
15895.bmp,68
15896.bmp,69
15897.bmp,70
15898.bmp,71
15899.bmp,72
15900.bmp,73
15901.bmp,74
15902.bmp,75
15903.bmp,76
15904.bmp,77
15905.bmp,78
15906.bmp,79
15907.bmp,80
15908.bmp,81
15909.bmp,82
15910.bmp,83
15911.bmp,84
15912.bmp,85
15913.bmp,86
15914.bmp,87
15915.bmp,88
15916.bmp,89
15917.bmp,90
15918.bmp,91
15919.bmp,92
15920.bmp,93
15921.bmp,94
15922.bmp,95
15923.bmp,96
15924.bmp,97
15925.bmp,98
15926.bmp,99
15927.bmp,100
15928.bmp,101
15929.bmp,102
15930.bmp,103
15931.bmp,104
15932.bmp,105
15933.bmp,106
15934.bmp,107
15935.bmp,108
15936.bmp,109
15937.bmp,110
15938.bmp,111
15939.bmp,112
15940.bmp,113
15941.bmp,114
15942.bmp,115
15943.bmp,116
15944.bmp,117
15945.bmp,118
15946.bmp,119
15947.bmp,120
15948.bmp,121
15949.bmp,122
15950.bmp,123
15951.bmp,124
15952.bmp,125
15953.bmp,126
15954.bmp,127
15955.bmp,128
15956.bmp,129
15957.bmp,130
15958.bmp,131
15959.bmp,132
15960.bmp,133
15961.bmp,134
15962.bmp,135
15963.bmp,136
15964.bmp,137
15965.bmp,138
15966.bmp,139
15967.bmp,140
15968.bmp,141
15969.bmp,142
15970.bmp,143
15971.bmp,144
15972.bmp,145
15973.bmp,146
15974.bmp,147
15975.bmp,148
15976.bmp,149
15977.bmp,150
15978.bmp,151
15979.bmp,152
15980.bmp,153
15981.bmp,154
15982.bmp,155
15983.bmp,0
15984.bmp,1
15985.bmp,2
15986.bmp,3
15987.bmp,4
15988.bmp,5
15989.bmp,6
15990.bmp,7
15991.bmp,8
15992.bmp,9
15993.bmp,10
15994.bmp,11
15995.bmp,12
15996.bmp,13
15997.bmp,14
15998.bmp,15
15999.bmp,16
16000.bmp,17
16001.bmp,18
16002.bmp,19
16003.bmp,20
16004.bmp,21
16005.bmp,22
16006.bmp,23
16007.bmp,24
16008.bmp,25
16009.bmp,26
16010.bmp,27
16011.bmp,28
16012.bmp,29
16013.bmp,30
16014.bmp,31
16015.bmp,32
16016.bmp,33
16017.bmp,34
16018.bmp,35
16019.bmp,36
16020.bmp,37
16021.bmp,38
16022.bmp,39
16023.bmp,40
16024.bmp,41
16025.bmp,42
16026.bmp,43
16027.bmp,44
16028.bmp,45
16029.bmp,46
16030.bmp,47
16031.bmp,48
16032.bmp,49
16033.bmp,50
16034.bmp,51
16035.bmp,52
16036.bmp,53
16037.bmp,54
16038.bmp,55
16039.bmp,56
16040.bmp,57
16041.bmp,58
16042.bmp,59
16043.bmp,60
16044.bmp,61
16045.bmp,62
16046.bmp,63
16047.bmp,64
16048.bmp,65
16049.bmp,66
16050.bmp,67
16051.bmp,68
16052.bmp,69
16053.bmp,70
16054.bmp,71
16055.bmp,72
16056.bmp,73
16057.bmp,74
16058.bmp,75
16059.bmp,76
16060.bmp,77
16061.bmp,78
16062.bmp,79
16063.bmp,80
16064.bmp,81
16065.bmp,82
16066.bmp,83
16067.bmp,84
16068.bmp,85
16069.bmp,86
16070.bmp,87
16071.bmp,88
16072.bmp,89
16073.bmp,90
16074.bmp,91
16075.bmp,92
16076.bmp,93
16077.bmp,94
16078.bmp,95
16079.bmp,96
16080.bmp,97
16081.bmp,98
16082.bmp,99
16083.bmp,100
16084.bmp,101
16085.bmp,102
16086.bmp,103
16087.bmp,104
16088.bmp,105
16089.bmp,106
16090.bmp,107
16091.bmp,108
16092.bmp,109
16093.bmp,110
16094.bmp,111
16095.bmp,112
16096.bmp,113
16097.bmp,114
16098.bmp,115
16099.bmp,116
16100.bmp,117
16101.bmp,118
16102.bmp,119
16103.bmp,120
16104.bmp,121
16105.bmp,122
16106.bmp,123
16107.bmp,124
16108.bmp,125
16109.bmp,126
16110.bmp,127
16111.bmp,128
16112.bmp,129
16113.bmp,130
16114.bmp,131
16115.bmp,132
16116.bmp,133
16117.bmp,134
16118.bmp,135
16119.bmp,136
16120.bmp,137
16121.bmp,138
16122.bmp,139
16123.bmp,140
16124.bmp,141
16125.bmp,142
16126.bmp,143
16127.bmp,144
16128.bmp,145
16129.bmp,146
16130.bmp,147
16131.bmp,148
16132.bmp,149
16133.bmp,150
16134.bmp,151
16135.bmp,152
16136.bmp,153
16137.bmp,154
16138.bmp,155
16139.bmp,0
16140.bmp,1
16141.bmp,2
16142.bmp,3
16143.bmp,4
16144.bmp,5
16145.bmp,6
16146.bmp,7
16147.bmp,8
16148.bmp,9
16149.bmp,10
16150.bmp,11
16151.bmp,12
16152.bmp,13
16153.bmp,14
16154.bmp,15
16155.bmp,16
16156.bmp,17
16157.bmp,18
16158.bmp,19
16159.bmp,20
16160.bmp,21
16161.bmp,22
16162.bmp,23
16163.bmp,24
16164.bmp,25
16165.bmp,26
16166.bmp,27
16167.bmp,28
16168.bmp,29
16169.bmp,30
16170.bmp,31
16171.bmp,32
16172.bmp,33
16173.bmp,34
16174.bmp,35
16175.bmp,36
16176.bmp,37
16177.bmp,38
16178.bmp,39
16179.bmp,40
16180.bmp,41
16181.bmp,42
16182.bmp,43
16183.bmp,44
16184.bmp,45
16185.bmp,46
16186.bmp,47
16187.bmp,48
16188.bmp,49
16189.bmp,50
16190.bmp,51
16191.bmp,52
16192.bmp,53
16193.bmp,54
16194.bmp,55
16195.bmp,56
16196.bmp,57
16197.bmp,58
16198.bmp,59
16199.bmp,60
16200.bmp,61
16201.bmp,62
16202.bmp,63
16203.bmp,64
16204.bmp,65
16205.bmp,66
16206.bmp,67
16207.bmp,68
16208.bmp,69
16209.bmp,70
16210.bmp,71
16211.bmp,72
16212.bmp,73
16213.bmp,74
16214.bmp,75
16215.bmp,76
16216.bmp,77
16217.bmp,78
16218.bmp,79
16219.bmp,80
16220.bmp,81
16221.bmp,82
16222.bmp,83
16223.bmp,84
16224.bmp,85
16225.bmp,86
16226.bmp,87
16227.bmp,88
16228.bmp,89
16229.bmp,90
16230.bmp,91
16231.bmp,92
16232.bmp,93
16233.bmp,94
16234.bmp,95
16235.bmp,96
16236.bmp,97
16237.bmp,98
16238.bmp,99
16239.bmp,100
16240.bmp,101
16241.bmp,102
16242.bmp,103
16243.bmp,104
16244.bmp,105
16245.bmp,106
16246.bmp,107
16247.bmp,108
16248.bmp,109
16249.bmp,110
16250.bmp,111
16251.bmp,112
16252.bmp,113
16253.bmp,114
16254.bmp,115
16255.bmp,116
16256.bmp,117
16257.bmp,118
16258.bmp,119
16259.bmp,120
16260.bmp,121
16261.bmp,122
16262.bmp,123
16263.bmp,124
16264.bmp,125
16265.bmp,126
16266.bmp,127
16267.bmp,128
16268.bmp,129
16269.bmp,130
16270.bmp,131
16271.bmp,132
16272.bmp,133
16273.bmp,134
16274.bmp,135
16275.bmp,136
16276.bmp,137
16277.bmp,138
16278.bmp,139
16279.bmp,140
16280.bmp,141
16281.bmp,142
16282.bmp,143
16283.bmp,144
16284.bmp,145
16285.bmp,146
16286.bmp,147
16287.bmp,148
16288.bmp,149
16289.bmp,150
16290.bmp,151
16291.bmp,152
16292.bmp,153
16293.bmp,154
16294.bmp,155
16295.bmp,0
16296.bmp,1
16297.bmp,2
16298.bmp,3
16299.bmp,4
16300.bmp,5
16301.bmp,6
16302.bmp,7
16303.bmp,8
16304.bmp,9
16305.bmp,10
16306.bmp,11
16307.bmp,12
16308.bmp,13
16309.bmp,14
16310.bmp,15
16311.bmp,16
16312.bmp,17
16313.bmp,18
16314.bmp,19
16315.bmp,20
16316.bmp,21
16317.bmp,22
16318.bmp,23
16319.bmp,24
16320.bmp,25
16321.bmp,26
16322.bmp,27
16323.bmp,28
16324.bmp,29
16325.bmp,30
16326.bmp,31
16327.bmp,32
16328.bmp,33
16329.bmp,34
16330.bmp,35
16331.bmp,36
16332.bmp,37
16333.bmp,38
16334.bmp,39
16335.bmp,40
16336.bmp,41
16337.bmp,42
16338.bmp,43
16339.bmp,44
16340.bmp,45
16341.bmp,46
16342.bmp,47
16343.bmp,48
16344.bmp,49
16345.bmp,50
16346.bmp,51
16347.bmp,52
16348.bmp,53
16349.bmp,54
16350.bmp,55
16351.bmp,56
16352.bmp,57
16353.bmp,58
16354.bmp,59
16355.bmp,60
16356.bmp,61
16357.bmp,62
16358.bmp,63
16359.bmp,64
16360.bmp,65
16361.bmp,66
16362.bmp,67
16363.bmp,68
16364.bmp,69
16365.bmp,70
16366.bmp,71
16367.bmp,72
16368.bmp,73
16369.bmp,74
16370.bmp,75
16371.bmp,76
16372.bmp,77
16373.bmp,78
16374.bmp,79
16375.bmp,80
16376.bmp,81
16377.bmp,82
16378.bmp,83
16379.bmp,84
16380.bmp,85
16381.bmp,86
16382.bmp,87
16383.bmp,88
16384.bmp,89
16385.bmp,90
16386.bmp,91
16387.bmp,92
16388.bmp,93
16389.bmp,94
16390.bmp,95
16391.bmp,96
16392.bmp,97
16393.bmp,98
16394.bmp,99
16395.bmp,100
16396.bmp,101
16397.bmp,102
16398.bmp,103
16399.bmp,104
16400.bmp,105
16401.bmp,106
16402.bmp,107
16403.bmp,108
16404.bmp,109
16405.bmp,110
16406.bmp,111
16407.bmp,112
16408.bmp,113
16409.bmp,114
16410.bmp,115
16411.bmp,116
16412.bmp,117
16413.bmp,118
16414.bmp,119
16415.bmp,120
16416.bmp,121
16417.bmp,122
16418.bmp,123
16419.bmp,124
16420.bmp,125
16421.bmp,126
16422.bmp,127
16423.bmp,128
16424.bmp,129
16425.bmp,130
16426.bmp,131
16427.bmp,132
16428.bmp,133
16429.bmp,134
16430.bmp,135
16431.bmp,136
16432.bmp,137
16433.bmp,138
16434.bmp,139
16435.bmp,140
16436.bmp,141
16437.bmp,142
16438.bmp,143
16439.bmp,144
16440.bmp,145
16441.bmp,146
16442.bmp,147
16443.bmp,148
16444.bmp,149
16445.bmp,150
16446.bmp,151
16447.bmp,152
16448.bmp,153
16449.bmp,154
16450.bmp,155
16451.bmp,0
16452.bmp,1
16453.bmp,2
16454.bmp,3
16455.bmp,4
16456.bmp,5
16457.bmp,6
16458.bmp,7
16459.bmp,8
16460.bmp,9
16461.bmp,10
16462.bmp,11
16463.bmp,12
16464.bmp,13
16465.bmp,14
16466.bmp,15
16467.bmp,16
16468.bmp,17
16469.bmp,18
16470.bmp,19
16471.bmp,20
16472.bmp,21
16473.bmp,22
16474.bmp,23
16475.bmp,24
16476.bmp,25
16477.bmp,26
16478.bmp,27
16479.bmp,28
16480.bmp,29
16481.bmp,30
16482.bmp,31
16483.bmp,32
16484.bmp,33
16485.bmp,34
16486.bmp,35
16487.bmp,36
16488.bmp,37
16489.bmp,38
16490.bmp,39
16491.bmp,40
16492.bmp,41
16493.bmp,42
16494.bmp,43
16495.bmp,44
16496.bmp,45
16497.bmp,46
16498.bmp,47
16499.bmp,48
16500.bmp,49
16501.bmp,50
16502.bmp,51
16503.bmp,52
16504.bmp,53
16505.bmp,54
16506.bmp,55
16507.bmp,56
16508.bmp,57
16509.bmp,58
16510.bmp,59
16511.bmp,60
16512.bmp,61
16513.bmp,62
16514.bmp,63
16515.bmp,64
16516.bmp,65
16517.bmp,66
16518.bmp,67
16519.bmp,68
16520.bmp,69
16521.bmp,70
16522.bmp,71
16523.bmp,72
16524.bmp,73
16525.bmp,74
16526.bmp,75
16527.bmp,76
16528.bmp,77
16529.bmp,78
16530.bmp,79
16531.bmp,80
16532.bmp,81
16533.bmp,82
16534.bmp,83
16535.bmp,84
16536.bmp,85
16537.bmp,86
16538.bmp,87
16539.bmp,88
16540.bmp,89
16541.bmp,90
16542.bmp,91
16543.bmp,92
16544.bmp,93
16545.bmp,94
16546.bmp,95
16547.bmp,96
16548.bmp,97
16549.bmp,98
16550.bmp,99
16551.bmp,100
16552.bmp,101
16553.bmp,102
16554.bmp,103
16555.bmp,104
16556.bmp,105
16557.bmp,106
16558.bmp,107
16559.bmp,108
16560.bmp,109
16561.bmp,110
16562.bmp,111
16563.bmp,112
16564.bmp,113
16565.bmp,114
16566.bmp,115
16567.bmp,116
16568.bmp,117
16569.bmp,118
16570.bmp,119
16571.bmp,120
16572.bmp,121
16573.bmp,122
16574.bmp,123
16575.bmp,124
16576.bmp,125
16577.bmp,126
16578.bmp,127
16579.bmp,128
16580.bmp,129
16581.bmp,130
16582.bmp,131
16583.bmp,132
16584.bmp,133
16585.bmp,134
16586.bmp,135
16587.bmp,136
16588.bmp,137
16589.bmp,138
16590.bmp,139
16591.bmp,140
16592.bmp,141
16593.bmp,142
16594.bmp,143
16595.bmp,144
16596.bmp,145
16597.bmp,146
16598.bmp,147
16599.bmp,148
16600.bmp,149
16601.bmp,150
16602.bmp,151
16603.bmp,152
16604.bmp,153
16605.bmp,154
16606.bmp,155
16607.bmp,0
16608.bmp,1
16609.bmp,2
16610.bmp,3
16611.bmp,4
16612.bmp,5
16613.bmp,6
16614.bmp,7
16615.bmp,8
16616.bmp,9
16617.bmp,10
16618.bmp,11
16619.bmp,12
16620.bmp,13
16621.bmp,14
16622.bmp,15
16623.bmp,16
16624.bmp,17
16625.bmp,18
16626.bmp,19
16627.bmp,20
16628.bmp,21
16629.bmp,22
16630.bmp,23
16631.bmp,24
16632.bmp,25
16633.bmp,26
16634.bmp,27
16635.bmp,28
16636.bmp,29
16637.bmp,30
16638.bmp,31
16639.bmp,32
16640.bmp,33
16641.bmp,34
16642.bmp,35
16643.bmp,36
16644.bmp,37
16645.bmp,38
16646.bmp,39
16647.bmp,40
16648.bmp,41
16649.bmp,42
16650.bmp,43
16651.bmp,44
16652.bmp,45
16653.bmp,46
16654.bmp,47
16655.bmp,48
16656.bmp,49
16657.bmp,50
16658.bmp,51
16659.bmp,52
16660.bmp,53
16661.bmp,54
16662.bmp,55
16663.bmp,56
16664.bmp,57
16665.bmp,58
16666.bmp,59
16667.bmp,60
16668.bmp,61
16669.bmp,62
16670.bmp,63
16671.bmp,64
16672.bmp,65
16673.bmp,66
16674.bmp,67
16675.bmp,68
16676.bmp,69
16677.bmp,70
16678.bmp,71
16679.bmp,72
16680.bmp,73
16681.bmp,74
16682.bmp,75
16683.bmp,76
16684.bmp,77
16685.bmp,78
16686.bmp,79
16687.bmp,80
16688.bmp,81
16689.bmp,82
16690.bmp,83
16691.bmp,84
16692.bmp,85
16693.bmp,86
16694.bmp,87
16695.bmp,88
16696.bmp,89
16697.bmp,90
16698.bmp,91
16699.bmp,92
16700.bmp,93
16701.bmp,94
16702.bmp,95
16703.bmp,96
16704.bmp,97
16705.bmp,98
16706.bmp,99
16707.bmp,100
16708.bmp,101
16709.bmp,102
16710.bmp,103
16711.bmp,104
16712.bmp,105
16713.bmp,106
16714.bmp,107
16715.bmp,108
16716.bmp,109
16717.bmp,110
16718.bmp,111
16719.bmp,112
16720.bmp,113
16721.bmp,114
16722.bmp,115
16723.bmp,116
16724.bmp,117
16725.bmp,118
16726.bmp,119
16727.bmp,120
16728.bmp,121
16729.bmp,122
16730.bmp,123
16731.bmp,124
16732.bmp,125
16733.bmp,126
16734.bmp,127
16735.bmp,128
16736.bmp,129
16737.bmp,130
16738.bmp,131
16739.bmp,132
16740.bmp,133
16741.bmp,134
16742.bmp,135
16743.bmp,136
16744.bmp,137
16745.bmp,138
16746.bmp,139
16747.bmp,140
16748.bmp,141
16749.bmp,142
16750.bmp,143
16751.bmp,144
16752.bmp,145
16753.bmp,146
16754.bmp,147
16755.bmp,148
16756.bmp,149
16757.bmp,150
16758.bmp,151
16759.bmp,152
16760.bmp,153
16761.bmp,154
16762.bmp,155
16763.bmp,0
16764.bmp,1
16765.bmp,2
16766.bmp,3
16767.bmp,4
16768.bmp,5
16769.bmp,6
16770.bmp,7
16771.bmp,8
16772.bmp,9
16773.bmp,10
16774.bmp,11
16775.bmp,12
16776.bmp,13
16777.bmp,14
16778.bmp,15
16779.bmp,16
16780.bmp,17
16781.bmp,18
16782.bmp,19
16783.bmp,20
16784.bmp,21
16785.bmp,22
16786.bmp,23
16787.bmp,24
16788.bmp,25
16789.bmp,26
16790.bmp,27
16791.bmp,28
16792.bmp,29
16793.bmp,30
16794.bmp,31
16795.bmp,32
16796.bmp,33
16797.bmp,34
16798.bmp,35
16799.bmp,36
16800.bmp,37
16801.bmp,38
16802.bmp,39
16803.bmp,40
16804.bmp,41
16805.bmp,42
16806.bmp,43
16807.bmp,44
16808.bmp,45
16809.bmp,46
16810.bmp,47
16811.bmp,48
16812.bmp,49
16813.bmp,50
16814.bmp,51
16815.bmp,52
16816.bmp,53
16817.bmp,54
16818.bmp,55
16819.bmp,56
16820.bmp,57
16821.bmp,58
16822.bmp,59
16823.bmp,60
16824.bmp,61
16825.bmp,62
16826.bmp,63
16827.bmp,64
16828.bmp,65
16829.bmp,66
16830.bmp,67
16831.bmp,68
16832.bmp,69
16833.bmp,70
16834.bmp,71
16835.bmp,72
16836.bmp,73
16837.bmp,74
16838.bmp,75
16839.bmp,76
16840.bmp,77
16841.bmp,78
16842.bmp,79
16843.bmp,80
16844.bmp,81
16845.bmp,82
16846.bmp,83
16847.bmp,84
16848.bmp,85
16849.bmp,86
16850.bmp,87
16851.bmp,88
16852.bmp,89
16853.bmp,90
16854.bmp,91
16855.bmp,92
16856.bmp,93
16857.bmp,94
16858.bmp,95
16859.bmp,96
16860.bmp,97
16861.bmp,98
16862.bmp,99
16863.bmp,100
16864.bmp,101
16865.bmp,102
16866.bmp,103
16867.bmp,104
16868.bmp,105
16869.bmp,106
16870.bmp,107
16871.bmp,108
16872.bmp,109
16873.bmp,110
16874.bmp,111
16875.bmp,112
16876.bmp,113
16877.bmp,114
16878.bmp,115
16879.bmp,116
16880.bmp,117
16881.bmp,118
16882.bmp,119
16883.bmp,120
16884.bmp,121
16885.bmp,122
16886.bmp,123
16887.bmp,124
16888.bmp,125
16889.bmp,126
16890.bmp,127
16891.bmp,128
16892.bmp,129
16893.bmp,130
16894.bmp,131
16895.bmp,132
16896.bmp,133
16897.bmp,134
16898.bmp,135
16899.bmp,136
16900.bmp,137
16901.bmp,138
16902.bmp,139
16903.bmp,140
16904.bmp,141
16905.bmp,142
16906.bmp,143
16907.bmp,144
16908.bmp,145
16909.bmp,146
16910.bmp,147
16911.bmp,148
16912.bmp,149
16913.bmp,150
16914.bmp,151
16915.bmp,152
16916.bmp,153
16917.bmp,154
16918.bmp,155
16919.bmp,0
16920.bmp,1
16921.bmp,2
16922.bmp,3
16923.bmp,4
16924.bmp,5
16925.bmp,6
16926.bmp,7
16927.bmp,8
16928.bmp,9
16929.bmp,10
16930.bmp,11
16931.bmp,12
16932.bmp,13
16933.bmp,14
16934.bmp,15
16935.bmp,16
16936.bmp,17
16937.bmp,18
16938.bmp,19
16939.bmp,20
16940.bmp,21
16941.bmp,22
16942.bmp,23
16943.bmp,24
16944.bmp,25
16945.bmp,26
16946.bmp,27
16947.bmp,28
16948.bmp,29
16949.bmp,30
16950.bmp,31
16951.bmp,32
16952.bmp,33
16953.bmp,34
16954.bmp,35
16955.bmp,36
16956.bmp,37
16957.bmp,38
16958.bmp,39
16959.bmp,40
16960.bmp,41
16961.bmp,42
16962.bmp,43
16963.bmp,44
16964.bmp,45
16965.bmp,46
16966.bmp,47
16967.bmp,48
16968.bmp,49
16969.bmp,50
16970.bmp,51
16971.bmp,52
16972.bmp,53
16973.bmp,54
16974.bmp,55
16975.bmp,56
16976.bmp,57
16977.bmp,58
16978.bmp,59
16979.bmp,60
16980.bmp,61
16981.bmp,62
16982.bmp,63
16983.bmp,64
16984.bmp,65
16985.bmp,66
16986.bmp,67
16987.bmp,68
16988.bmp,69
16989.bmp,70
16990.bmp,71
16991.bmp,72
16992.bmp,73
16993.bmp,74
16994.bmp,75
16995.bmp,76
16996.bmp,77
16997.bmp,78
16998.bmp,79
16999.bmp,80
17000.bmp,81
17001.bmp,82
17002.bmp,83
17003.bmp,84
17004.bmp,85
17005.bmp,86
17006.bmp,87
17007.bmp,88
17008.bmp,89
17009.bmp,90
17010.bmp,91
17011.bmp,92
17012.bmp,93
17013.bmp,94
17014.bmp,95
17015.bmp,96
17016.bmp,97
17017.bmp,98
17018.bmp,99
17019.bmp,100
17020.bmp,101
17021.bmp,102
17022.bmp,103
17023.bmp,104
17024.bmp,105
17025.bmp,106
17026.bmp,107
17027.bmp,108
17028.bmp,109
17029.bmp,110
17030.bmp,111
17031.bmp,112
17032.bmp,113
17033.bmp,114
17034.bmp,115
17035.bmp,116
17036.bmp,117
17037.bmp,118
17038.bmp,119
17039.bmp,120
17040.bmp,121
17041.bmp,122
17042.bmp,123
17043.bmp,124
17044.bmp,125
17045.bmp,126
17046.bmp,127
17047.bmp,128
17048.bmp,129
17049.bmp,130
17050.bmp,131
17051.bmp,132
17052.bmp,133
17053.bmp,134
17054.bmp,135
17055.bmp,136
17056.bmp,137
17057.bmp,138
17058.bmp,139
17059.bmp,140
17060.bmp,141
17061.bmp,142
17062.bmp,143
17063.bmp,144
17064.bmp,145
17065.bmp,146
17066.bmp,147
17067.bmp,148
17068.bmp,149
17069.bmp,150
17070.bmp,151
17071.bmp,152
17072.bmp,153
17073.bmp,154
17074.bmp,155
17075.bmp,0
17076.bmp,1
17077.bmp,2
17078.bmp,3
17079.bmp,4
17080.bmp,5
17081.bmp,6
17082.bmp,7
17083.bmp,8
17084.bmp,9
17085.bmp,10
17086.bmp,11
17087.bmp,12
17088.bmp,13
17089.bmp,14
17090.bmp,15
17091.bmp,16
17092.bmp,17
17093.bmp,18
17094.bmp,19
17095.bmp,20
17096.bmp,21
17097.bmp,22
17098.bmp,23
17099.bmp,24
17100.bmp,25
17101.bmp,26
17102.bmp,27
17103.bmp,28
17104.bmp,29
17105.bmp,30
17106.bmp,31
17107.bmp,32
17108.bmp,33
17109.bmp,34
17110.bmp,35
17111.bmp,36
17112.bmp,37
17113.bmp,38
17114.bmp,39
17115.bmp,40
17116.bmp,41
17117.bmp,42
17118.bmp,43
17119.bmp,44
17120.bmp,45
17121.bmp,46
17122.bmp,47
17123.bmp,48
17124.bmp,49
17125.bmp,50
17126.bmp,51
17127.bmp,52
17128.bmp,53
17129.bmp,54
17130.bmp,55
17131.bmp,56
17132.bmp,57
17133.bmp,58
17134.bmp,59
17135.bmp,60
17136.bmp,61
17137.bmp,62
17138.bmp,63
17139.bmp,64
17140.bmp,65
17141.bmp,66
17142.bmp,67
17143.bmp,68
17144.bmp,69
17145.bmp,70
17146.bmp,71
17147.bmp,72
17148.bmp,73
17149.bmp,74
17150.bmp,75
17151.bmp,76
17152.bmp,77
17153.bmp,78
17154.bmp,79
17155.bmp,80
17156.bmp,81
17157.bmp,82
17158.bmp,83
17159.bmp,84
17160.bmp,85
17161.bmp,86
17162.bmp,87
17163.bmp,88
17164.bmp,89
17165.bmp,90
17166.bmp,91
17167.bmp,92
17168.bmp,93
17169.bmp,94
17170.bmp,95
17171.bmp,96
17172.bmp,97
17173.bmp,98
17174.bmp,99
17175.bmp,100
17176.bmp,101
17177.bmp,102
17178.bmp,103
17179.bmp,104
17180.bmp,105
17181.bmp,106
17182.bmp,107
17183.bmp,108
17184.bmp,109
17185.bmp,110
17186.bmp,111
17187.bmp,112
17188.bmp,113
17189.bmp,114
17190.bmp,115
17191.bmp,116
17192.bmp,117
17193.bmp,118
17194.bmp,119
17195.bmp,120
17196.bmp,121
17197.bmp,122
17198.bmp,123
17199.bmp,124
17200.bmp,125
17201.bmp,126
17202.bmp,127
17203.bmp,128
17204.bmp,129
17205.bmp,130
17206.bmp,131
17207.bmp,132
17208.bmp,133
17209.bmp,134
17210.bmp,135
17211.bmp,136
17212.bmp,137
17213.bmp,138
17214.bmp,139
17215.bmp,140
17216.bmp,141
17217.bmp,142
17218.bmp,143
17219.bmp,144
17220.bmp,145
17221.bmp,146
17222.bmp,147
17223.bmp,148
17224.bmp,149
17225.bmp,150
17226.bmp,151
17227.bmp,152
17228.bmp,153
17229.bmp,154
17230.bmp,155
17231.bmp,0
17232.bmp,1
17233.bmp,2
17234.bmp,3
17235.bmp,4
17236.bmp,5
17237.bmp,6
17238.bmp,7
17239.bmp,8
17240.bmp,9
17241.bmp,10
17242.bmp,11
17243.bmp,12
17244.bmp,13
17245.bmp,14
17246.bmp,15
17247.bmp,16
17248.bmp,17
17249.bmp,18
17250.bmp,19
17251.bmp,20
17252.bmp,21
17253.bmp,22
17254.bmp,23
17255.bmp,24
17256.bmp,25
17257.bmp,26
17258.bmp,27
17259.bmp,28
17260.bmp,29
17261.bmp,30
17262.bmp,31
17263.bmp,32
17264.bmp,33
17265.bmp,34
17266.bmp,35
17267.bmp,36
17268.bmp,37
17269.bmp,38
17270.bmp,39
17271.bmp,40
17272.bmp,41
17273.bmp,42
17274.bmp,43
17275.bmp,44
17276.bmp,45
17277.bmp,46
17278.bmp,47
17279.bmp,48
17280.bmp,49
17281.bmp,50
17282.bmp,51
17283.bmp,52
17284.bmp,53
17285.bmp,54
17286.bmp,55
17287.bmp,56
17288.bmp,57
17289.bmp,58
17290.bmp,59
17291.bmp,60
17292.bmp,61
17293.bmp,62
17294.bmp,63
17295.bmp,64
17296.bmp,65
17297.bmp,66
17298.bmp,67
17299.bmp,68
17300.bmp,69
17301.bmp,70
17302.bmp,71
17303.bmp,72
17304.bmp,73
17305.bmp,74
17306.bmp,75
17307.bmp,76
17308.bmp,77
17309.bmp,78
17310.bmp,79
17311.bmp,80
17312.bmp,81
17313.bmp,82
17314.bmp,83
17315.bmp,84
17316.bmp,85
17317.bmp,86
17318.bmp,87
17319.bmp,88
17320.bmp,89
17321.bmp,90
17322.bmp,91
17323.bmp,92
17324.bmp,93
17325.bmp,94
17326.bmp,95
17327.bmp,96
17328.bmp,97
17329.bmp,98
17330.bmp,99
17331.bmp,100
17332.bmp,101
17333.bmp,102
17334.bmp,103
17335.bmp,104
17336.bmp,105
17337.bmp,106
17338.bmp,107
17339.bmp,108
17340.bmp,109
17341.bmp,110
17342.bmp,111
17343.bmp,112
17344.bmp,113
17345.bmp,114
17346.bmp,115
17347.bmp,116
17348.bmp,117
17349.bmp,118
17350.bmp,119
17351.bmp,120
17352.bmp,121
17353.bmp,122
17354.bmp,123
17355.bmp,124
17356.bmp,125
17357.bmp,126
17358.bmp,127
17359.bmp,128
17360.bmp,129
17361.bmp,130
17362.bmp,131
17363.bmp,132
17364.bmp,133
17365.bmp,134
17366.bmp,135
17367.bmp,136
17368.bmp,137
17369.bmp,138
17370.bmp,139
17371.bmp,140
17372.bmp,141
17373.bmp,142
17374.bmp,143
17375.bmp,144
17376.bmp,145
17377.bmp,146
17378.bmp,147
17379.bmp,148
17380.bmp,149
17381.bmp,150
17382.bmp,151
17383.bmp,152
17384.bmp,153
17385.bmp,154
17386.bmp,155
17387.bmp,0
17388.bmp,1
17389.bmp,2
17390.bmp,3
17391.bmp,4
17392.bmp,5
17393.bmp,6
17394.bmp,7
17395.bmp,8
17396.bmp,9
17397.bmp,10
17398.bmp,11
17399.bmp,12
17400.bmp,13
17401.bmp,14
17402.bmp,15
17403.bmp,16
17404.bmp,17
17405.bmp,18
17406.bmp,19
17407.bmp,20
17408.bmp,21
17409.bmp,22
17410.bmp,23
17411.bmp,24
17412.bmp,25
17413.bmp,26
17414.bmp,27
17415.bmp,28
17416.bmp,29
17417.bmp,30
17418.bmp,31
17419.bmp,32
17420.bmp,33
17421.bmp,34
17422.bmp,35
17423.bmp,36
17424.bmp,37
17425.bmp,38
17426.bmp,39
17427.bmp,40
17428.bmp,41
17429.bmp,42
17430.bmp,43
17431.bmp,44
17432.bmp,45
17433.bmp,46
17434.bmp,47
17435.bmp,48
17436.bmp,49
17437.bmp,50
17438.bmp,51
17439.bmp,52
17440.bmp,53
17441.bmp,54
17442.bmp,55
17443.bmp,56
17444.bmp,57
17445.bmp,58
17446.bmp,59
17447.bmp,60
17448.bmp,61
17449.bmp,62
17450.bmp,63
17451.bmp,64
17452.bmp,65
17453.bmp,66
17454.bmp,67
17455.bmp,68
17456.bmp,69
17457.bmp,70
17458.bmp,71
17459.bmp,72
17460.bmp,73
17461.bmp,74
17462.bmp,75
17463.bmp,76
17464.bmp,77
17465.bmp,78
17466.bmp,79
17467.bmp,80
17468.bmp,81
17469.bmp,82
17470.bmp,83
17471.bmp,84
17472.bmp,85
17473.bmp,86
17474.bmp,87
17475.bmp,88
17476.bmp,89
17477.bmp,90
17478.bmp,91
17479.bmp,92
17480.bmp,93
17481.bmp,94
17482.bmp,95
17483.bmp,96
17484.bmp,97
17485.bmp,98
17486.bmp,99
17487.bmp,100
17488.bmp,101
17489.bmp,102
17490.bmp,103
17491.bmp,104
17492.bmp,105
17493.bmp,106
17494.bmp,107
17495.bmp,108
17496.bmp,109
17497.bmp,110
17498.bmp,111
17499.bmp,112
17500.bmp,113
17501.bmp,114
17502.bmp,115
17503.bmp,116
17504.bmp,117
17505.bmp,118
17506.bmp,119
17507.bmp,120
17508.bmp,121
17509.bmp,122
17510.bmp,123
17511.bmp,124
17512.bmp,125
17513.bmp,126
17514.bmp,127
17515.bmp,128
17516.bmp,129
17517.bmp,130
17518.bmp,131
17519.bmp,132
17520.bmp,133
17521.bmp,134
17522.bmp,135
17523.bmp,136
17524.bmp,137
17525.bmp,138
17526.bmp,139
17527.bmp,140
17528.bmp,141
17529.bmp,142
17530.bmp,143
17531.bmp,144
17532.bmp,145
17533.bmp,146
17534.bmp,147
17535.bmp,148
17536.bmp,149
17537.bmp,150
17538.bmp,151
17539.bmp,152
17540.bmp,153
17541.bmp,154
17542.bmp,155
17543.bmp,0
17544.bmp,1
17545.bmp,2
17546.bmp,3
17547.bmp,4
17548.bmp,5
17549.bmp,6
17550.bmp,7
17551.bmp,8
17552.bmp,9
17553.bmp,10
17554.bmp,11
17555.bmp,12
17556.bmp,13
17557.bmp,14
17558.bmp,15
17559.bmp,16
17560.bmp,17
17561.bmp,18
17562.bmp,19
17563.bmp,20
17564.bmp,21
17565.bmp,22
17566.bmp,23
17567.bmp,24
17568.bmp,25
17569.bmp,26
17570.bmp,27
17571.bmp,28
17572.bmp,29
17573.bmp,30
17574.bmp,31
17575.bmp,32
17576.bmp,33
17577.bmp,34
17578.bmp,35
17579.bmp,36
17580.bmp,37
17581.bmp,38
17582.bmp,39
17583.bmp,40
17584.bmp,41
17585.bmp,42
17586.bmp,43
17587.bmp,44
17588.bmp,45
17589.bmp,46
17590.bmp,47
17591.bmp,48
17592.bmp,49
17593.bmp,50
17594.bmp,51
17595.bmp,52
17596.bmp,53
17597.bmp,54
17598.bmp,55
17599.bmp,56
17600.bmp,57
17601.bmp,58
17602.bmp,59
17603.bmp,60
17604.bmp,61
17605.bmp,62
17606.bmp,63
17607.bmp,64
17608.bmp,65
17609.bmp,66
17610.bmp,67
17611.bmp,68
17612.bmp,69
17613.bmp,70
17614.bmp,71
17615.bmp,72
17616.bmp,73
17617.bmp,74
17618.bmp,75
17619.bmp,76
17620.bmp,77
17621.bmp,78
17622.bmp,79
17623.bmp,80
17624.bmp,81
17625.bmp,82
17626.bmp,83
17627.bmp,84
17628.bmp,85
17629.bmp,86
17630.bmp,87
17631.bmp,88
17632.bmp,89
17633.bmp,90
17634.bmp,91
17635.bmp,92
17636.bmp,93
17637.bmp,94
17638.bmp,95
17639.bmp,96
17640.bmp,97
17641.bmp,98
17642.bmp,99
17643.bmp,100
17644.bmp,101
17645.bmp,102
17646.bmp,103
17647.bmp,104
17648.bmp,105
17649.bmp,106
17650.bmp,107
17651.bmp,108
17652.bmp,109
17653.bmp,110
17654.bmp,111
17655.bmp,112
17656.bmp,113
17657.bmp,114
17658.bmp,115
17659.bmp,116
17660.bmp,117
17661.bmp,118
17662.bmp,119
17663.bmp,120
17664.bmp,121
17665.bmp,122
17666.bmp,123
17667.bmp,124
17668.bmp,125
17669.bmp,126
17670.bmp,127
17671.bmp,128
17672.bmp,129
17673.bmp,130
17674.bmp,131
17675.bmp,132
17676.bmp,133
17677.bmp,134
17678.bmp,135
17679.bmp,136
17680.bmp,137
17681.bmp,138
17682.bmp,139
17683.bmp,140
17684.bmp,141
17685.bmp,142
17686.bmp,143
17687.bmp,144
17688.bmp,145
17689.bmp,146
17690.bmp,147
17691.bmp,148
17692.bmp,149
17693.bmp,150
17694.bmp,151
17695.bmp,152
17696.bmp,153
17697.bmp,154
17698.bmp,155
17699.bmp,0
17700.bmp,1
17701.bmp,2
17702.bmp,3
17703.bmp,4
17704.bmp,5
17705.bmp,6
17706.bmp,7
17707.bmp,8
17708.bmp,9
17709.bmp,10
17710.bmp,11
17711.bmp,12
17712.bmp,13
17713.bmp,14
17714.bmp,15
17715.bmp,16
17716.bmp,17
17717.bmp,18
17718.bmp,19
17719.bmp,20
17720.bmp,21
17721.bmp,22
17722.bmp,23
17723.bmp,24
17724.bmp,25
17725.bmp,26
17726.bmp,27
17727.bmp,28
17728.bmp,29
17729.bmp,30
17730.bmp,31
17731.bmp,32
17732.bmp,33
17733.bmp,34
17734.bmp,35
17735.bmp,36
17736.bmp,37
17737.bmp,38
17738.bmp,39
17739.bmp,40
17740.bmp,41
17741.bmp,42
17742.bmp,43
17743.bmp,44
17744.bmp,45
17745.bmp,46
17746.bmp,47
17747.bmp,48
17748.bmp,49
17749.bmp,50
17750.bmp,51
17751.bmp,52
17752.bmp,53
17753.bmp,54
17754.bmp,55
17755.bmp,56
17756.bmp,57
17757.bmp,58
17758.bmp,59
17759.bmp,60
17760.bmp,61
17761.bmp,62
17762.bmp,63
17763.bmp,64
17764.bmp,65
17765.bmp,66
17766.bmp,67
17767.bmp,68
17768.bmp,69
17769.bmp,70
17770.bmp,71
17771.bmp,72
17772.bmp,73
17773.bmp,74
17774.bmp,75
17775.bmp,76
17776.bmp,77
17777.bmp,78
17778.bmp,79
17779.bmp,80
17780.bmp,81
17781.bmp,82
17782.bmp,83
17783.bmp,84
17784.bmp,85
17785.bmp,86
17786.bmp,87
17787.bmp,88
17788.bmp,89
17789.bmp,90
17790.bmp,91
17791.bmp,92
17792.bmp,93
17793.bmp,94
17794.bmp,95
17795.bmp,96
17796.bmp,97
17797.bmp,98
17798.bmp,99
17799.bmp,100
17800.bmp,101
17801.bmp,102
17802.bmp,103
17803.bmp,104
17804.bmp,105
17805.bmp,106
17806.bmp,107
17807.bmp,108
17808.bmp,109
17809.bmp,110
17810.bmp,111
17811.bmp,112
17812.bmp,113
17813.bmp,114
17814.bmp,115
17815.bmp,116
17816.bmp,117
17817.bmp,118
17818.bmp,119
17819.bmp,120
17820.bmp,121
17821.bmp,122
17822.bmp,123
17823.bmp,124
17824.bmp,125
17825.bmp,126
17826.bmp,127
17827.bmp,128
17828.bmp,129
17829.bmp,130
17830.bmp,131
17831.bmp,132
17832.bmp,133
17833.bmp,134
17834.bmp,135
17835.bmp,136
17836.bmp,137
17837.bmp,138
17838.bmp,139
17839.bmp,140
17840.bmp,141
17841.bmp,142
17842.bmp,143
17843.bmp,144
17844.bmp,145
17845.bmp,146
17846.bmp,147
17847.bmp,148
17848.bmp,149
17849.bmp,150
17850.bmp,151
17851.bmp,152
17852.bmp,153
17853.bmp,154
17854.bmp,155
17855.bmp,0
17856.bmp,1
17857.bmp,2
17858.bmp,3
17859.bmp,4
17860.bmp,5
17861.bmp,6
17862.bmp,7
17863.bmp,8
17864.bmp,9
17865.bmp,10
17866.bmp,11
17867.bmp,12
17868.bmp,13
17869.bmp,14
17870.bmp,15
17871.bmp,16
17872.bmp,17
17873.bmp,18
17874.bmp,19
17875.bmp,20
17876.bmp,21
17877.bmp,22
17878.bmp,23
17879.bmp,24
17880.bmp,25
17881.bmp,26
17882.bmp,27
17883.bmp,28
17884.bmp,29
17885.bmp,30
17886.bmp,31
17887.bmp,32
17888.bmp,33
17889.bmp,34
17890.bmp,35
17891.bmp,36
17892.bmp,37
17893.bmp,38
17894.bmp,39
17895.bmp,40
17896.bmp,41
17897.bmp,42
17898.bmp,43
17899.bmp,44
17900.bmp,45
17901.bmp,46
17902.bmp,47
17903.bmp,48
17904.bmp,49
17905.bmp,50
17906.bmp,51
17907.bmp,52
17908.bmp,53
17909.bmp,54
17910.bmp,55
17911.bmp,56
17912.bmp,57
17913.bmp,58
17914.bmp,59
17915.bmp,60
17916.bmp,61
17917.bmp,62
17918.bmp,63
17919.bmp,64
17920.bmp,65
17921.bmp,66
17922.bmp,67
17923.bmp,68
17924.bmp,69
17925.bmp,70
17926.bmp,71
17927.bmp,72
17928.bmp,73
17929.bmp,74
17930.bmp,75
17931.bmp,76
17932.bmp,77
17933.bmp,78
17934.bmp,79
17935.bmp,80
17936.bmp,81
17937.bmp,82
17938.bmp,83
17939.bmp,84
17940.bmp,85
17941.bmp,86
17942.bmp,87
17943.bmp,88
17944.bmp,89
17945.bmp,90
17946.bmp,91
17947.bmp,92
17948.bmp,93
17949.bmp,94
17950.bmp,95
17951.bmp,96
17952.bmp,97
17953.bmp,98
17954.bmp,99
17955.bmp,100
17956.bmp,101
17957.bmp,102
17958.bmp,103
17959.bmp,104
17960.bmp,105
17961.bmp,106
17962.bmp,107
17963.bmp,108
17964.bmp,109
17965.bmp,110
17966.bmp,111
17967.bmp,112
17968.bmp,113
17969.bmp,114
17970.bmp,115
17971.bmp,116
17972.bmp,117
17973.bmp,118
17974.bmp,119
17975.bmp,120
17976.bmp,121
17977.bmp,122
17978.bmp,123
17979.bmp,124
17980.bmp,125
17981.bmp,126
17982.bmp,127
17983.bmp,128
17984.bmp,129
17985.bmp,130
17986.bmp,131
17987.bmp,132
17988.bmp,133
17989.bmp,134
17990.bmp,135
17991.bmp,136
17992.bmp,137
17993.bmp,138
17994.bmp,139
17995.bmp,140
17996.bmp,141
17997.bmp,142
17998.bmp,143
17999.bmp,144
18000.bmp,145
18001.bmp,146
18002.bmp,147
18003.bmp,148
18004.bmp,149
18005.bmp,150
18006.bmp,151
18007.bmp,152
18008.bmp,153
18009.bmp,154
18010.bmp,155
18011.bmp,0
18012.bmp,1
18013.bmp,2
18014.bmp,3
18015.bmp,4
18016.bmp,5
18017.bmp,6
18018.bmp,7
18019.bmp,8
18020.bmp,9
18021.bmp,10
18022.bmp,11
18023.bmp,12
18024.bmp,13
18025.bmp,14
18026.bmp,15
18027.bmp,16
18028.bmp,17
18029.bmp,18
18030.bmp,19
18031.bmp,20
18032.bmp,21
18033.bmp,22
18034.bmp,23
18035.bmp,24
18036.bmp,25
18037.bmp,26
18038.bmp,27
18039.bmp,28
18040.bmp,29
18041.bmp,30
18042.bmp,31
18043.bmp,32
18044.bmp,33
18045.bmp,34
18046.bmp,35
18047.bmp,36
18048.bmp,37
18049.bmp,38
18050.bmp,39
18051.bmp,40
18052.bmp,41
18053.bmp,42
18054.bmp,43
18055.bmp,44
18056.bmp,45
18057.bmp,46
18058.bmp,47
18059.bmp,48
18060.bmp,49
18061.bmp,50
18062.bmp,51
18063.bmp,52
18064.bmp,53
18065.bmp,54
18066.bmp,55
18067.bmp,56
18068.bmp,57
18069.bmp,58
18070.bmp,59
18071.bmp,60
18072.bmp,61
18073.bmp,62
18074.bmp,63
18075.bmp,64
18076.bmp,65
18077.bmp,66
18078.bmp,67
18079.bmp,68
18080.bmp,69
18081.bmp,70
18082.bmp,71
18083.bmp,72
18084.bmp,73
18085.bmp,74
18086.bmp,75
18087.bmp,76
18088.bmp,77
18089.bmp,78
18090.bmp,79
18091.bmp,80
18092.bmp,81
18093.bmp,82
18094.bmp,83
18095.bmp,84
18096.bmp,85
18097.bmp,86
18098.bmp,87
18099.bmp,88
18100.bmp,89
18101.bmp,90
18102.bmp,91
18103.bmp,92
18104.bmp,93
18105.bmp,94
18106.bmp,95
18107.bmp,96
18108.bmp,97
18109.bmp,98
18110.bmp,99
18111.bmp,100
18112.bmp,101
18113.bmp,102
18114.bmp,103
18115.bmp,104
18116.bmp,105
18117.bmp,106
18118.bmp,107
18119.bmp,108
18120.bmp,109
18121.bmp,110
18122.bmp,111
18123.bmp,112
18124.bmp,113
18125.bmp,114
18126.bmp,115
18127.bmp,116
18128.bmp,117
18129.bmp,118
18130.bmp,119
18131.bmp,120
18132.bmp,121
18133.bmp,122
18134.bmp,123
18135.bmp,124
18136.bmp,125
18137.bmp,126
18138.bmp,127
18139.bmp,128
18140.bmp,129
18141.bmp,130
18142.bmp,131
18143.bmp,132
18144.bmp,133
18145.bmp,134
18146.bmp,135
18147.bmp,136
18148.bmp,137
18149.bmp,138
18150.bmp,139
18151.bmp,140
18152.bmp,141
18153.bmp,142
18154.bmp,143
18155.bmp,144
18156.bmp,145
18157.bmp,146
18158.bmp,147
18159.bmp,148
18160.bmp,149
18161.bmp,150
18162.bmp,151
18163.bmp,152
18164.bmp,153
18165.bmp,154
18166.bmp,155
18167.bmp,0
18168.bmp,1
18169.bmp,2
18170.bmp,3
18171.bmp,4
18172.bmp,5
18173.bmp,6
18174.bmp,7
18175.bmp,8
18176.bmp,9
18177.bmp,10
18178.bmp,11
18179.bmp,12
18180.bmp,13
18181.bmp,14
18182.bmp,15
18183.bmp,16
18184.bmp,17
18185.bmp,18
18186.bmp,19
18187.bmp,20
18188.bmp,21
18189.bmp,22
18190.bmp,23
18191.bmp,24
18192.bmp,25
18193.bmp,26
18194.bmp,27
18195.bmp,28
18196.bmp,29
18197.bmp,30
18198.bmp,31
18199.bmp,32
18200.bmp,33
18201.bmp,34
18202.bmp,35
18203.bmp,36
18204.bmp,37
18205.bmp,38
18206.bmp,39
18207.bmp,40
18208.bmp,41
18209.bmp,42
18210.bmp,43
18211.bmp,44
18212.bmp,45
18213.bmp,46
18214.bmp,47
18215.bmp,48
18216.bmp,49
18217.bmp,50
18218.bmp,51
18219.bmp,52
18220.bmp,53
18221.bmp,54
18222.bmp,55
18223.bmp,56
18224.bmp,57
18225.bmp,58
18226.bmp,59
18227.bmp,60
18228.bmp,61
18229.bmp,62
18230.bmp,63
18231.bmp,64
18232.bmp,65
18233.bmp,66
18234.bmp,67
18235.bmp,68
18236.bmp,69
18237.bmp,70
18238.bmp,71
18239.bmp,72
18240.bmp,73
18241.bmp,74
18242.bmp,75
18243.bmp,76
18244.bmp,77
18245.bmp,78
18246.bmp,79
18247.bmp,80
18248.bmp,81
18249.bmp,82
18250.bmp,83
18251.bmp,84
18252.bmp,85
18253.bmp,86
18254.bmp,87
18255.bmp,88
18256.bmp,89
18257.bmp,90
18258.bmp,91
18259.bmp,92
18260.bmp,93
18261.bmp,94
18262.bmp,95
18263.bmp,96
18264.bmp,97
18265.bmp,98
18266.bmp,99
18267.bmp,100
18268.bmp,101
18269.bmp,102
18270.bmp,103
18271.bmp,104
18272.bmp,105
18273.bmp,106
18274.bmp,107
18275.bmp,108
18276.bmp,109
18277.bmp,110
18278.bmp,111
18279.bmp,112
18280.bmp,113
18281.bmp,114
18282.bmp,115
18283.bmp,116
18284.bmp,117
18285.bmp,118
18286.bmp,119
18287.bmp,120
18288.bmp,121
18289.bmp,122
18290.bmp,123
18291.bmp,124
18292.bmp,125
18293.bmp,126
18294.bmp,127
18295.bmp,128
18296.bmp,129
18297.bmp,130
18298.bmp,131
18299.bmp,132
18300.bmp,133
18301.bmp,134
18302.bmp,135
18303.bmp,136
18304.bmp,137
18305.bmp,138
18306.bmp,139
18307.bmp,140
18308.bmp,141
18309.bmp,142
18310.bmp,143
18311.bmp,144
18312.bmp,145
18313.bmp,146
18314.bmp,147
18315.bmp,148
18316.bmp,149
18317.bmp,150
18318.bmp,151
18319.bmp,152
18320.bmp,153
18321.bmp,154
18322.bmp,155
18323.bmp,0
18324.bmp,1
18325.bmp,2
18326.bmp,3
18327.bmp,4
18328.bmp,5
18329.bmp,6
18330.bmp,7
18331.bmp,8
18332.bmp,9
18333.bmp,10
18334.bmp,11
18335.bmp,12
18336.bmp,13
18337.bmp,14
18338.bmp,15
18339.bmp,16
18340.bmp,17
18341.bmp,18
18342.bmp,19
18343.bmp,20
18344.bmp,21
18345.bmp,22
18346.bmp,23
18347.bmp,24
18348.bmp,25
18349.bmp,26
18350.bmp,27
18351.bmp,28
18352.bmp,29
18353.bmp,30
18354.bmp,31
18355.bmp,32
18356.bmp,33
18357.bmp,34
18358.bmp,35
18359.bmp,36
18360.bmp,37
18361.bmp,38
18362.bmp,39
18363.bmp,40
18364.bmp,41
18365.bmp,42
18366.bmp,43
18367.bmp,44
18368.bmp,45
18369.bmp,46
18370.bmp,47
18371.bmp,48
18372.bmp,49
18373.bmp,50
18374.bmp,51
18375.bmp,52
18376.bmp,53
18377.bmp,54
18378.bmp,55
18379.bmp,56
18380.bmp,57
18381.bmp,58
18382.bmp,59
18383.bmp,60
18384.bmp,61
18385.bmp,62
18386.bmp,63
18387.bmp,64
18388.bmp,65
18389.bmp,66
18390.bmp,67
18391.bmp,68
18392.bmp,69
18393.bmp,70
18394.bmp,71
18395.bmp,72
18396.bmp,73
18397.bmp,74
18398.bmp,75
18399.bmp,76
18400.bmp,77
18401.bmp,78
18402.bmp,79
18403.bmp,80
18404.bmp,81
18405.bmp,82
18406.bmp,83
18407.bmp,84
18408.bmp,85
18409.bmp,86
18410.bmp,87
18411.bmp,88
18412.bmp,89
18413.bmp,90
18414.bmp,91
18415.bmp,92
18416.bmp,93
18417.bmp,94
18418.bmp,95
18419.bmp,96
18420.bmp,97
18421.bmp,98
18422.bmp,99
18423.bmp,100
18424.bmp,101
18425.bmp,102
18426.bmp,103
18427.bmp,104
18428.bmp,105
18429.bmp,106
18430.bmp,107
18431.bmp,108
18432.bmp,109
18433.bmp,110
18434.bmp,111
18435.bmp,112
18436.bmp,113
18437.bmp,114
18438.bmp,115
18439.bmp,116
18440.bmp,117
18441.bmp,118
18442.bmp,119
18443.bmp,120
18444.bmp,121
18445.bmp,122
18446.bmp,123
18447.bmp,124
18448.bmp,125
18449.bmp,126
18450.bmp,127
18451.bmp,128
18452.bmp,129
18453.bmp,130
18454.bmp,131
18455.bmp,132
18456.bmp,133
18457.bmp,134
18458.bmp,135
18459.bmp,136
18460.bmp,137
18461.bmp,138
18462.bmp,139
18463.bmp,140
18464.bmp,141
18465.bmp,142
18466.bmp,143
18467.bmp,144
18468.bmp,145
18469.bmp,146
18470.bmp,147
18471.bmp,148
18472.bmp,149
18473.bmp,150
18474.bmp,151
18475.bmp,152
18476.bmp,153
18477.bmp,154
18478.bmp,155
18479.bmp,0
18480.bmp,1
18481.bmp,2
18482.bmp,3
18483.bmp,4
18484.bmp,5
18485.bmp,6
18486.bmp,7
18487.bmp,8
18488.bmp,9
18489.bmp,10
18490.bmp,11
18491.bmp,12
18492.bmp,13
18493.bmp,14
18494.bmp,15
18495.bmp,16
18496.bmp,17
18497.bmp,18
18498.bmp,19
18499.bmp,20
18500.bmp,21
18501.bmp,22
18502.bmp,23
18503.bmp,24
18504.bmp,25
18505.bmp,26
18506.bmp,27
18507.bmp,28
18508.bmp,29
18509.bmp,30
18510.bmp,31
18511.bmp,32
18512.bmp,33
18513.bmp,34
18514.bmp,35
18515.bmp,36
18516.bmp,37
18517.bmp,38
18518.bmp,39
18519.bmp,40
18520.bmp,41
18521.bmp,42
18522.bmp,43
18523.bmp,44
18524.bmp,45
18525.bmp,46
18526.bmp,47
18527.bmp,48
18528.bmp,49
18529.bmp,50
18530.bmp,51
18531.bmp,52
18532.bmp,53
18533.bmp,54
18534.bmp,55
18535.bmp,56
18536.bmp,57
18537.bmp,58
18538.bmp,59
18539.bmp,60
18540.bmp,61
18541.bmp,62
18542.bmp,63
18543.bmp,64
18544.bmp,65
18545.bmp,66
18546.bmp,67
18547.bmp,68
18548.bmp,69
18549.bmp,70
18550.bmp,71
18551.bmp,72
18552.bmp,73
18553.bmp,74
18554.bmp,75
18555.bmp,76
18556.bmp,77
18557.bmp,78
18558.bmp,79
18559.bmp,80
18560.bmp,81
18561.bmp,82
18562.bmp,83
18563.bmp,84
18564.bmp,85
18565.bmp,86
18566.bmp,87
18567.bmp,88
18568.bmp,89
18569.bmp,90
18570.bmp,91
18571.bmp,92
18572.bmp,93
18573.bmp,94
18574.bmp,95
18575.bmp,96
18576.bmp,97
18577.bmp,98
18578.bmp,99
18579.bmp,100
18580.bmp,101
18581.bmp,102
18582.bmp,103
18583.bmp,104
18584.bmp,105
18585.bmp,106
18586.bmp,107
18587.bmp,108
18588.bmp,109
18589.bmp,110
18590.bmp,111
18591.bmp,112
18592.bmp,113
18593.bmp,114
18594.bmp,115
18595.bmp,116
18596.bmp,117
18597.bmp,118
18598.bmp,119
18599.bmp,120
18600.bmp,121
18601.bmp,122
18602.bmp,123
18603.bmp,124
18604.bmp,125
18605.bmp,126
18606.bmp,127
18607.bmp,128
18608.bmp,129
18609.bmp,130
18610.bmp,131
18611.bmp,132
18612.bmp,133
18613.bmp,134
18614.bmp,135
18615.bmp,136
18616.bmp,137
18617.bmp,138
18618.bmp,139
18619.bmp,140
18620.bmp,141
18621.bmp,142
18622.bmp,143
18623.bmp,144
18624.bmp,145
18625.bmp,146
18626.bmp,147
18627.bmp,148
18628.bmp,149
18629.bmp,150
18630.bmp,151
18631.bmp,152
18632.bmp,153
18633.bmp,154
18634.bmp,155
18635.bmp,0
18636.bmp,1
18637.bmp,2
18638.bmp,3
18639.bmp,4
18640.bmp,5
18641.bmp,6
18642.bmp,7
18643.bmp,8
18644.bmp,9
18645.bmp,10
18646.bmp,11
18647.bmp,12
18648.bmp,13
18649.bmp,14
18650.bmp,15
18651.bmp,16
18652.bmp,17
18653.bmp,18
18654.bmp,19
18655.bmp,20
18656.bmp,21
18657.bmp,22
18658.bmp,23
18659.bmp,24
18660.bmp,25
18661.bmp,26
18662.bmp,27
18663.bmp,28
18664.bmp,29
18665.bmp,30
18666.bmp,31
18667.bmp,32
18668.bmp,33
18669.bmp,34
18670.bmp,35
18671.bmp,36
18672.bmp,37
18673.bmp,38
18674.bmp,39
18675.bmp,40
18676.bmp,41
18677.bmp,42
18678.bmp,43
18679.bmp,44
18680.bmp,45
18681.bmp,46
18682.bmp,47
18683.bmp,48
18684.bmp,49
18685.bmp,50
18686.bmp,51
18687.bmp,52
18688.bmp,53
18689.bmp,54
18690.bmp,55
18691.bmp,56
18692.bmp,57
18693.bmp,58
18694.bmp,59
18695.bmp,60
18696.bmp,61
18697.bmp,62
18698.bmp,63
18699.bmp,64
18700.bmp,65
18701.bmp,66
18702.bmp,67
18703.bmp,68
18704.bmp,69
18705.bmp,70
18706.bmp,71
18707.bmp,72
18708.bmp,73
18709.bmp,74
18710.bmp,75
18711.bmp,76
18712.bmp,77
18713.bmp,78
18714.bmp,79
18715.bmp,80
18716.bmp,81
18717.bmp,82
18718.bmp,83
18719.bmp,84
18720.bmp,85
18721.bmp,86
18722.bmp,87
18723.bmp,88
18724.bmp,89
18725.bmp,90
18726.bmp,91
18727.bmp,92
18728.bmp,93
18729.bmp,94
18730.bmp,95
18731.bmp,96
18732.bmp,97
18733.bmp,98
18734.bmp,99
18735.bmp,100
18736.bmp,101
18737.bmp,102
18738.bmp,103
18739.bmp,104
18740.bmp,105
18741.bmp,106
18742.bmp,107
18743.bmp,108
18744.bmp,109
18745.bmp,110
18746.bmp,111
18747.bmp,112
18748.bmp,113
18749.bmp,114
18750.bmp,115
18751.bmp,116
18752.bmp,117
18753.bmp,118
18754.bmp,119
18755.bmp,120
18756.bmp,121
18757.bmp,122
18758.bmp,123
18759.bmp,124
18760.bmp,125
18761.bmp,126
18762.bmp,127
18763.bmp,128
18764.bmp,129
18765.bmp,130
18766.bmp,131
18767.bmp,132
18768.bmp,133
18769.bmp,134
18770.bmp,135
18771.bmp,136
18772.bmp,137
18773.bmp,138
18774.bmp,139
18775.bmp,140
18776.bmp,141
18777.bmp,142
18778.bmp,143
18779.bmp,144
18780.bmp,145
18781.bmp,146
18782.bmp,147
18783.bmp,148
18784.bmp,149
18785.bmp,150
18786.bmp,151
18787.bmp,152
18788.bmp,153
18789.bmp,154
18790.bmp,155
18791.bmp,0
18792.bmp,1
18793.bmp,2
18794.bmp,3
18795.bmp,4
18796.bmp,5
18797.bmp,6
18798.bmp,7
18799.bmp,8
18800.bmp,9
18801.bmp,10
18802.bmp,11
18803.bmp,12
18804.bmp,13
18805.bmp,14
18806.bmp,15
18807.bmp,16
18808.bmp,17
18809.bmp,18
18810.bmp,19
18811.bmp,20
18812.bmp,21
18813.bmp,22
18814.bmp,23
18815.bmp,24
18816.bmp,25
18817.bmp,26
18818.bmp,27
18819.bmp,28
18820.bmp,29
18821.bmp,30
18822.bmp,31
18823.bmp,32
18824.bmp,33
18825.bmp,34
18826.bmp,35
18827.bmp,36
18828.bmp,37
18829.bmp,38
18830.bmp,39
18831.bmp,40
18832.bmp,41
18833.bmp,42
18834.bmp,43
18835.bmp,44
18836.bmp,45
18837.bmp,46
18838.bmp,47
18839.bmp,48
18840.bmp,49
18841.bmp,50
18842.bmp,51
18843.bmp,52
18844.bmp,53
18845.bmp,54
18846.bmp,55
18847.bmp,56
18848.bmp,57
18849.bmp,58
18850.bmp,59
18851.bmp,60
18852.bmp,61
18853.bmp,62
18854.bmp,63
18855.bmp,64
18856.bmp,65
18857.bmp,66
18858.bmp,67
18859.bmp,68
18860.bmp,69
18861.bmp,70
18862.bmp,71
18863.bmp,72
18864.bmp,73
18865.bmp,74
18866.bmp,75
18867.bmp,76
18868.bmp,77
18869.bmp,78
18870.bmp,79
18871.bmp,80
18872.bmp,81
18873.bmp,82
18874.bmp,83
18875.bmp,84
18876.bmp,85
18877.bmp,86
18878.bmp,87
18879.bmp,88
18880.bmp,89
18881.bmp,90
18882.bmp,91
18883.bmp,92
18884.bmp,93
18885.bmp,94
18886.bmp,95
18887.bmp,96
18888.bmp,97
18889.bmp,98
18890.bmp,99
18891.bmp,100
18892.bmp,101
18893.bmp,102
18894.bmp,103
18895.bmp,104
18896.bmp,105
18897.bmp,106
18898.bmp,107
18899.bmp,108
18900.bmp,109
18901.bmp,110
18902.bmp,111
18903.bmp,112
18904.bmp,113
18905.bmp,114
18906.bmp,115
18907.bmp,116
18908.bmp,117
18909.bmp,118
18910.bmp,119
18911.bmp,120
18912.bmp,121
18913.bmp,122
18914.bmp,123
18915.bmp,124
18916.bmp,125
18917.bmp,126
18918.bmp,127
18919.bmp,128
18920.bmp,129
18921.bmp,130
18922.bmp,131
18923.bmp,132
18924.bmp,133
18925.bmp,134
18926.bmp,135
18927.bmp,136
18928.bmp,137
18929.bmp,138
18930.bmp,139
18931.bmp,140
18932.bmp,141
18933.bmp,142
18934.bmp,143
18935.bmp,144
18936.bmp,145
18937.bmp,146
18938.bmp,147
18939.bmp,148
18940.bmp,149
18941.bmp,150
18942.bmp,151
18943.bmp,152
18944.bmp,153
18945.bmp,154
18946.bmp,155
18947.bmp,0
18948.bmp,1
18949.bmp,2
18950.bmp,3
18951.bmp,4
18952.bmp,5
18953.bmp,6
18954.bmp,7
18955.bmp,8
18956.bmp,9
18957.bmp,10
18958.bmp,11
18959.bmp,12
18960.bmp,13
18961.bmp,14
18962.bmp,15
18963.bmp,16
18964.bmp,17
18965.bmp,18
18966.bmp,19
18967.bmp,20
18968.bmp,21
18969.bmp,22
18970.bmp,23
18971.bmp,24
18972.bmp,25
18973.bmp,26
18974.bmp,27
18975.bmp,28
18976.bmp,29
18977.bmp,30
18978.bmp,31
18979.bmp,32
18980.bmp,33
18981.bmp,34
18982.bmp,35
18983.bmp,36
18984.bmp,37
18985.bmp,38
18986.bmp,39
18987.bmp,40
18988.bmp,41
18989.bmp,42
18990.bmp,43
18991.bmp,44
18992.bmp,45
18993.bmp,46
18994.bmp,47
18995.bmp,48
18996.bmp,49
18997.bmp,50
18998.bmp,51
18999.bmp,52
19000.bmp,53
19001.bmp,54
19002.bmp,55
19003.bmp,56
19004.bmp,57
19005.bmp,58
19006.bmp,59
19007.bmp,60
19008.bmp,61
19009.bmp,62
19010.bmp,63
19011.bmp,64
19012.bmp,65
19013.bmp,66
19014.bmp,67
19015.bmp,68
19016.bmp,69
19017.bmp,70
19018.bmp,71
19019.bmp,72
19020.bmp,73
19021.bmp,74
19022.bmp,75
19023.bmp,76
19024.bmp,77
19025.bmp,78
19026.bmp,79
19027.bmp,80
19028.bmp,81
19029.bmp,82
19030.bmp,83
19031.bmp,84
19032.bmp,85
19033.bmp,86
19034.bmp,87
19035.bmp,88
19036.bmp,89
19037.bmp,90
19038.bmp,91
19039.bmp,92
19040.bmp,93
19041.bmp,94
19042.bmp,95
19043.bmp,96
19044.bmp,97
19045.bmp,98
19046.bmp,99
19047.bmp,100
19048.bmp,101
19049.bmp,102
19050.bmp,103
19051.bmp,104
19052.bmp,105
19053.bmp,106
19054.bmp,107
19055.bmp,108
19056.bmp,109
19057.bmp,110
19058.bmp,111
19059.bmp,112
19060.bmp,113
19061.bmp,114
19062.bmp,115
19063.bmp,116
19064.bmp,117
19065.bmp,118
19066.bmp,119
19067.bmp,120
19068.bmp,121
19069.bmp,122
19070.bmp,123
19071.bmp,124
19072.bmp,125
19073.bmp,126
19074.bmp,127
19075.bmp,128
19076.bmp,129
19077.bmp,130
19078.bmp,131
19079.bmp,132
19080.bmp,133
19081.bmp,134
19082.bmp,135
19083.bmp,136
19084.bmp,137
19085.bmp,138
19086.bmp,139
19087.bmp,140
19088.bmp,141
19089.bmp,142
19090.bmp,143
19091.bmp,144
19092.bmp,145
19093.bmp,146
19094.bmp,147
19095.bmp,148
19096.bmp,149
19097.bmp,150
19098.bmp,151
19099.bmp,152
19100.bmp,153
19101.bmp,154
19102.bmp,155
19103.bmp,0
19104.bmp,1
19105.bmp,2
19106.bmp,3
19107.bmp,4
19108.bmp,5
19109.bmp,6
19110.bmp,7
19111.bmp,8
19112.bmp,9
19113.bmp,10
19114.bmp,11
19115.bmp,12
19116.bmp,13
19117.bmp,14
19118.bmp,15
19119.bmp,16
19120.bmp,17
19121.bmp,18
19122.bmp,19
19123.bmp,20
19124.bmp,21
19125.bmp,22
19126.bmp,23
19127.bmp,24
19128.bmp,25
19129.bmp,26
19130.bmp,27
19131.bmp,28
19132.bmp,29
19133.bmp,30
19134.bmp,31
19135.bmp,32
19136.bmp,33
19137.bmp,34
19138.bmp,35
19139.bmp,36
19140.bmp,37
19141.bmp,38
19142.bmp,39
19143.bmp,40
19144.bmp,41
19145.bmp,42
19146.bmp,43
19147.bmp,44
19148.bmp,45
19149.bmp,46
19150.bmp,47
19151.bmp,48
19152.bmp,49
19153.bmp,50
19154.bmp,51
19155.bmp,52
19156.bmp,53
19157.bmp,54
19158.bmp,55
19159.bmp,56
19160.bmp,57
19161.bmp,58
19162.bmp,59
19163.bmp,60
19164.bmp,61
19165.bmp,62
19166.bmp,63
19167.bmp,64
19168.bmp,65
19169.bmp,66
19170.bmp,67
19171.bmp,68
19172.bmp,69
19173.bmp,70
19174.bmp,71
19175.bmp,72
19176.bmp,73
19177.bmp,74
19178.bmp,75
19179.bmp,76
19180.bmp,77
19181.bmp,78
19182.bmp,79
19183.bmp,80
19184.bmp,81
19185.bmp,82
19186.bmp,83
19187.bmp,84
19188.bmp,85
19189.bmp,86
19190.bmp,87
19191.bmp,88
19192.bmp,89
19193.bmp,90
19194.bmp,91
19195.bmp,92
19196.bmp,93
19197.bmp,94
19198.bmp,95
19199.bmp,96
19200.bmp,97
19201.bmp,98
19202.bmp,99
19203.bmp,100
19204.bmp,101
19205.bmp,102
19206.bmp,103
19207.bmp,104
19208.bmp,105
19209.bmp,106
19210.bmp,107
19211.bmp,108
19212.bmp,109
19213.bmp,110
19214.bmp,111
19215.bmp,112
19216.bmp,113
19217.bmp,114
19218.bmp,115
19219.bmp,116
19220.bmp,117
19221.bmp,118
19222.bmp,119
19223.bmp,120
19224.bmp,121
19225.bmp,122
19226.bmp,123
19227.bmp,124
19228.bmp,125
19229.bmp,126
19230.bmp,127
19231.bmp,128
19232.bmp,129
19233.bmp,130
19234.bmp,131
19235.bmp,132
19236.bmp,133
19237.bmp,134
19238.bmp,135
19239.bmp,136
19240.bmp,137
19241.bmp,138
19242.bmp,139
19243.bmp,140
19244.bmp,141
19245.bmp,142
19246.bmp,143
19247.bmp,144
19248.bmp,145
19249.bmp,146
19250.bmp,147
19251.bmp,148
19252.bmp,149
19253.bmp,150
19254.bmp,151
19255.bmp,152
19256.bmp,153
19257.bmp,154
19258.bmp,155
19259.bmp,0
19260.bmp,1
19261.bmp,2
19262.bmp,3
19263.bmp,4
19264.bmp,5
19265.bmp,6
19266.bmp,7
19267.bmp,8
19268.bmp,9
19269.bmp,10
19270.bmp,11
19271.bmp,12
19272.bmp,13
19273.bmp,14
19274.bmp,15
19275.bmp,16
19276.bmp,17
19277.bmp,18
19278.bmp,19
19279.bmp,20
19280.bmp,21
19281.bmp,22
19282.bmp,23
19283.bmp,24
19284.bmp,25
19285.bmp,26
19286.bmp,27
19287.bmp,28
19288.bmp,29
19289.bmp,30
19290.bmp,31
19291.bmp,32
19292.bmp,33
19293.bmp,34
19294.bmp,35
19295.bmp,36
19296.bmp,37
19297.bmp,38
19298.bmp,39
19299.bmp,40
19300.bmp,41
19301.bmp,42
19302.bmp,43
19303.bmp,44
19304.bmp,45
19305.bmp,46
19306.bmp,47
19307.bmp,48
19308.bmp,49
19309.bmp,50
19310.bmp,51
19311.bmp,52
19312.bmp,53
19313.bmp,54
19314.bmp,55
19315.bmp,56
19316.bmp,57
19317.bmp,58
19318.bmp,59
19319.bmp,60
19320.bmp,61
19321.bmp,62
19322.bmp,63
19323.bmp,64
19324.bmp,65
19325.bmp,66
19326.bmp,67
19327.bmp,68
19328.bmp,69
19329.bmp,70
19330.bmp,71
19331.bmp,72
19332.bmp,73
19333.bmp,74
19334.bmp,75
19335.bmp,76
19336.bmp,77
19337.bmp,78
19338.bmp,79
19339.bmp,80
19340.bmp,81
19341.bmp,82
19342.bmp,83
19343.bmp,84
19344.bmp,85
19345.bmp,86
19346.bmp,87
19347.bmp,88
19348.bmp,89
19349.bmp,90
19350.bmp,91
19351.bmp,92
19352.bmp,93
19353.bmp,94
19354.bmp,95
19355.bmp,96
19356.bmp,97
19357.bmp,98
19358.bmp,99
19359.bmp,100
19360.bmp,101
19361.bmp,102
19362.bmp,103
19363.bmp,104
19364.bmp,105
19365.bmp,106
19366.bmp,107
19367.bmp,108
19368.bmp,109
19369.bmp,110
19370.bmp,111
19371.bmp,112
19372.bmp,113
19373.bmp,114
19374.bmp,115
19375.bmp,116
19376.bmp,117
19377.bmp,118
19378.bmp,119
19379.bmp,120
19380.bmp,121
19381.bmp,122
19382.bmp,123
19383.bmp,124
19384.bmp,125
19385.bmp,126
19386.bmp,127
19387.bmp,128
19388.bmp,129
19389.bmp,130
19390.bmp,131
19391.bmp,132
19392.bmp,133
19393.bmp,134
19394.bmp,135
19395.bmp,136
19396.bmp,137
19397.bmp,138
19398.bmp,139
19399.bmp,140
19400.bmp,141
19401.bmp,142
19402.bmp,143
19403.bmp,144
19404.bmp,145
19405.bmp,146
19406.bmp,147
19407.bmp,148
19408.bmp,149
19409.bmp,150
19410.bmp,151
19411.bmp,152
19412.bmp,153
19413.bmp,154
19414.bmp,155
19415.bmp,0
19416.bmp,1
19417.bmp,2
19418.bmp,3
19419.bmp,4
19420.bmp,5
19421.bmp,6
19422.bmp,7
19423.bmp,8
19424.bmp,9
19425.bmp,10
19426.bmp,11
19427.bmp,12
19428.bmp,13
19429.bmp,14
19430.bmp,15
19431.bmp,16
19432.bmp,17
19433.bmp,18
19434.bmp,19
19435.bmp,20
19436.bmp,21
19437.bmp,22
19438.bmp,23
19439.bmp,24
19440.bmp,25
19441.bmp,26
19442.bmp,27
19443.bmp,28
19444.bmp,29
19445.bmp,30
19446.bmp,31
19447.bmp,32
19448.bmp,33
19449.bmp,34
19450.bmp,35
19451.bmp,36
19452.bmp,37
19453.bmp,38
19454.bmp,39
19455.bmp,40
19456.bmp,41
19457.bmp,42
19458.bmp,43
19459.bmp,44
19460.bmp,45
19461.bmp,46
19462.bmp,47
19463.bmp,48
19464.bmp,49
19465.bmp,50
19466.bmp,51
19467.bmp,52
19468.bmp,53
19469.bmp,54
19470.bmp,55
19471.bmp,56
19472.bmp,57
19473.bmp,58
19474.bmp,59
19475.bmp,60
19476.bmp,61
19477.bmp,62
19478.bmp,63
19479.bmp,64
19480.bmp,65
19481.bmp,66
19482.bmp,67
19483.bmp,68
19484.bmp,69
19485.bmp,70
19486.bmp,71
19487.bmp,72
19488.bmp,73
19489.bmp,74
19490.bmp,75
19491.bmp,76
19492.bmp,77
19493.bmp,78
19494.bmp,79
19495.bmp,80
19496.bmp,81
19497.bmp,82
19498.bmp,83
19499.bmp,84
19500.bmp,85
19501.bmp,86
19502.bmp,87
19503.bmp,88
19504.bmp,89
19505.bmp,90
19506.bmp,91
19507.bmp,92
19508.bmp,93
19509.bmp,94
19510.bmp,95
19511.bmp,96
19512.bmp,97
19513.bmp,98
19514.bmp,99
19515.bmp,100
19516.bmp,101
19517.bmp,102
19518.bmp,103
19519.bmp,104
19520.bmp,105
19521.bmp,106
19522.bmp,107
19523.bmp,108
19524.bmp,109
19525.bmp,110
19526.bmp,111
19527.bmp,112
19528.bmp,113
19529.bmp,114
19530.bmp,115
19531.bmp,116
19532.bmp,117
19533.bmp,118
19534.bmp,119
19535.bmp,120
19536.bmp,121
19537.bmp,122
19538.bmp,123
19539.bmp,124
19540.bmp,125
19541.bmp,126
19542.bmp,127
19543.bmp,128
19544.bmp,129
19545.bmp,130
19546.bmp,131
19547.bmp,132
19548.bmp,133
19549.bmp,134
19550.bmp,135
19551.bmp,136
19552.bmp,137
19553.bmp,138
19554.bmp,139
19555.bmp,140
19556.bmp,141
19557.bmp,142
19558.bmp,143
19559.bmp,144
19560.bmp,145
19561.bmp,146
19562.bmp,147
19563.bmp,148
19564.bmp,149
19565.bmp,150
19566.bmp,151
19567.bmp,152
19568.bmp,153
19569.bmp,154
19570.bmp,155
19571.bmp,0
19572.bmp,1
19573.bmp,2
19574.bmp,3
19575.bmp,4
19576.bmp,5
19577.bmp,6
19578.bmp,7
19579.bmp,8
19580.bmp,9
19581.bmp,10
19582.bmp,11
19583.bmp,12
19584.bmp,13
19585.bmp,14
19586.bmp,15
19587.bmp,16
19588.bmp,17
19589.bmp,18
19590.bmp,19
19591.bmp,20
19592.bmp,21
19593.bmp,22
19594.bmp,23
19595.bmp,24
19596.bmp,25
19597.bmp,26
19598.bmp,27
19599.bmp,28
19600.bmp,29
19601.bmp,30
19602.bmp,31
19603.bmp,32
19604.bmp,33
19605.bmp,34
19606.bmp,35
19607.bmp,36
19608.bmp,37
19609.bmp,38
19610.bmp,39
19611.bmp,40
19612.bmp,41
19613.bmp,42
19614.bmp,43
19615.bmp,44
19616.bmp,45
19617.bmp,46
19618.bmp,47
19619.bmp,48
19620.bmp,49
19621.bmp,50
19622.bmp,51
19623.bmp,52
19624.bmp,53
19625.bmp,54
19626.bmp,55
19627.bmp,56
19628.bmp,57
19629.bmp,58
19630.bmp,59
19631.bmp,60
19632.bmp,61
19633.bmp,62
19634.bmp,63
19635.bmp,64
19636.bmp,65
19637.bmp,66
19638.bmp,67
19639.bmp,68
19640.bmp,69
19641.bmp,70
19642.bmp,71
19643.bmp,72
19644.bmp,73
19645.bmp,74
19646.bmp,75
19647.bmp,76
19648.bmp,77
19649.bmp,78
19650.bmp,79
19651.bmp,80
19652.bmp,81
19653.bmp,82
19654.bmp,83
19655.bmp,84
19656.bmp,85
19657.bmp,86
19658.bmp,87
19659.bmp,88
19660.bmp,89
19661.bmp,90
19662.bmp,91
19663.bmp,92
19664.bmp,93
19665.bmp,94
19666.bmp,95
19667.bmp,96
19668.bmp,97
19669.bmp,98
19670.bmp,99
19671.bmp,100
19672.bmp,101
19673.bmp,102
19674.bmp,103
19675.bmp,104
19676.bmp,105
19677.bmp,106
19678.bmp,107
19679.bmp,108
19680.bmp,109
19681.bmp,110
19682.bmp,111
19683.bmp,112
19684.bmp,113
19685.bmp,114
19686.bmp,115
19687.bmp,116
19688.bmp,117
19689.bmp,118
19690.bmp,119
19691.bmp,120
19692.bmp,121
19693.bmp,122
19694.bmp,123
19695.bmp,124
19696.bmp,125
19697.bmp,126
19698.bmp,127
19699.bmp,128
19700.bmp,129
19701.bmp,130
19702.bmp,131
19703.bmp,132
19704.bmp,133
19705.bmp,134
19706.bmp,135
19707.bmp,136
19708.bmp,137
19709.bmp,138
19710.bmp,139
19711.bmp,140
19712.bmp,141
19713.bmp,142
19714.bmp,143
19715.bmp,144
19716.bmp,145
19717.bmp,146
19718.bmp,147
19719.bmp,148
19720.bmp,149
19721.bmp,150
19722.bmp,151
19723.bmp,152
19724.bmp,153
19725.bmp,154
19726.bmp,155
19727.bmp,0
19728.bmp,1
19729.bmp,2
19730.bmp,3
19731.bmp,4
19732.bmp,5
19733.bmp,6
19734.bmp,7
19735.bmp,8
19736.bmp,9
19737.bmp,10
19738.bmp,11
19739.bmp,12
19740.bmp,13
19741.bmp,14
19742.bmp,15
19743.bmp,16
19744.bmp,17
19745.bmp,18
19746.bmp,19
19747.bmp,20
19748.bmp,21
19749.bmp,22
19750.bmp,23
19751.bmp,24
19752.bmp,25
19753.bmp,26
19754.bmp,27
19755.bmp,28
19756.bmp,29
19757.bmp,30
19758.bmp,31
19759.bmp,32
19760.bmp,33
19761.bmp,34
19762.bmp,35
19763.bmp,36
19764.bmp,37
19765.bmp,38
19766.bmp,39
19767.bmp,40
19768.bmp,41
19769.bmp,42
19770.bmp,43
19771.bmp,44
19772.bmp,45
19773.bmp,46
19774.bmp,47
19775.bmp,48
19776.bmp,49
19777.bmp,50
19778.bmp,51
19779.bmp,52
19780.bmp,53
19781.bmp,54
19782.bmp,55
19783.bmp,56
19784.bmp,57
19785.bmp,58
19786.bmp,59
19787.bmp,60
19788.bmp,61
19789.bmp,62
19790.bmp,63
19791.bmp,64
19792.bmp,65
19793.bmp,66
19794.bmp,67
19795.bmp,68
19796.bmp,69
19797.bmp,70
19798.bmp,71
19799.bmp,72
19800.bmp,73
19801.bmp,74
19802.bmp,75
19803.bmp,76
19804.bmp,77
19805.bmp,78
19806.bmp,79
19807.bmp,80
19808.bmp,81
19809.bmp,82
19810.bmp,83
19811.bmp,84
19812.bmp,85
19813.bmp,86
19814.bmp,87
19815.bmp,88
19816.bmp,89
19817.bmp,90
19818.bmp,91
19819.bmp,92
19820.bmp,93
19821.bmp,94
19822.bmp,95
19823.bmp,96
19824.bmp,97
19825.bmp,98
19826.bmp,99
19827.bmp,100
19828.bmp,101
19829.bmp,102
19830.bmp,103
19831.bmp,104
19832.bmp,105
19833.bmp,106
19834.bmp,107
19835.bmp,108
19836.bmp,109
19837.bmp,110
19838.bmp,111
19839.bmp,112
19840.bmp,113
19841.bmp,114
19842.bmp,115
19843.bmp,116
19844.bmp,117
19845.bmp,118
19846.bmp,119
19847.bmp,120
19848.bmp,121
19849.bmp,122
19850.bmp,123
19851.bmp,124
19852.bmp,125
19853.bmp,126
19854.bmp,127
19855.bmp,128
19856.bmp,129
19857.bmp,130
19858.bmp,131
19859.bmp,132
19860.bmp,133
19861.bmp,134
19862.bmp,135
19863.bmp,136
19864.bmp,137
19865.bmp,138
19866.bmp,139
19867.bmp,140
19868.bmp,141
19869.bmp,142
19870.bmp,143
19871.bmp,144
19872.bmp,145
19873.bmp,146
19874.bmp,147
19875.bmp,148
19876.bmp,149
19877.bmp,150
19878.bmp,151
19879.bmp,152
19880.bmp,153
19881.bmp,154
19882.bmp,155
19883.bmp,0
19884.bmp,1
19885.bmp,2
19886.bmp,3
19887.bmp,4
19888.bmp,5
19889.bmp,6
19890.bmp,7
19891.bmp,8
19892.bmp,9
19893.bmp,10
19894.bmp,11
19895.bmp,12
19896.bmp,13
19897.bmp,14
19898.bmp,15
19899.bmp,16
19900.bmp,17
19901.bmp,18
19902.bmp,19
19903.bmp,20
19904.bmp,21
19905.bmp,22
19906.bmp,23
19907.bmp,24
19908.bmp,25
19909.bmp,26
19910.bmp,27
19911.bmp,28
19912.bmp,29
19913.bmp,30
19914.bmp,31
19915.bmp,32
19916.bmp,33
19917.bmp,34
19918.bmp,35
19919.bmp,36
19920.bmp,37
19921.bmp,38
19922.bmp,39
19923.bmp,40
19924.bmp,41
19925.bmp,42
19926.bmp,43
19927.bmp,44
19928.bmp,45
19929.bmp,46
19930.bmp,47
19931.bmp,48
19932.bmp,49
19933.bmp,50
19934.bmp,51
19935.bmp,52
19936.bmp,53
19937.bmp,54
19938.bmp,55
19939.bmp,56
19940.bmp,57
19941.bmp,58
19942.bmp,59
19943.bmp,60
19944.bmp,61
19945.bmp,62
19946.bmp,63
19947.bmp,64
19948.bmp,65
19949.bmp,66
19950.bmp,67
19951.bmp,68
19952.bmp,69
19953.bmp,70
19954.bmp,71
19955.bmp,72
19956.bmp,73
19957.bmp,74
19958.bmp,75
19959.bmp,76
19960.bmp,77
19961.bmp,78
19962.bmp,79
19963.bmp,80
19964.bmp,81
19965.bmp,82
19966.bmp,83
19967.bmp,84
19968.bmp,85
19969.bmp,86
19970.bmp,87
19971.bmp,88
19972.bmp,89
19973.bmp,90
19974.bmp,91
19975.bmp,92
19976.bmp,93
19977.bmp,94
19978.bmp,95
19979.bmp,96
19980.bmp,97
19981.bmp,98
19982.bmp,99
19983.bmp,100
19984.bmp,101
19985.bmp,102
19986.bmp,103
19987.bmp,104
19988.bmp,105
19989.bmp,106
19990.bmp,107
19991.bmp,108
19992.bmp,109
19993.bmp,110
19994.bmp,111
19995.bmp,112
19996.bmp,113
19997.bmp,114
19998.bmp,115
19999.bmp,116
20000.bmp,117
20001.bmp,118
20002.bmp,119
20003.bmp,120
20004.bmp,121
20005.bmp,122
20006.bmp,123
20007.bmp,124
20008.bmp,125
20009.bmp,126
20010.bmp,127
20011.bmp,128
20012.bmp,129
20013.bmp,130
20014.bmp,131
20015.bmp,132
20016.bmp,133
20017.bmp,134
20018.bmp,135
20019.bmp,136
20020.bmp,137
20021.bmp,138
20022.bmp,139
20023.bmp,140
20024.bmp,141
20025.bmp,142
20026.bmp,143
20027.bmp,144
20028.bmp,145
20029.bmp,146
20030.bmp,147
20031.bmp,148
20032.bmp,149
20033.bmp,150
20034.bmp,151
20035.bmp,152
20036.bmp,153
20037.bmp,154
20038.bmp,155
20039.bmp,0
20040.bmp,1
20041.bmp,2
20042.bmp,3
20043.bmp,4
20044.bmp,5
20045.bmp,6
20046.bmp,7
20047.bmp,8
20048.bmp,9
20049.bmp,10
20050.bmp,11
20051.bmp,12
20052.bmp,13
20053.bmp,14
20054.bmp,15
20055.bmp,16
20056.bmp,17
20057.bmp,18
20058.bmp,19
20059.bmp,20
20060.bmp,21
20061.bmp,22
20062.bmp,23
20063.bmp,24
20064.bmp,25
20065.bmp,26
20066.bmp,27
20067.bmp,28
20068.bmp,29
20069.bmp,30
20070.bmp,31
20071.bmp,32
20072.bmp,33
20073.bmp,34
20074.bmp,35
20075.bmp,36
20076.bmp,37
20077.bmp,38
20078.bmp,39
20079.bmp,40
20080.bmp,41
20081.bmp,42
20082.bmp,43
20083.bmp,44
20084.bmp,45
20085.bmp,46
20086.bmp,47
20087.bmp,48
20088.bmp,49
20089.bmp,50
20090.bmp,51
20091.bmp,52
20092.bmp,53
20093.bmp,54
20094.bmp,55
20095.bmp,56
20096.bmp,57
20097.bmp,58
20098.bmp,59
20099.bmp,60
20100.bmp,61
20101.bmp,62
20102.bmp,63
20103.bmp,64
20104.bmp,65
20105.bmp,66
20106.bmp,67
20107.bmp,68
20108.bmp,69
20109.bmp,70
20110.bmp,71
20111.bmp,72
20112.bmp,73
20113.bmp,74
20114.bmp,75
20115.bmp,76
20116.bmp,77
20117.bmp,78
20118.bmp,79
20119.bmp,80
20120.bmp,81
20121.bmp,82
20122.bmp,83
20123.bmp,84
20124.bmp,85
20125.bmp,86
20126.bmp,87
20127.bmp,88
20128.bmp,89
20129.bmp,90
20130.bmp,91
20131.bmp,92
20132.bmp,93
20133.bmp,94
20134.bmp,95
20135.bmp,96
20136.bmp,97
20137.bmp,98
20138.bmp,99
20139.bmp,100
20140.bmp,101
20141.bmp,102
20142.bmp,103
20143.bmp,104
20144.bmp,105
20145.bmp,106
20146.bmp,107
20147.bmp,108
20148.bmp,109
20149.bmp,110
20150.bmp,111
20151.bmp,112
20152.bmp,113
20153.bmp,114
20154.bmp,115
20155.bmp,116
20156.bmp,117
20157.bmp,118
20158.bmp,119
20159.bmp,120
20160.bmp,121
20161.bmp,122
20162.bmp,123
20163.bmp,124
20164.bmp,125
20165.bmp,126
20166.bmp,127
20167.bmp,128
20168.bmp,129
20169.bmp,130
20170.bmp,131
20171.bmp,132
20172.bmp,133
20173.bmp,134
20174.bmp,135
20175.bmp,136
20176.bmp,137
20177.bmp,138
20178.bmp,139
20179.bmp,140
20180.bmp,141
20181.bmp,142
20182.bmp,143
20183.bmp,144
20184.bmp,145
20185.bmp,146
20186.bmp,147
20187.bmp,148
20188.bmp,149
20189.bmp,150
20190.bmp,151
20191.bmp,152
20192.bmp,153
20193.bmp,154
20194.bmp,155
20195.bmp,0
20196.bmp,1
20197.bmp,2
20198.bmp,3
20199.bmp,4
20200.bmp,5
20201.bmp,6
20202.bmp,7
20203.bmp,8
20204.bmp,9
20205.bmp,10
20206.bmp,11
20207.bmp,12
20208.bmp,13
20209.bmp,14
20210.bmp,15
20211.bmp,16
20212.bmp,17
20213.bmp,18
20214.bmp,19
20215.bmp,20
20216.bmp,21
20217.bmp,22
20218.bmp,23
20219.bmp,24
20220.bmp,25
20221.bmp,26
20222.bmp,27
20223.bmp,28
20224.bmp,29
20225.bmp,30
20226.bmp,31
20227.bmp,32
20228.bmp,33
20229.bmp,34
20230.bmp,35
20231.bmp,36
20232.bmp,37
20233.bmp,38
20234.bmp,39
20235.bmp,40
20236.bmp,41
20237.bmp,42
20238.bmp,43
20239.bmp,44
20240.bmp,45
20241.bmp,46
20242.bmp,47
20243.bmp,48
20244.bmp,49
20245.bmp,50
20246.bmp,51
20247.bmp,52
20248.bmp,53
20249.bmp,54
20250.bmp,55
20251.bmp,56
20252.bmp,57
20253.bmp,58
20254.bmp,59
20255.bmp,60
20256.bmp,61
20257.bmp,62
20258.bmp,63
20259.bmp,64
20260.bmp,65
20261.bmp,66
20262.bmp,67
20263.bmp,68
20264.bmp,69
20265.bmp,70
20266.bmp,71
20267.bmp,72
20268.bmp,73
20269.bmp,74
20270.bmp,75
20271.bmp,76
20272.bmp,77
20273.bmp,78
20274.bmp,79
20275.bmp,80
20276.bmp,81
20277.bmp,82
20278.bmp,83
20279.bmp,84
20280.bmp,85
20281.bmp,86
20282.bmp,87
20283.bmp,88
20284.bmp,89
20285.bmp,90
20286.bmp,91
20287.bmp,92
20288.bmp,93
20289.bmp,94
20290.bmp,95
20291.bmp,96
20292.bmp,97
20293.bmp,98
20294.bmp,99
20295.bmp,100
20296.bmp,101
20297.bmp,102
20298.bmp,103
20299.bmp,104
20300.bmp,105
20301.bmp,106
20302.bmp,107
20303.bmp,108
20304.bmp,109
20305.bmp,110
20306.bmp,111
20307.bmp,112
20308.bmp,113
20309.bmp,114
20310.bmp,115
20311.bmp,116
20312.bmp,117
20313.bmp,118
20314.bmp,119
20315.bmp,120
20316.bmp,121
20317.bmp,122
20318.bmp,123
20319.bmp,124
20320.bmp,125
20321.bmp,126
20322.bmp,127
20323.bmp,128
20324.bmp,129
20325.bmp,130
20326.bmp,131
20327.bmp,132
20328.bmp,133
20329.bmp,134
20330.bmp,135
20331.bmp,136
20332.bmp,137
20333.bmp,138
20334.bmp,139
20335.bmp,140
20336.bmp,141
20337.bmp,142
20338.bmp,143
20339.bmp,144
20340.bmp,145
20341.bmp,146
20342.bmp,147
20343.bmp,148
20344.bmp,149
20345.bmp,150
20346.bmp,151
20347.bmp,152
20348.bmp,153
20349.bmp,154
20350.bmp,155
20351.bmp,0
20352.bmp,1
20353.bmp,2
20354.bmp,3
20355.bmp,4
20356.bmp,5
20357.bmp,6
20358.bmp,7
20359.bmp,8
20360.bmp,9
20361.bmp,10
20362.bmp,11
20363.bmp,12
20364.bmp,13
20365.bmp,14
20366.bmp,15
20367.bmp,16
20368.bmp,17
20369.bmp,18
20370.bmp,19
20371.bmp,20
20372.bmp,21
20373.bmp,22
20374.bmp,23
20375.bmp,24
20376.bmp,25
20377.bmp,26
20378.bmp,27
20379.bmp,28
20380.bmp,29
20381.bmp,30
20382.bmp,31
20383.bmp,32
20384.bmp,33
20385.bmp,34
20386.bmp,35
20387.bmp,36
20388.bmp,37
20389.bmp,38
20390.bmp,39
20391.bmp,40
20392.bmp,41
20393.bmp,42
20394.bmp,43
20395.bmp,44
20396.bmp,45
20397.bmp,46
20398.bmp,47
20399.bmp,48
20400.bmp,49
20401.bmp,50
20402.bmp,51
20403.bmp,52
20404.bmp,53
20405.bmp,54
20406.bmp,55
20407.bmp,56
20408.bmp,57
20409.bmp,58
20410.bmp,59
20411.bmp,60
20412.bmp,61
20413.bmp,62
20414.bmp,63
20415.bmp,64
20416.bmp,65
20417.bmp,66
20418.bmp,67
20419.bmp,68
20420.bmp,69
20421.bmp,70
20422.bmp,71
20423.bmp,72
20424.bmp,73
20425.bmp,74
20426.bmp,75
20427.bmp,76
20428.bmp,77
20429.bmp,78
20430.bmp,79
20431.bmp,80
20432.bmp,81
20433.bmp,82
20434.bmp,83
20435.bmp,84
20436.bmp,85
20437.bmp,86
20438.bmp,87
20439.bmp,88
20440.bmp,89
20441.bmp,90
20442.bmp,91
20443.bmp,92
20444.bmp,93
20445.bmp,94
20446.bmp,95
20447.bmp,96
20448.bmp,97
20449.bmp,98
20450.bmp,99
20451.bmp,100
20452.bmp,101
20453.bmp,102
20454.bmp,103
20455.bmp,104
20456.bmp,105
20457.bmp,106
20458.bmp,107
20459.bmp,108
20460.bmp,109
20461.bmp,110
20462.bmp,111
20463.bmp,112
20464.bmp,113
20465.bmp,114
20466.bmp,115
20467.bmp,116
20468.bmp,117
20469.bmp,118
20470.bmp,119
20471.bmp,120
20472.bmp,121
20473.bmp,122
20474.bmp,123
20475.bmp,124
20476.bmp,125
20477.bmp,126
20478.bmp,127
20479.bmp,128
20480.bmp,129
20481.bmp,130
20482.bmp,131
20483.bmp,132
20484.bmp,133
20485.bmp,134
20486.bmp,135
20487.bmp,136
20488.bmp,137
20489.bmp,138
20490.bmp,139
20491.bmp,140
20492.bmp,141
20493.bmp,142
20494.bmp,143
20495.bmp,144
20496.bmp,145
20497.bmp,146
20498.bmp,147
20499.bmp,148
20500.bmp,149
20501.bmp,150
20502.bmp,151
20503.bmp,152
20504.bmp,153
20505.bmp,154
20506.bmp,155
20507.bmp,0
20508.bmp,1
20509.bmp,2
20510.bmp,3
20511.bmp,4
20512.bmp,5
20513.bmp,6
20514.bmp,7
20515.bmp,8
20516.bmp,9
20517.bmp,10
20518.bmp,11
20519.bmp,12
20520.bmp,13
20521.bmp,14
20522.bmp,15
20523.bmp,16
20524.bmp,17
20525.bmp,18
20526.bmp,19
20527.bmp,20
20528.bmp,21
20529.bmp,22
20530.bmp,23
20531.bmp,24
20532.bmp,25
20533.bmp,26
20534.bmp,27
20535.bmp,28
20536.bmp,29
20537.bmp,30
20538.bmp,31
20539.bmp,32
20540.bmp,33
20541.bmp,34
20542.bmp,35
20543.bmp,36
20544.bmp,37
20545.bmp,38
20546.bmp,39
20547.bmp,40
20548.bmp,41
20549.bmp,42
20550.bmp,43
20551.bmp,44
20552.bmp,45
20553.bmp,46
20554.bmp,47
20555.bmp,48
20556.bmp,49
20557.bmp,50
20558.bmp,51
20559.bmp,52
20560.bmp,53
20561.bmp,54
20562.bmp,55
20563.bmp,56
20564.bmp,57
20565.bmp,58
20566.bmp,59
20567.bmp,60
20568.bmp,61
20569.bmp,62
20570.bmp,63
20571.bmp,64
20572.bmp,65
20573.bmp,66
20574.bmp,67
20575.bmp,68
20576.bmp,69
20577.bmp,70
20578.bmp,71
20579.bmp,72
20580.bmp,73
20581.bmp,74
20582.bmp,75
20583.bmp,76
20584.bmp,77
20585.bmp,78
20586.bmp,79
20587.bmp,80
20588.bmp,81
20589.bmp,82
20590.bmp,83
20591.bmp,84
20592.bmp,85
20593.bmp,86
20594.bmp,87
20595.bmp,88
20596.bmp,89
20597.bmp,90
20598.bmp,91
20599.bmp,92
20600.bmp,93
20601.bmp,94
20602.bmp,95
20603.bmp,96
20604.bmp,97
20605.bmp,98
20606.bmp,99
20607.bmp,100
20608.bmp,101
20609.bmp,102
20610.bmp,103
20611.bmp,104
20612.bmp,105
20613.bmp,106
20614.bmp,107
20615.bmp,108
20616.bmp,109
20617.bmp,110
20618.bmp,111
20619.bmp,112
20620.bmp,113
20621.bmp,114
20622.bmp,115
20623.bmp,116
20624.bmp,117
20625.bmp,118
20626.bmp,119
20627.bmp,120
20628.bmp,121
20629.bmp,122
20630.bmp,123
20631.bmp,124
20632.bmp,125
20633.bmp,126
20634.bmp,127
20635.bmp,128
20636.bmp,129
20637.bmp,130
20638.bmp,131
20639.bmp,132
20640.bmp,133
20641.bmp,134
20642.bmp,135
20643.bmp,136
20644.bmp,137
20645.bmp,138
20646.bmp,139
20647.bmp,140
20648.bmp,141
20649.bmp,142
20650.bmp,143
20651.bmp,144
20652.bmp,145
20653.bmp,146
20654.bmp,147
20655.bmp,148
20656.bmp,149
20657.bmp,150
20658.bmp,151
20659.bmp,152
20660.bmp,153
20661.bmp,154
20662.bmp,155
20663.bmp,0
20664.bmp,1
20665.bmp,2
20666.bmp,3
20667.bmp,4
20668.bmp,5
20669.bmp,6
20670.bmp,7
20671.bmp,8
20672.bmp,9
20673.bmp,10
20674.bmp,11
20675.bmp,12
20676.bmp,13
20677.bmp,14
20678.bmp,15
20679.bmp,16
20680.bmp,17
20681.bmp,18
20682.bmp,19
20683.bmp,20
20684.bmp,21
20685.bmp,22
20686.bmp,23
20687.bmp,24
20688.bmp,25
20689.bmp,26
20690.bmp,27
20691.bmp,28
20692.bmp,29
20693.bmp,30
20694.bmp,31
20695.bmp,32
20696.bmp,33
20697.bmp,34
20698.bmp,35
20699.bmp,36
20700.bmp,37
20701.bmp,38
20702.bmp,39
20703.bmp,40
20704.bmp,41
20705.bmp,42
20706.bmp,43
20707.bmp,44
20708.bmp,45
20709.bmp,46
20710.bmp,47
20711.bmp,48
20712.bmp,49
20713.bmp,50
20714.bmp,51
20715.bmp,52
20716.bmp,53
20717.bmp,54
20718.bmp,55
20719.bmp,56
20720.bmp,57
20721.bmp,58
20722.bmp,59
20723.bmp,60
20724.bmp,61
20725.bmp,62
20726.bmp,63
20727.bmp,64
20728.bmp,65
20729.bmp,66
20730.bmp,67
20731.bmp,68
20732.bmp,69
20733.bmp,70
20734.bmp,71
20735.bmp,72
20736.bmp,73
20737.bmp,74
20738.bmp,75
20739.bmp,76
20740.bmp,77
20741.bmp,78
20742.bmp,79
20743.bmp,80
20744.bmp,81
20745.bmp,82
20746.bmp,83
20747.bmp,84
20748.bmp,85
20749.bmp,86
20750.bmp,87
20751.bmp,88
20752.bmp,89
20753.bmp,90
20754.bmp,91
20755.bmp,92
20756.bmp,93
20757.bmp,94
20758.bmp,95
20759.bmp,96
20760.bmp,97
20761.bmp,98
20762.bmp,99
20763.bmp,100
20764.bmp,101
20765.bmp,102
20766.bmp,103
20767.bmp,104
20768.bmp,105
20769.bmp,106
20770.bmp,107
20771.bmp,108
20772.bmp,109
20773.bmp,110
20774.bmp,111
20775.bmp,112
20776.bmp,113
20777.bmp,114
20778.bmp,115
20779.bmp,116
20780.bmp,117
20781.bmp,118
20782.bmp,119
20783.bmp,120
20784.bmp,121
20785.bmp,122
20786.bmp,123
20787.bmp,124
20788.bmp,125
20789.bmp,126
20790.bmp,127
20791.bmp,128
20792.bmp,129
20793.bmp,130
20794.bmp,131
20795.bmp,132
20796.bmp,133
20797.bmp,134
20798.bmp,135
20799.bmp,136
20800.bmp,137
20801.bmp,138
20802.bmp,139
20803.bmp,140
20804.bmp,141
20805.bmp,142
20806.bmp,143
20807.bmp,144
20808.bmp,145
20809.bmp,146
20810.bmp,147
20811.bmp,148
20812.bmp,149
20813.bmp,150
20814.bmp,151
20815.bmp,152
20816.bmp,153
20817.bmp,154
20818.bmp,155
20819.bmp,0
20820.bmp,1
20821.bmp,2
20822.bmp,3
20823.bmp,4
20824.bmp,5
20825.bmp,6
20826.bmp,7
20827.bmp,8
20828.bmp,9
20829.bmp,10
20830.bmp,11
20831.bmp,12
20832.bmp,13
20833.bmp,14
20834.bmp,15
20835.bmp,16
20836.bmp,17
20837.bmp,18
20838.bmp,19
20839.bmp,20
20840.bmp,21
20841.bmp,22
20842.bmp,23
20843.bmp,24
20844.bmp,25
20845.bmp,26
20846.bmp,27
20847.bmp,28
20848.bmp,29
20849.bmp,30
20850.bmp,31
20851.bmp,32
20852.bmp,33
20853.bmp,34
20854.bmp,35
20855.bmp,36
20856.bmp,37
20857.bmp,38
20858.bmp,39
20859.bmp,40
20860.bmp,41
20861.bmp,42
20862.bmp,43
20863.bmp,44
20864.bmp,45
20865.bmp,46
20866.bmp,47
20867.bmp,48
20868.bmp,49
20869.bmp,50
20870.bmp,51
20871.bmp,52
20872.bmp,53
20873.bmp,54
20874.bmp,55
20875.bmp,56
20876.bmp,57
20877.bmp,58
20878.bmp,59
20879.bmp,60
20880.bmp,61
20881.bmp,62
20882.bmp,63
20883.bmp,64
20884.bmp,65
20885.bmp,66
20886.bmp,67
20887.bmp,68
20888.bmp,69
20889.bmp,70
20890.bmp,71
20891.bmp,72
20892.bmp,73
20893.bmp,74
20894.bmp,75
20895.bmp,76
20896.bmp,77
20897.bmp,78
20898.bmp,79
20899.bmp,80
20900.bmp,81
20901.bmp,82
20902.bmp,83
20903.bmp,84
20904.bmp,85
20905.bmp,86
20906.bmp,87
20907.bmp,88
20908.bmp,89
20909.bmp,90
20910.bmp,91
20911.bmp,92
20912.bmp,93
20913.bmp,94
20914.bmp,95
20915.bmp,96
20916.bmp,97
20917.bmp,98
20918.bmp,99
20919.bmp,100
20920.bmp,101
20921.bmp,102
20922.bmp,103
20923.bmp,104
20924.bmp,105
20925.bmp,106
20926.bmp,107
20927.bmp,108
20928.bmp,109
20929.bmp,110
20930.bmp,111
20931.bmp,112
20932.bmp,113
20933.bmp,114
20934.bmp,115
20935.bmp,116
20936.bmp,117
20937.bmp,118
20938.bmp,119
20939.bmp,120
20940.bmp,121
20941.bmp,122
20942.bmp,123
20943.bmp,124
20944.bmp,125
20945.bmp,126
20946.bmp,127
20947.bmp,128
20948.bmp,129
20949.bmp,130
20950.bmp,131
20951.bmp,132
20952.bmp,133
20953.bmp,134
20954.bmp,135
20955.bmp,136
20956.bmp,137
20957.bmp,138
20958.bmp,139
20959.bmp,140
20960.bmp,141
20961.bmp,142
20962.bmp,143
20963.bmp,144
20964.bmp,145
20965.bmp,146
20966.bmp,147
20967.bmp,148
20968.bmp,149
20969.bmp,150
20970.bmp,151
20971.bmp,152
20972.bmp,153
20973.bmp,154
20974.bmp,155
20975.bmp,0
20976.bmp,1
20977.bmp,2
20978.bmp,3
20979.bmp,4
20980.bmp,5
20981.bmp,6
20982.bmp,7
20983.bmp,8
20984.bmp,9
20985.bmp,10
20986.bmp,11
20987.bmp,12
20988.bmp,13
20989.bmp,14
20990.bmp,15
20991.bmp,16
20992.bmp,17
20993.bmp,18
20994.bmp,19
20995.bmp,20
20996.bmp,21
20997.bmp,22
20998.bmp,23
20999.bmp,24
21000.bmp,25
21001.bmp,26
21002.bmp,27
21003.bmp,28
21004.bmp,29
21005.bmp,30
21006.bmp,31
21007.bmp,32
21008.bmp,33
21009.bmp,34
21010.bmp,35
21011.bmp,36
21012.bmp,37
21013.bmp,38
21014.bmp,39
21015.bmp,40
21016.bmp,41
21017.bmp,42
21018.bmp,43
21019.bmp,44
21020.bmp,45
21021.bmp,46
21022.bmp,47
21023.bmp,48
21024.bmp,49
21025.bmp,50
21026.bmp,51
21027.bmp,52
21028.bmp,53
21029.bmp,54
21030.bmp,55
21031.bmp,56
21032.bmp,57
21033.bmp,58
21034.bmp,59
21035.bmp,60
21036.bmp,61
21037.bmp,62
21038.bmp,63
21039.bmp,64
21040.bmp,65
21041.bmp,66
21042.bmp,67
21043.bmp,68
21044.bmp,69
21045.bmp,70
21046.bmp,71
21047.bmp,72
21048.bmp,73
21049.bmp,74
21050.bmp,75
21051.bmp,76
21052.bmp,77
21053.bmp,78
21054.bmp,79
21055.bmp,80
21056.bmp,81
21057.bmp,82
21058.bmp,83
21059.bmp,84
21060.bmp,85
21061.bmp,86
21062.bmp,87
21063.bmp,88
21064.bmp,89
21065.bmp,90
21066.bmp,91
21067.bmp,92
21068.bmp,93
21069.bmp,94
21070.bmp,95
21071.bmp,96
21072.bmp,97
21073.bmp,98
21074.bmp,99
21075.bmp,100
21076.bmp,101
21077.bmp,102
21078.bmp,103
21079.bmp,104
21080.bmp,105
21081.bmp,106
21082.bmp,107
21083.bmp,108
21084.bmp,109
21085.bmp,110
21086.bmp,111
21087.bmp,112
21088.bmp,113
21089.bmp,114
21090.bmp,115
21091.bmp,116
21092.bmp,117
21093.bmp,118
21094.bmp,119
21095.bmp,120
21096.bmp,121
21097.bmp,122
21098.bmp,123
21099.bmp,124
21100.bmp,125
21101.bmp,126
21102.bmp,127
21103.bmp,128
21104.bmp,129
21105.bmp,130
21106.bmp,131
21107.bmp,132
21108.bmp,133
21109.bmp,134
21110.bmp,135
21111.bmp,136
21112.bmp,137
21113.bmp,138
21114.bmp,139
21115.bmp,140
21116.bmp,141
21117.bmp,142
21118.bmp,143
21119.bmp,144
21120.bmp,145
21121.bmp,146
21122.bmp,147
21123.bmp,148
21124.bmp,149
21125.bmp,150
21126.bmp,151
21127.bmp,152
21128.bmp,153
21129.bmp,154
21130.bmp,155
21131.bmp,0
21132.bmp,1
21133.bmp,2
21134.bmp,3
21135.bmp,4
21136.bmp,5
21137.bmp,6
21138.bmp,7
21139.bmp,8
21140.bmp,9
21141.bmp,10
21142.bmp,11
21143.bmp,12
21144.bmp,13
21145.bmp,14
21146.bmp,15
21147.bmp,16
21148.bmp,17
21149.bmp,18
21150.bmp,19
21151.bmp,20
21152.bmp,21
21153.bmp,22
21154.bmp,23
21155.bmp,24
21156.bmp,25
21157.bmp,26
21158.bmp,27
21159.bmp,28
21160.bmp,29
21161.bmp,30
21162.bmp,31
21163.bmp,32
21164.bmp,33
21165.bmp,34
21166.bmp,35
21167.bmp,36
21168.bmp,37
21169.bmp,38
21170.bmp,39
21171.bmp,40
21172.bmp,41
21173.bmp,42
21174.bmp,43
21175.bmp,44
21176.bmp,45
21177.bmp,46
21178.bmp,47
21179.bmp,48
21180.bmp,49
21181.bmp,50
21182.bmp,51
21183.bmp,52
21184.bmp,53
21185.bmp,54
21186.bmp,55
21187.bmp,56
21188.bmp,57
21189.bmp,58
21190.bmp,59
21191.bmp,60
21192.bmp,61
21193.bmp,62
21194.bmp,63
21195.bmp,64
21196.bmp,65
21197.bmp,66
21198.bmp,67
21199.bmp,68
21200.bmp,69
21201.bmp,70
21202.bmp,71
21203.bmp,72
21204.bmp,73
21205.bmp,74
21206.bmp,75
21207.bmp,76
21208.bmp,77
21209.bmp,78
21210.bmp,79
21211.bmp,80
21212.bmp,81
21213.bmp,82
21214.bmp,83
21215.bmp,84
21216.bmp,85
21217.bmp,86
21218.bmp,87
21219.bmp,88
21220.bmp,89
21221.bmp,90
21222.bmp,91
21223.bmp,92
21224.bmp,93
21225.bmp,94
21226.bmp,95
21227.bmp,96
21228.bmp,97
21229.bmp,98
21230.bmp,99
21231.bmp,100
21232.bmp,101
21233.bmp,102
21234.bmp,103
21235.bmp,104
21236.bmp,105
21237.bmp,106
21238.bmp,107
21239.bmp,108
21240.bmp,109
21241.bmp,110
21242.bmp,111
21243.bmp,112
21244.bmp,113
21245.bmp,114
21246.bmp,115
21247.bmp,116
21248.bmp,117
21249.bmp,118
21250.bmp,119
21251.bmp,120
21252.bmp,121
21253.bmp,122
21254.bmp,123
21255.bmp,124
21256.bmp,125
21257.bmp,126
21258.bmp,127
21259.bmp,128
21260.bmp,129
21261.bmp,130
21262.bmp,131
21263.bmp,132
21264.bmp,133
21265.bmp,134
21266.bmp,135
21267.bmp,136
21268.bmp,137
21269.bmp,138
21270.bmp,139
21271.bmp,140
21272.bmp,141
21273.bmp,142
21274.bmp,143
21275.bmp,144
21276.bmp,145
21277.bmp,146
21278.bmp,147
21279.bmp,148
21280.bmp,149
21281.bmp,150
21282.bmp,151
21283.bmp,152
21284.bmp,153
21285.bmp,154
21286.bmp,155
21287.bmp,0
21288.bmp,1
21289.bmp,2
21290.bmp,3
21291.bmp,4
21292.bmp,5
21293.bmp,6
21294.bmp,7
21295.bmp,8
21296.bmp,9
21297.bmp,10
21298.bmp,11
21299.bmp,12
21300.bmp,13
21301.bmp,14
21302.bmp,15
21303.bmp,16
21304.bmp,17
21305.bmp,18
21306.bmp,19
21307.bmp,20
21308.bmp,21
21309.bmp,22
21310.bmp,23
21311.bmp,24
21312.bmp,25
21313.bmp,26
21314.bmp,27
21315.bmp,28
21316.bmp,29
21317.bmp,30
21318.bmp,31
21319.bmp,32
21320.bmp,33
21321.bmp,34
21322.bmp,35
21323.bmp,36
21324.bmp,37
21325.bmp,38
21326.bmp,39
21327.bmp,40
21328.bmp,41
21329.bmp,42
21330.bmp,43
21331.bmp,44
21332.bmp,45
21333.bmp,46
21334.bmp,47
21335.bmp,48
21336.bmp,49
21337.bmp,50
21338.bmp,51
21339.bmp,52
21340.bmp,53
21341.bmp,54
21342.bmp,55
21343.bmp,56
21344.bmp,57
21345.bmp,58
21346.bmp,59
21347.bmp,60
21348.bmp,61
21349.bmp,62
21350.bmp,63
21351.bmp,64
21352.bmp,65
21353.bmp,66
21354.bmp,67
21355.bmp,68
21356.bmp,69
21357.bmp,70
21358.bmp,71
21359.bmp,72
21360.bmp,73
21361.bmp,74
21362.bmp,75
21363.bmp,76
21364.bmp,77
21365.bmp,78
21366.bmp,79
21367.bmp,80
21368.bmp,81
21369.bmp,82
21370.bmp,83
21371.bmp,84
21372.bmp,85
21373.bmp,86
21374.bmp,87
21375.bmp,88
21376.bmp,89
21377.bmp,90
21378.bmp,91
21379.bmp,92
21380.bmp,93
21381.bmp,94
21382.bmp,95
21383.bmp,96
21384.bmp,97
21385.bmp,98
21386.bmp,99
21387.bmp,100
21388.bmp,101
21389.bmp,102
21390.bmp,103
21391.bmp,104
21392.bmp,105
21393.bmp,106
21394.bmp,107
21395.bmp,108
21396.bmp,109
21397.bmp,110
21398.bmp,111
21399.bmp,112
21400.bmp,113
21401.bmp,114
21402.bmp,115
21403.bmp,116
21404.bmp,117
21405.bmp,118
21406.bmp,119
21407.bmp,120
21408.bmp,121
21409.bmp,122
21410.bmp,123
21411.bmp,124
21412.bmp,125
21413.bmp,126
21414.bmp,127
21415.bmp,128
21416.bmp,129
21417.bmp,130
21418.bmp,131
21419.bmp,132
21420.bmp,133
21421.bmp,134
21422.bmp,135
21423.bmp,136
21424.bmp,137
21425.bmp,138
21426.bmp,139
21427.bmp,140
21428.bmp,141
21429.bmp,142
21430.bmp,143
21431.bmp,144
21432.bmp,145
21433.bmp,146
21434.bmp,147
21435.bmp,148
21436.bmp,149
21437.bmp,150
21438.bmp,151
21439.bmp,152
21440.bmp,153
21441.bmp,154
21442.bmp,155
21443.bmp,0
21444.bmp,1
21445.bmp,2
21446.bmp,3
21447.bmp,4
21448.bmp,5
21449.bmp,6
21450.bmp,7
21451.bmp,8
21452.bmp,9
21453.bmp,10
21454.bmp,11
21455.bmp,12
21456.bmp,13
21457.bmp,14
21458.bmp,15
21459.bmp,16
21460.bmp,17
21461.bmp,18
21462.bmp,19
21463.bmp,20
21464.bmp,21
21465.bmp,22
21466.bmp,23
21467.bmp,24
21468.bmp,25
21469.bmp,26
21470.bmp,27
21471.bmp,28
21472.bmp,29
21473.bmp,30
21474.bmp,31
21475.bmp,32
21476.bmp,33
21477.bmp,34
21478.bmp,35
21479.bmp,36
21480.bmp,37
21481.bmp,38
21482.bmp,39
21483.bmp,40
21484.bmp,41
21485.bmp,42
21486.bmp,43
21487.bmp,44
21488.bmp,45
21489.bmp,46
21490.bmp,47
21491.bmp,48
21492.bmp,49
21493.bmp,50
21494.bmp,51
21495.bmp,52
21496.bmp,53
21497.bmp,54
21498.bmp,55
21499.bmp,56
21500.bmp,57
21501.bmp,58
21502.bmp,59
21503.bmp,60
21504.bmp,61
21505.bmp,62
21506.bmp,63
21507.bmp,64
21508.bmp,65
21509.bmp,66
21510.bmp,67
21511.bmp,68
21512.bmp,69
21513.bmp,70
21514.bmp,71
21515.bmp,72
21516.bmp,73
21517.bmp,74
21518.bmp,75
21519.bmp,76
21520.bmp,77
21521.bmp,78
21522.bmp,79
21523.bmp,80
21524.bmp,81
21525.bmp,82
21526.bmp,83
21527.bmp,84
21528.bmp,85
21529.bmp,86
21530.bmp,87
21531.bmp,88
21532.bmp,89
21533.bmp,90
21534.bmp,91
21535.bmp,92
21536.bmp,93
21537.bmp,94
21538.bmp,95
21539.bmp,96
21540.bmp,97
21541.bmp,98
21542.bmp,99
21543.bmp,100
21544.bmp,101
21545.bmp,102
21546.bmp,103
21547.bmp,104
21548.bmp,105
21549.bmp,106
21550.bmp,107
21551.bmp,108
21552.bmp,109
21553.bmp,110
21554.bmp,111
21555.bmp,112
21556.bmp,113
21557.bmp,114
21558.bmp,115
21559.bmp,116
21560.bmp,117
21561.bmp,118
21562.bmp,119
21563.bmp,120
21564.bmp,121
21565.bmp,122
21566.bmp,123
21567.bmp,124
21568.bmp,125
21569.bmp,126
21570.bmp,127
21571.bmp,128
21572.bmp,129
21573.bmp,130
21574.bmp,131
21575.bmp,132
21576.bmp,133
21577.bmp,134
21578.bmp,135
21579.bmp,136
21580.bmp,137
21581.bmp,138
21582.bmp,139
21583.bmp,140
21584.bmp,141
21585.bmp,142
21586.bmp,143
21587.bmp,144
21588.bmp,145
21589.bmp,146
21590.bmp,147
21591.bmp,148
21592.bmp,149
21593.bmp,150
21594.bmp,151
21595.bmp,152
21596.bmp,153
21597.bmp,154
21598.bmp,155
21599.bmp,0
21600.bmp,1
21601.bmp,2
21602.bmp,3
21603.bmp,4
21604.bmp,5
21605.bmp,6
21606.bmp,7
21607.bmp,8
21608.bmp,9
21609.bmp,10
21610.bmp,11
21611.bmp,12
21612.bmp,13
21613.bmp,14
21614.bmp,15
21615.bmp,16
21616.bmp,17
21617.bmp,18
21618.bmp,19
21619.bmp,20
21620.bmp,21
21621.bmp,22
21622.bmp,23
21623.bmp,24
21624.bmp,25
21625.bmp,26
21626.bmp,27
21627.bmp,28
21628.bmp,29
21629.bmp,30
21630.bmp,31
21631.bmp,32
21632.bmp,33
21633.bmp,34
21634.bmp,35
21635.bmp,36
21636.bmp,37
21637.bmp,38
21638.bmp,39
21639.bmp,40
21640.bmp,41
21641.bmp,42
21642.bmp,43
21643.bmp,44
21644.bmp,45
21645.bmp,46
21646.bmp,47
21647.bmp,48
21648.bmp,49
21649.bmp,50
21650.bmp,51
21651.bmp,52
21652.bmp,53
21653.bmp,54
21654.bmp,55
21655.bmp,56
21656.bmp,57
21657.bmp,58
21658.bmp,59
21659.bmp,60
21660.bmp,61
21661.bmp,62
21662.bmp,63
21663.bmp,64
21664.bmp,65
21665.bmp,66
21666.bmp,67
21667.bmp,68
21668.bmp,69
21669.bmp,70
21670.bmp,71
21671.bmp,72
21672.bmp,73
21673.bmp,74
21674.bmp,75
21675.bmp,76
21676.bmp,77
21677.bmp,78
21678.bmp,79
21679.bmp,80
21680.bmp,81
21681.bmp,82
21682.bmp,83
21683.bmp,84
21684.bmp,85
21685.bmp,86
21686.bmp,87
21687.bmp,88
21688.bmp,89
21689.bmp,90
21690.bmp,91
21691.bmp,92
21692.bmp,93
21693.bmp,94
21694.bmp,95
21695.bmp,96
21696.bmp,97
21697.bmp,98
21698.bmp,99
21699.bmp,100
21700.bmp,101
21701.bmp,102
21702.bmp,103
21703.bmp,104
21704.bmp,105
21705.bmp,106
21706.bmp,107
21707.bmp,108
21708.bmp,109
21709.bmp,110
21710.bmp,111
21711.bmp,112
21712.bmp,113
21713.bmp,114
21714.bmp,115
21715.bmp,116
21716.bmp,117
21717.bmp,118
21718.bmp,119
21719.bmp,120
21720.bmp,121
21721.bmp,122
21722.bmp,123
21723.bmp,124
21724.bmp,125
21725.bmp,126
21726.bmp,127
21727.bmp,128
21728.bmp,129
21729.bmp,130
21730.bmp,131
21731.bmp,132
21732.bmp,133
21733.bmp,134
21734.bmp,135
21735.bmp,136
21736.bmp,137
21737.bmp,138
21738.bmp,139
21739.bmp,140
21740.bmp,141
21741.bmp,142
21742.bmp,143
21743.bmp,144
21744.bmp,145
21745.bmp,146
21746.bmp,147
21747.bmp,148
21748.bmp,149
21749.bmp,150
21750.bmp,151
21751.bmp,152
21752.bmp,153
21753.bmp,154
21754.bmp,155
21755.bmp,0
21756.bmp,1
21757.bmp,2
21758.bmp,3
21759.bmp,4
21760.bmp,5
21761.bmp,6
21762.bmp,7
21763.bmp,8
21764.bmp,9
21765.bmp,10
21766.bmp,11
21767.bmp,12
21768.bmp,13
21769.bmp,14
21770.bmp,15
21771.bmp,16
21772.bmp,17
21773.bmp,18
21774.bmp,19
21775.bmp,20
21776.bmp,21
21777.bmp,22
21778.bmp,23
21779.bmp,24
21780.bmp,25
21781.bmp,26
21782.bmp,27
21783.bmp,28
21784.bmp,29
21785.bmp,30
21786.bmp,31
21787.bmp,32
21788.bmp,33
21789.bmp,34
21790.bmp,35
21791.bmp,36
21792.bmp,37
21793.bmp,38
21794.bmp,39
21795.bmp,40
21796.bmp,41
21797.bmp,42
21798.bmp,43
21799.bmp,44
21800.bmp,45
21801.bmp,46
21802.bmp,47
21803.bmp,48
21804.bmp,49
21805.bmp,50
21806.bmp,51
21807.bmp,52
21808.bmp,53
21809.bmp,54
21810.bmp,55
21811.bmp,56
21812.bmp,57
21813.bmp,58
21814.bmp,59
21815.bmp,60
21816.bmp,61
21817.bmp,62
21818.bmp,63
21819.bmp,64
21820.bmp,65
21821.bmp,66
21822.bmp,67
21823.bmp,68
21824.bmp,69
21825.bmp,70
21826.bmp,71
21827.bmp,72
21828.bmp,73
21829.bmp,74
21830.bmp,75
21831.bmp,76
21832.bmp,77
21833.bmp,78
21834.bmp,79
21835.bmp,80
21836.bmp,81
21837.bmp,82
21838.bmp,83
21839.bmp,84
21840.bmp,85
21841.bmp,86
21842.bmp,87
21843.bmp,88
21844.bmp,89
21845.bmp,90
21846.bmp,91
21847.bmp,92
21848.bmp,93
21849.bmp,94
21850.bmp,95
21851.bmp,96
21852.bmp,97
21853.bmp,98
21854.bmp,99
21855.bmp,100
21856.bmp,101
21857.bmp,102
21858.bmp,103
21859.bmp,104
21860.bmp,105
21861.bmp,106
21862.bmp,107
21863.bmp,108
21864.bmp,109
21865.bmp,110
21866.bmp,111
21867.bmp,112
21868.bmp,113
21869.bmp,114
21870.bmp,115
21871.bmp,116
21872.bmp,117
21873.bmp,118
21874.bmp,119
21875.bmp,120
21876.bmp,121
21877.bmp,122
21878.bmp,123
21879.bmp,124
21880.bmp,125
21881.bmp,126
21882.bmp,127
21883.bmp,128
21884.bmp,129
21885.bmp,130
21886.bmp,131
21887.bmp,132
21888.bmp,133
21889.bmp,134
21890.bmp,135
21891.bmp,136
21892.bmp,137
21893.bmp,138
21894.bmp,139
21895.bmp,140
21896.bmp,141
21897.bmp,142
21898.bmp,143
21899.bmp,144
21900.bmp,145
21901.bmp,146
21902.bmp,147
21903.bmp,148
21904.bmp,149
21905.bmp,150
21906.bmp,151
21907.bmp,152
21908.bmp,153
21909.bmp,154
21910.bmp,155
21911.bmp,0
21912.bmp,1
21913.bmp,2
21914.bmp,3
21915.bmp,4
21916.bmp,5
21917.bmp,6
21918.bmp,7
21919.bmp,8
21920.bmp,9
21921.bmp,10
21922.bmp,11
21923.bmp,12
21924.bmp,13
21925.bmp,14
21926.bmp,15
21927.bmp,16
21928.bmp,17
21929.bmp,18
21930.bmp,19
21931.bmp,20
21932.bmp,21
21933.bmp,22
21934.bmp,23
21935.bmp,24
21936.bmp,25
21937.bmp,26
21938.bmp,27
21939.bmp,28
21940.bmp,29
21941.bmp,30
21942.bmp,31
21943.bmp,32
21944.bmp,33
21945.bmp,34
21946.bmp,35
21947.bmp,36
21948.bmp,37
21949.bmp,38
21950.bmp,39
21951.bmp,40
21952.bmp,41
21953.bmp,42
21954.bmp,43
21955.bmp,44
21956.bmp,45
21957.bmp,46
21958.bmp,47
21959.bmp,48
21960.bmp,49
21961.bmp,50
21962.bmp,51
21963.bmp,52
21964.bmp,53
21965.bmp,54
21966.bmp,55
21967.bmp,56
21968.bmp,57
21969.bmp,58
21970.bmp,59
21971.bmp,60
21972.bmp,61
21973.bmp,62
21974.bmp,63
21975.bmp,64
21976.bmp,65
21977.bmp,66
21978.bmp,67
21979.bmp,68
21980.bmp,69
21981.bmp,70
21982.bmp,71
21983.bmp,72
21984.bmp,73
21985.bmp,74
21986.bmp,75
21987.bmp,76
21988.bmp,77
21989.bmp,78
21990.bmp,79
21991.bmp,80
21992.bmp,81
21993.bmp,82
21994.bmp,83
21995.bmp,84
21996.bmp,85
21997.bmp,86
21998.bmp,87
21999.bmp,88
22000.bmp,89
22001.bmp,90
22002.bmp,91
22003.bmp,92
22004.bmp,93
22005.bmp,94
22006.bmp,95
22007.bmp,96
22008.bmp,97
22009.bmp,98
22010.bmp,99
22011.bmp,100
22012.bmp,101
22013.bmp,102
22014.bmp,103
22015.bmp,104
22016.bmp,105
22017.bmp,106
22018.bmp,107
22019.bmp,108
22020.bmp,109
22021.bmp,110
22022.bmp,111
22023.bmp,112
22024.bmp,113
22025.bmp,114
22026.bmp,115
22027.bmp,116
22028.bmp,117
22029.bmp,118
22030.bmp,119
22031.bmp,120
22032.bmp,121
22033.bmp,122
22034.bmp,123
22035.bmp,124
22036.bmp,125
22037.bmp,126
22038.bmp,127
22039.bmp,128
22040.bmp,129
22041.bmp,130
22042.bmp,131
22043.bmp,132
22044.bmp,133
22045.bmp,134
22046.bmp,135
22047.bmp,136
22048.bmp,137
22049.bmp,138
22050.bmp,139
22051.bmp,140
22052.bmp,141
22053.bmp,142
22054.bmp,143
22055.bmp,144
22056.bmp,145
22057.bmp,146
22058.bmp,147
22059.bmp,148
22060.bmp,149
22061.bmp,150
22062.bmp,151
22063.bmp,152
22064.bmp,153
22065.bmp,154
22066.bmp,155
22067.bmp,0
22068.bmp,1
22069.bmp,2
22070.bmp,3
22071.bmp,4
22072.bmp,5
22073.bmp,6
22074.bmp,7
22075.bmp,8
22076.bmp,9
22077.bmp,10
22078.bmp,11
22079.bmp,12
22080.bmp,13
22081.bmp,14
22082.bmp,15
22083.bmp,16
22084.bmp,17
22085.bmp,18
22086.bmp,19
22087.bmp,20
22088.bmp,21
22089.bmp,22
22090.bmp,23
22091.bmp,24
22092.bmp,25
22093.bmp,26
22094.bmp,27
22095.bmp,28
22096.bmp,29
22097.bmp,30
22098.bmp,31
22099.bmp,32
22100.bmp,33
22101.bmp,34
22102.bmp,35
22103.bmp,36
22104.bmp,37
22105.bmp,38
22106.bmp,39
22107.bmp,40
22108.bmp,41
22109.bmp,42
22110.bmp,43
22111.bmp,44
22112.bmp,45
22113.bmp,46
22114.bmp,47
22115.bmp,48
22116.bmp,49
22117.bmp,50
22118.bmp,51
22119.bmp,52
22120.bmp,53
22121.bmp,54
22122.bmp,55
22123.bmp,56
22124.bmp,57
22125.bmp,58
22126.bmp,59
22127.bmp,60
22128.bmp,61
22129.bmp,62
22130.bmp,63
22131.bmp,64
22132.bmp,65
22133.bmp,66
22134.bmp,67
22135.bmp,68
22136.bmp,69
22137.bmp,70
22138.bmp,71
22139.bmp,72
22140.bmp,73
22141.bmp,74
22142.bmp,75
22143.bmp,76
22144.bmp,77
22145.bmp,78
22146.bmp,79
22147.bmp,80
22148.bmp,81
22149.bmp,82
22150.bmp,83
22151.bmp,84
22152.bmp,85
22153.bmp,86
22154.bmp,87
22155.bmp,88
22156.bmp,89
22157.bmp,90
22158.bmp,91
22159.bmp,92
22160.bmp,93
22161.bmp,94
22162.bmp,95
22163.bmp,96
22164.bmp,97
22165.bmp,98
22166.bmp,99
22167.bmp,100
22168.bmp,101
22169.bmp,102
22170.bmp,103
22171.bmp,104
22172.bmp,105
22173.bmp,106
22174.bmp,107
22175.bmp,108
22176.bmp,109
22177.bmp,110
22178.bmp,111
22179.bmp,112
22180.bmp,113
22181.bmp,114
22182.bmp,115
22183.bmp,116
22184.bmp,117
22185.bmp,118
22186.bmp,119
22187.bmp,120
22188.bmp,121
22189.bmp,122
22190.bmp,123
22191.bmp,124
22192.bmp,125
22193.bmp,126
22194.bmp,127
22195.bmp,128
22196.bmp,129
22197.bmp,130
22198.bmp,131
22199.bmp,132
22200.bmp,133
22201.bmp,134
22202.bmp,135
22203.bmp,136
22204.bmp,137
22205.bmp,138
22206.bmp,139
22207.bmp,140
22208.bmp,141
22209.bmp,142
22210.bmp,143
22211.bmp,144
22212.bmp,145
22213.bmp,146
22214.bmp,147
22215.bmp,148
22216.bmp,149
22217.bmp,150
22218.bmp,151
22219.bmp,152
22220.bmp,153
22221.bmp,154
22222.bmp,155
22223.bmp,0
22224.bmp,1
22225.bmp,2
22226.bmp,3
22227.bmp,4
22228.bmp,5
22229.bmp,6
22230.bmp,7
22231.bmp,8
22232.bmp,9
22233.bmp,10
22234.bmp,11
22235.bmp,12
22236.bmp,13
22237.bmp,14
22238.bmp,15
22239.bmp,16
22240.bmp,17
22241.bmp,18
22242.bmp,19
22243.bmp,20
22244.bmp,21
22245.bmp,22
22246.bmp,23
22247.bmp,24
22248.bmp,25
22249.bmp,26
22250.bmp,27
22251.bmp,28
22252.bmp,29
22253.bmp,30
22254.bmp,31
22255.bmp,32
22256.bmp,33
22257.bmp,34
22258.bmp,35
22259.bmp,36
22260.bmp,37
22261.bmp,38
22262.bmp,39
22263.bmp,40
22264.bmp,41
22265.bmp,42
22266.bmp,43
22267.bmp,44
22268.bmp,45
22269.bmp,46
22270.bmp,47
22271.bmp,48
22272.bmp,49
22273.bmp,50
22274.bmp,51
22275.bmp,52
22276.bmp,53
22277.bmp,54
22278.bmp,55
22279.bmp,56
22280.bmp,57
22281.bmp,58
22282.bmp,59
22283.bmp,60
22284.bmp,61
22285.bmp,62
22286.bmp,63
22287.bmp,64
22288.bmp,65
22289.bmp,66
22290.bmp,67
22291.bmp,68
22292.bmp,69
22293.bmp,70
22294.bmp,71
22295.bmp,72
22296.bmp,73
22297.bmp,74
22298.bmp,75
22299.bmp,76
22300.bmp,77
22301.bmp,78
22302.bmp,79
22303.bmp,80
22304.bmp,81
22305.bmp,82
22306.bmp,83
22307.bmp,84
22308.bmp,85
22309.bmp,86
22310.bmp,87
22311.bmp,88
22312.bmp,89
22313.bmp,90
22314.bmp,91
22315.bmp,92
22316.bmp,93
22317.bmp,94
22318.bmp,95
22319.bmp,96
22320.bmp,97
22321.bmp,98
22322.bmp,99
22323.bmp,100
22324.bmp,101
22325.bmp,102
22326.bmp,103
22327.bmp,104
22328.bmp,105
22329.bmp,106
22330.bmp,107
22331.bmp,108
22332.bmp,109
22333.bmp,110
22334.bmp,111
22335.bmp,112
22336.bmp,113
22337.bmp,114
22338.bmp,115
22339.bmp,116
22340.bmp,117
22341.bmp,118
22342.bmp,119
22343.bmp,120
22344.bmp,121
22345.bmp,122
22346.bmp,123
22347.bmp,124
22348.bmp,125
22349.bmp,126
22350.bmp,127
22351.bmp,128
22352.bmp,129
22353.bmp,130
22354.bmp,131
22355.bmp,132
22356.bmp,133
22357.bmp,134
22358.bmp,135
22359.bmp,136
22360.bmp,137
22361.bmp,138
22362.bmp,139
22363.bmp,140
22364.bmp,141
22365.bmp,142
22366.bmp,143
22367.bmp,144
22368.bmp,145
22369.bmp,146
22370.bmp,147
22371.bmp,148
22372.bmp,149
22373.bmp,150
22374.bmp,151
22375.bmp,152
22376.bmp,153
22377.bmp,154
22378.bmp,155
22379.bmp,0
22380.bmp,1
22381.bmp,2
22382.bmp,3
22383.bmp,4
22384.bmp,5
22385.bmp,6
22386.bmp,7
22387.bmp,8
22388.bmp,9
22389.bmp,10
22390.bmp,11
22391.bmp,12
22392.bmp,13
22393.bmp,14
22394.bmp,15
22395.bmp,16
22396.bmp,17
22397.bmp,18
22398.bmp,19
22399.bmp,20
22400.bmp,21
22401.bmp,22
22402.bmp,23
22403.bmp,24
22404.bmp,25
22405.bmp,26
22406.bmp,27
22407.bmp,28
22408.bmp,29
22409.bmp,30
22410.bmp,31
22411.bmp,32
22412.bmp,33
22413.bmp,34
22414.bmp,35
22415.bmp,36
22416.bmp,37
22417.bmp,38
22418.bmp,39
22419.bmp,40
22420.bmp,41
22421.bmp,42
22422.bmp,43
22423.bmp,44
22424.bmp,45
22425.bmp,46
22426.bmp,47
22427.bmp,48
22428.bmp,49
22429.bmp,50
22430.bmp,51
22431.bmp,52
22432.bmp,53
22433.bmp,54
22434.bmp,55
22435.bmp,56
22436.bmp,57
22437.bmp,58
22438.bmp,59
22439.bmp,60
22440.bmp,61
22441.bmp,62
22442.bmp,63
22443.bmp,64
22444.bmp,65
22445.bmp,66
22446.bmp,67
22447.bmp,68
22448.bmp,69
22449.bmp,70
22450.bmp,71
22451.bmp,72
22452.bmp,73
22453.bmp,74
22454.bmp,75
22455.bmp,76
22456.bmp,77
22457.bmp,78
22458.bmp,79
22459.bmp,80
22460.bmp,81
22461.bmp,82
22462.bmp,83
22463.bmp,84
22464.bmp,85
22465.bmp,86
22466.bmp,87
22467.bmp,88
22468.bmp,89
22469.bmp,90
22470.bmp,91
22471.bmp,92
22472.bmp,93
22473.bmp,94
22474.bmp,95
22475.bmp,96
22476.bmp,97
22477.bmp,98
22478.bmp,99
22479.bmp,100
22480.bmp,101
22481.bmp,102
22482.bmp,103
22483.bmp,104
22484.bmp,105
22485.bmp,106
22486.bmp,107
22487.bmp,108
22488.bmp,109
22489.bmp,110
22490.bmp,111
22491.bmp,112
22492.bmp,113
22493.bmp,114
22494.bmp,115
22495.bmp,116
22496.bmp,117
22497.bmp,118
22498.bmp,119
22499.bmp,120
22500.bmp,121
22501.bmp,122
22502.bmp,123
22503.bmp,124
22504.bmp,125
22505.bmp,126
22506.bmp,127
22507.bmp,128
22508.bmp,129
22509.bmp,130
22510.bmp,131
22511.bmp,132
22512.bmp,133
22513.bmp,134
22514.bmp,135
22515.bmp,136
22516.bmp,137
22517.bmp,138
22518.bmp,139
22519.bmp,140
22520.bmp,141
22521.bmp,142
22522.bmp,143
22523.bmp,144
22524.bmp,145
22525.bmp,146
22526.bmp,147
22527.bmp,148
22528.bmp,149
22529.bmp,150
22530.bmp,151
22531.bmp,152
22532.bmp,153
22533.bmp,154
22534.bmp,155
22535.bmp,0
22536.bmp,1
22537.bmp,2
22538.bmp,3
22539.bmp,4
22540.bmp,5
22541.bmp,6
22542.bmp,7
22543.bmp,8
22544.bmp,9
22545.bmp,10
22546.bmp,11
22547.bmp,12
22548.bmp,13
22549.bmp,14
22550.bmp,15
22551.bmp,16
22552.bmp,17
22553.bmp,18
22554.bmp,19
22555.bmp,20
22556.bmp,21
22557.bmp,22
22558.bmp,23
22559.bmp,24
22560.bmp,25
22561.bmp,26
22562.bmp,27
22563.bmp,28
22564.bmp,29
22565.bmp,30
22566.bmp,31
22567.bmp,32
22568.bmp,33
22569.bmp,34
22570.bmp,35
22571.bmp,36
22572.bmp,37
22573.bmp,38
22574.bmp,39
22575.bmp,40
22576.bmp,41
22577.bmp,42
22578.bmp,43
22579.bmp,44
22580.bmp,45
22581.bmp,46
22582.bmp,47
22583.bmp,48
22584.bmp,49
22585.bmp,50
22586.bmp,51
22587.bmp,52
22588.bmp,53
22589.bmp,54
22590.bmp,55
22591.bmp,56
22592.bmp,57
22593.bmp,58
22594.bmp,59
22595.bmp,60
22596.bmp,61
22597.bmp,62
22598.bmp,63
22599.bmp,64
22600.bmp,65
22601.bmp,66
22602.bmp,67
22603.bmp,68
22604.bmp,69
22605.bmp,70
22606.bmp,71
22607.bmp,72
22608.bmp,73
22609.bmp,74
22610.bmp,75
22611.bmp,76
22612.bmp,77
22613.bmp,78
22614.bmp,79
22615.bmp,80
22616.bmp,81
22617.bmp,82
22618.bmp,83
22619.bmp,84
22620.bmp,85
22621.bmp,86
22622.bmp,87
22623.bmp,88
22624.bmp,89
22625.bmp,90
22626.bmp,91
22627.bmp,92
22628.bmp,93
22629.bmp,94
22630.bmp,95
22631.bmp,96
22632.bmp,97
22633.bmp,98
22634.bmp,99
22635.bmp,100
22636.bmp,101
22637.bmp,102
22638.bmp,103
22639.bmp,104
22640.bmp,105
22641.bmp,106
22642.bmp,107
22643.bmp,108
22644.bmp,109
22645.bmp,110
22646.bmp,111
22647.bmp,112
22648.bmp,113
22649.bmp,114
22650.bmp,115
22651.bmp,116
22652.bmp,117
22653.bmp,118
22654.bmp,119
22655.bmp,120
22656.bmp,121
22657.bmp,122
22658.bmp,123
22659.bmp,124
22660.bmp,125
22661.bmp,126
22662.bmp,127
22663.bmp,128
22664.bmp,129
22665.bmp,130
22666.bmp,131
22667.bmp,132
22668.bmp,133
22669.bmp,134
22670.bmp,135
22671.bmp,136
22672.bmp,137
22673.bmp,138
22674.bmp,139
22675.bmp,140
22676.bmp,141
22677.bmp,142
22678.bmp,143
22679.bmp,144
22680.bmp,145
22681.bmp,146
22682.bmp,147
22683.bmp,148
22684.bmp,149
22685.bmp,150
22686.bmp,151
22687.bmp,152
22688.bmp,153
22689.bmp,154
22690.bmp,155
22691.bmp,0
22692.bmp,1
22693.bmp,2
22694.bmp,3
22695.bmp,4
22696.bmp,5
22697.bmp,6
22698.bmp,7
22699.bmp,8
22700.bmp,9
22701.bmp,10
22702.bmp,11
22703.bmp,12
22704.bmp,13
22705.bmp,14
22706.bmp,15
22707.bmp,16
22708.bmp,17
22709.bmp,18
22710.bmp,19
22711.bmp,20
22712.bmp,21
22713.bmp,22
22714.bmp,23
22715.bmp,24
22716.bmp,25
22717.bmp,26
22718.bmp,27
22719.bmp,28
22720.bmp,29
22721.bmp,30
22722.bmp,31
22723.bmp,32
22724.bmp,33
22725.bmp,34
22726.bmp,35
22727.bmp,36
22728.bmp,37
22729.bmp,38
22730.bmp,39
22731.bmp,40
22732.bmp,41
22733.bmp,42
22734.bmp,43
22735.bmp,44
22736.bmp,45
22737.bmp,46
22738.bmp,47
22739.bmp,48
22740.bmp,49
22741.bmp,50
22742.bmp,51
22743.bmp,52
22744.bmp,53
22745.bmp,54
22746.bmp,55
22747.bmp,56
22748.bmp,57
22749.bmp,58
22750.bmp,59
22751.bmp,60
22752.bmp,61
22753.bmp,62
22754.bmp,63
22755.bmp,64
22756.bmp,65
22757.bmp,66
22758.bmp,67
22759.bmp,68
22760.bmp,69
22761.bmp,70
22762.bmp,71
22763.bmp,72
22764.bmp,73
22765.bmp,74
22766.bmp,75
22767.bmp,76
22768.bmp,77
22769.bmp,78
22770.bmp,79
22771.bmp,80
22772.bmp,81
22773.bmp,82
22774.bmp,83
22775.bmp,84
22776.bmp,85
22777.bmp,86
22778.bmp,87
22779.bmp,88
22780.bmp,89
22781.bmp,90
22782.bmp,91
22783.bmp,92
22784.bmp,93
22785.bmp,94
22786.bmp,95
22787.bmp,96
22788.bmp,97
22789.bmp,98
22790.bmp,99
22791.bmp,100
22792.bmp,101
22793.bmp,102
22794.bmp,103
22795.bmp,104
22796.bmp,105
22797.bmp,106
22798.bmp,107
22799.bmp,108
22800.bmp,109
22801.bmp,110
22802.bmp,111
22803.bmp,112
22804.bmp,113
22805.bmp,114
22806.bmp,115
22807.bmp,116
22808.bmp,117
22809.bmp,118
22810.bmp,119
22811.bmp,120
22812.bmp,121
22813.bmp,122
22814.bmp,123
22815.bmp,124
22816.bmp,125
22817.bmp,126
22818.bmp,127
22819.bmp,128
22820.bmp,129
22821.bmp,130
22822.bmp,131
22823.bmp,132
22824.bmp,133
22825.bmp,134
22826.bmp,135
22827.bmp,136
22828.bmp,137
22829.bmp,138
22830.bmp,139
22831.bmp,140
22832.bmp,141
22833.bmp,142
22834.bmp,143
22835.bmp,144
22836.bmp,145
22837.bmp,146
22838.bmp,147
22839.bmp,148
22840.bmp,149
22841.bmp,150
22842.bmp,151
22843.bmp,152
22844.bmp,153
22845.bmp,154
22846.bmp,155
22847.bmp,0
22848.bmp,1
22849.bmp,2
22850.bmp,3
22851.bmp,4
22852.bmp,5
22853.bmp,6
22854.bmp,7
22855.bmp,8
22856.bmp,9
22857.bmp,10
22858.bmp,11
22859.bmp,12
22860.bmp,13
22861.bmp,14
22862.bmp,15
22863.bmp,16
22864.bmp,17
22865.bmp,18
22866.bmp,19
22867.bmp,20
22868.bmp,21
22869.bmp,22
22870.bmp,23
22871.bmp,24
22872.bmp,25
22873.bmp,26
22874.bmp,27
22875.bmp,28
22876.bmp,29
22877.bmp,30
22878.bmp,31
22879.bmp,32
22880.bmp,33
22881.bmp,34
22882.bmp,35
22883.bmp,36
22884.bmp,37
22885.bmp,38
22886.bmp,39
22887.bmp,40
22888.bmp,41
22889.bmp,42
22890.bmp,43
22891.bmp,44
22892.bmp,45
22893.bmp,46
22894.bmp,47
22895.bmp,48
22896.bmp,49
22897.bmp,50
22898.bmp,51
22899.bmp,52
22900.bmp,53
22901.bmp,54
22902.bmp,55
22903.bmp,56
22904.bmp,57
22905.bmp,58
22906.bmp,59
22907.bmp,60
22908.bmp,61
22909.bmp,62
22910.bmp,63
22911.bmp,64
22912.bmp,65
22913.bmp,66
22914.bmp,67
22915.bmp,68
22916.bmp,69
22917.bmp,70
22918.bmp,71
22919.bmp,72
22920.bmp,73
22921.bmp,74
22922.bmp,75
22923.bmp,76
22924.bmp,77
22925.bmp,78
22926.bmp,79
22927.bmp,80
22928.bmp,81
22929.bmp,82
22930.bmp,83
22931.bmp,84
22932.bmp,85
22933.bmp,86
22934.bmp,87
22935.bmp,88
22936.bmp,89
22937.bmp,90
22938.bmp,91
22939.bmp,92
22940.bmp,93
22941.bmp,94
22942.bmp,95
22943.bmp,96
22944.bmp,97
22945.bmp,98
22946.bmp,99
22947.bmp,100
22948.bmp,101
22949.bmp,102
22950.bmp,103
22951.bmp,104
22952.bmp,105
22953.bmp,106
22954.bmp,107
22955.bmp,108
22956.bmp,109
22957.bmp,110
22958.bmp,111
22959.bmp,112
22960.bmp,113
22961.bmp,114
22962.bmp,115
22963.bmp,116
22964.bmp,117
22965.bmp,118
22966.bmp,119
22967.bmp,120
22968.bmp,121
22969.bmp,122
22970.bmp,123
22971.bmp,124
22972.bmp,125
22973.bmp,126
22974.bmp,127
22975.bmp,128
22976.bmp,129
22977.bmp,130
22978.bmp,131
22979.bmp,132
22980.bmp,133
22981.bmp,134
22982.bmp,135
22983.bmp,136
22984.bmp,137
22985.bmp,138
22986.bmp,139
22987.bmp,140
22988.bmp,141
22989.bmp,142
22990.bmp,143
22991.bmp,144
22992.bmp,145
22993.bmp,146
22994.bmp,147
22995.bmp,148
22996.bmp,149
22997.bmp,150
22998.bmp,151
22999.bmp,152
23000.bmp,153
23001.bmp,154
23002.bmp,155
23003.bmp,0
23004.bmp,1
23005.bmp,2
23006.bmp,3
23007.bmp,4
23008.bmp,5
23009.bmp,6
23010.bmp,7
23011.bmp,8
23012.bmp,9
23013.bmp,10
23014.bmp,11
23015.bmp,12
23016.bmp,13
23017.bmp,14
23018.bmp,15
23019.bmp,16
23020.bmp,17
23021.bmp,18
23022.bmp,19
23023.bmp,20
23024.bmp,21
23025.bmp,22
23026.bmp,23
23027.bmp,24
23028.bmp,25
23029.bmp,26
23030.bmp,27
23031.bmp,28
23032.bmp,29
23033.bmp,30
23034.bmp,31
23035.bmp,32
23036.bmp,33
23037.bmp,34
23038.bmp,35
23039.bmp,36
23040.bmp,37
23041.bmp,38
23042.bmp,39
23043.bmp,40
23044.bmp,41
23045.bmp,42
23046.bmp,43
23047.bmp,44
23048.bmp,45
23049.bmp,46
23050.bmp,47
23051.bmp,48
23052.bmp,49
23053.bmp,50
23054.bmp,51
23055.bmp,52
23056.bmp,53
23057.bmp,54
23058.bmp,55
23059.bmp,56
23060.bmp,57
23061.bmp,58
23062.bmp,59
23063.bmp,60
23064.bmp,61
23065.bmp,62
23066.bmp,63
23067.bmp,64
23068.bmp,65
23069.bmp,66
23070.bmp,67
23071.bmp,68
23072.bmp,69
23073.bmp,70
23074.bmp,71
23075.bmp,72
23076.bmp,73
23077.bmp,74
23078.bmp,75
23079.bmp,76
23080.bmp,77
23081.bmp,78
23082.bmp,79
23083.bmp,80
23084.bmp,81
23085.bmp,82
23086.bmp,83
23087.bmp,84
23088.bmp,85
23089.bmp,86
23090.bmp,87
23091.bmp,88
23092.bmp,89
23093.bmp,90
23094.bmp,91
23095.bmp,92
23096.bmp,93
23097.bmp,94
23098.bmp,95
23099.bmp,96
23100.bmp,97
23101.bmp,98
23102.bmp,99
23103.bmp,100
23104.bmp,101
23105.bmp,102
23106.bmp,103
23107.bmp,104
23108.bmp,105
23109.bmp,106
23110.bmp,107
23111.bmp,108
23112.bmp,109
23113.bmp,110
23114.bmp,111
23115.bmp,112
23116.bmp,113
23117.bmp,114
23118.bmp,115
23119.bmp,116
23120.bmp,117
23121.bmp,118
23122.bmp,119
23123.bmp,120
23124.bmp,121
23125.bmp,122
23126.bmp,123
23127.bmp,124
23128.bmp,125
23129.bmp,126
23130.bmp,127
23131.bmp,128
23132.bmp,129
23133.bmp,130
23134.bmp,131
23135.bmp,132
23136.bmp,133
23137.bmp,134
23138.bmp,135
23139.bmp,136
23140.bmp,137
23141.bmp,138
23142.bmp,139
23143.bmp,140
23144.bmp,141
23145.bmp,142
23146.bmp,143
23147.bmp,144
23148.bmp,145
23149.bmp,146
23150.bmp,147
23151.bmp,148
23152.bmp,149
23153.bmp,150
23154.bmp,151
23155.bmp,152
23156.bmp,153
23157.bmp,154
23158.bmp,155
23159.bmp,0
23160.bmp,1
23161.bmp,2
23162.bmp,3
23163.bmp,4
23164.bmp,5
23165.bmp,6
23166.bmp,7
23167.bmp,8
23168.bmp,9
23169.bmp,10
23170.bmp,11
23171.bmp,12
23172.bmp,13
23173.bmp,14
23174.bmp,15
23175.bmp,16
23176.bmp,17
23177.bmp,18
23178.bmp,19
23179.bmp,20
23180.bmp,21
23181.bmp,22
23182.bmp,23
23183.bmp,24
23184.bmp,25
23185.bmp,26
23186.bmp,27
23187.bmp,28
23188.bmp,29
23189.bmp,30
23190.bmp,31
23191.bmp,32
23192.bmp,33
23193.bmp,34
23194.bmp,35
23195.bmp,36
23196.bmp,37
23197.bmp,38
23198.bmp,39
23199.bmp,40
23200.bmp,41
23201.bmp,42
23202.bmp,43
23203.bmp,44
23204.bmp,45
23205.bmp,46
23206.bmp,47
23207.bmp,48
23208.bmp,49
23209.bmp,50
23210.bmp,51
23211.bmp,52
23212.bmp,53
23213.bmp,54
23214.bmp,55
23215.bmp,56
23216.bmp,57
23217.bmp,58
23218.bmp,59
23219.bmp,60
23220.bmp,61
23221.bmp,62
23222.bmp,63
23223.bmp,64
23224.bmp,65
23225.bmp,66
23226.bmp,67
23227.bmp,68
23228.bmp,69
23229.bmp,70
23230.bmp,71
23231.bmp,72
23232.bmp,73
23233.bmp,74
23234.bmp,75
23235.bmp,76
23236.bmp,77
23237.bmp,78
23238.bmp,79
23239.bmp,80
23240.bmp,81
23241.bmp,82
23242.bmp,83
23243.bmp,84
23244.bmp,85
23245.bmp,86
23246.bmp,87
23247.bmp,88
23248.bmp,89
23249.bmp,90
23250.bmp,91
23251.bmp,92
23252.bmp,93
23253.bmp,94
23254.bmp,95
23255.bmp,96
23256.bmp,97
23257.bmp,98
23258.bmp,99
23259.bmp,100
23260.bmp,101
23261.bmp,102
23262.bmp,103
23263.bmp,104
23264.bmp,105
23265.bmp,106
23266.bmp,107
23267.bmp,108
23268.bmp,109
23269.bmp,110
23270.bmp,111
23271.bmp,112
23272.bmp,113
23273.bmp,114
23274.bmp,115
23275.bmp,116
23276.bmp,117
23277.bmp,118
23278.bmp,119
23279.bmp,120
23280.bmp,121
23281.bmp,122
23282.bmp,123
23283.bmp,124
23284.bmp,125
23285.bmp,126
23286.bmp,127
23287.bmp,128
23288.bmp,129
23289.bmp,130
23290.bmp,131
23291.bmp,132
23292.bmp,133
23293.bmp,134
23294.bmp,135
23295.bmp,136
23296.bmp,137
23297.bmp,138
23298.bmp,139
23299.bmp,140
23300.bmp,141
23301.bmp,142
23302.bmp,143
23303.bmp,144
23304.bmp,145
23305.bmp,146
23306.bmp,147
23307.bmp,148
23308.bmp,149
23309.bmp,150
23310.bmp,151
23311.bmp,152
23312.bmp,153
23313.bmp,154
23314.bmp,155
23315.bmp,0
23316.bmp,1
23317.bmp,2
23318.bmp,3
23319.bmp,4
23320.bmp,5
23321.bmp,6
23322.bmp,7
23323.bmp,8
23324.bmp,9
23325.bmp,10
23326.bmp,11
23327.bmp,12
23328.bmp,13
23329.bmp,14
23330.bmp,15
23331.bmp,16
23332.bmp,17
23333.bmp,18
23334.bmp,19
23335.bmp,20
23336.bmp,21
23337.bmp,22
23338.bmp,23
23339.bmp,24
23340.bmp,25
23341.bmp,26
23342.bmp,27
23343.bmp,28
23344.bmp,29
23345.bmp,30
23346.bmp,31
23347.bmp,32
23348.bmp,33
23349.bmp,34
23350.bmp,35
23351.bmp,36
23352.bmp,37
23353.bmp,38
23354.bmp,39
23355.bmp,40
23356.bmp,41
23357.bmp,42
23358.bmp,43
23359.bmp,44
23360.bmp,45
23361.bmp,46
23362.bmp,47
23363.bmp,48
23364.bmp,49
23365.bmp,50
23366.bmp,51
23367.bmp,52
23368.bmp,53
23369.bmp,54
23370.bmp,55
23371.bmp,56
23372.bmp,57
23373.bmp,58
23374.bmp,59
23375.bmp,60
23376.bmp,61
23377.bmp,62
23378.bmp,63
23379.bmp,64
23380.bmp,65
23381.bmp,66
23382.bmp,67
23383.bmp,68
23384.bmp,69
23385.bmp,70
23386.bmp,71
23387.bmp,72
23388.bmp,73
23389.bmp,74
23390.bmp,75
23391.bmp,76
23392.bmp,77
23393.bmp,78
23394.bmp,79
23395.bmp,80
23396.bmp,81
23397.bmp,82
23398.bmp,83
23399.bmp,84
23400.bmp,85
23401.bmp,86
23402.bmp,87
23403.bmp,88
23404.bmp,89
23405.bmp,90
23406.bmp,91
23407.bmp,92
23408.bmp,93
23409.bmp,94
23410.bmp,95
23411.bmp,96
23412.bmp,97
23413.bmp,98
23414.bmp,99
23415.bmp,100
23416.bmp,101
23417.bmp,102
23418.bmp,103
23419.bmp,104
23420.bmp,105
23421.bmp,106
23422.bmp,107
23423.bmp,108
23424.bmp,109
23425.bmp,110
23426.bmp,111
23427.bmp,112
23428.bmp,113
23429.bmp,114
23430.bmp,115
23431.bmp,116
23432.bmp,117
23433.bmp,118
23434.bmp,119
23435.bmp,120
23436.bmp,121
23437.bmp,122
23438.bmp,123
23439.bmp,124
23440.bmp,125
23441.bmp,126
23442.bmp,127
23443.bmp,128
23444.bmp,129
23445.bmp,130
23446.bmp,131
23447.bmp,132
23448.bmp,133
23449.bmp,134
23450.bmp,135
23451.bmp,136
23452.bmp,137
23453.bmp,138
23454.bmp,139
23455.bmp,140
23456.bmp,141
23457.bmp,142
23458.bmp,143
23459.bmp,144
23460.bmp,145
23461.bmp,146
23462.bmp,147
23463.bmp,148
23464.bmp,149
23465.bmp,150
23466.bmp,151
23467.bmp,152
23468.bmp,153
23469.bmp,154
23470.bmp,155
23471.bmp,0
23472.bmp,1
23473.bmp,2
23474.bmp,3
23475.bmp,4
23476.bmp,5
23477.bmp,6
23478.bmp,7
23479.bmp,8
23480.bmp,9
23481.bmp,10
23482.bmp,11
23483.bmp,12
23484.bmp,13
23485.bmp,14
23486.bmp,15
23487.bmp,16
23488.bmp,17
23489.bmp,18
23490.bmp,19
23491.bmp,20
23492.bmp,21
23493.bmp,22
23494.bmp,23
23495.bmp,24
23496.bmp,25
23497.bmp,26
23498.bmp,27
23499.bmp,28
23500.bmp,29
23501.bmp,30
23502.bmp,31
23503.bmp,32
23504.bmp,33
23505.bmp,34
23506.bmp,35
23507.bmp,36
23508.bmp,37
23509.bmp,38
23510.bmp,39
23511.bmp,40
23512.bmp,41
23513.bmp,42
23514.bmp,43
23515.bmp,44
23516.bmp,45
23517.bmp,46
23518.bmp,47
23519.bmp,48
23520.bmp,49
23521.bmp,50
23522.bmp,51
23523.bmp,52
23524.bmp,53
23525.bmp,54
23526.bmp,55
23527.bmp,56
23528.bmp,57
23529.bmp,58
23530.bmp,59
23531.bmp,60
23532.bmp,61
23533.bmp,62
23534.bmp,63
23535.bmp,64
23536.bmp,65
23537.bmp,66
23538.bmp,67
23539.bmp,68
23540.bmp,69
23541.bmp,70
23542.bmp,71
23543.bmp,72
23544.bmp,73
23545.bmp,74
23546.bmp,75
23547.bmp,76
23548.bmp,77
23549.bmp,78
23550.bmp,79
23551.bmp,80
23552.bmp,81
23553.bmp,82
23554.bmp,83
23555.bmp,84
23556.bmp,85
23557.bmp,86
23558.bmp,87
23559.bmp,88
23560.bmp,89
23561.bmp,90
23562.bmp,91
23563.bmp,92
23564.bmp,93
23565.bmp,94
23566.bmp,95
23567.bmp,96
23568.bmp,97
23569.bmp,98
23570.bmp,99
23571.bmp,100
23572.bmp,101
23573.bmp,102
23574.bmp,103
23575.bmp,104
23576.bmp,105
23577.bmp,106
23578.bmp,107
23579.bmp,108
23580.bmp,109
23581.bmp,110
23582.bmp,111
23583.bmp,112
23584.bmp,113
23585.bmp,114
23586.bmp,115
23587.bmp,116
23588.bmp,117
23589.bmp,118
23590.bmp,119
23591.bmp,120
23592.bmp,121
23593.bmp,122
23594.bmp,123
23595.bmp,124
23596.bmp,125
23597.bmp,126
23598.bmp,127
23599.bmp,128
23600.bmp,129
23601.bmp,130
23602.bmp,131
23603.bmp,132
23604.bmp,133
23605.bmp,134
23606.bmp,135
23607.bmp,136
23608.bmp,137
23609.bmp,138
23610.bmp,139
23611.bmp,140
23612.bmp,141
23613.bmp,142
23614.bmp,143
23615.bmp,144
23616.bmp,145
23617.bmp,146
23618.bmp,147
23619.bmp,148
23620.bmp,149
23621.bmp,150
23622.bmp,151
23623.bmp,152
23624.bmp,153
23625.bmp,154
23626.bmp,155
23627.bmp,0
23628.bmp,1
23629.bmp,2
23630.bmp,3
23631.bmp,4
23632.bmp,5
23633.bmp,6
23634.bmp,7
23635.bmp,8
23636.bmp,9
23637.bmp,10
23638.bmp,11
23639.bmp,12
23640.bmp,13
23641.bmp,14
23642.bmp,15
23643.bmp,16
23644.bmp,17
23645.bmp,18
23646.bmp,19
23647.bmp,20
23648.bmp,21
23649.bmp,22
23650.bmp,23
23651.bmp,24
23652.bmp,25
23653.bmp,26
23654.bmp,27
23655.bmp,28
23656.bmp,29
23657.bmp,30
23658.bmp,31
23659.bmp,32
23660.bmp,33
23661.bmp,34
23662.bmp,35
23663.bmp,36
23664.bmp,37
23665.bmp,38
23666.bmp,39
23667.bmp,40
23668.bmp,41
23669.bmp,42
23670.bmp,43
23671.bmp,44
23672.bmp,45
23673.bmp,46
23674.bmp,47
23675.bmp,48
23676.bmp,49
23677.bmp,50
23678.bmp,51
23679.bmp,52
23680.bmp,53
23681.bmp,54
23682.bmp,55
23683.bmp,56
23684.bmp,57
23685.bmp,58
23686.bmp,59
23687.bmp,60
23688.bmp,61
23689.bmp,62
23690.bmp,63
23691.bmp,64
23692.bmp,65
23693.bmp,66
23694.bmp,67
23695.bmp,68
23696.bmp,69
23697.bmp,70
23698.bmp,71
23699.bmp,72
23700.bmp,73
23701.bmp,74
23702.bmp,75
23703.bmp,76
23704.bmp,77
23705.bmp,78
23706.bmp,79
23707.bmp,80
23708.bmp,81
23709.bmp,82
23710.bmp,83
23711.bmp,84
23712.bmp,85
23713.bmp,86
23714.bmp,87
23715.bmp,88
23716.bmp,89
23717.bmp,90
23718.bmp,91
23719.bmp,92
23720.bmp,93
23721.bmp,94
23722.bmp,95
23723.bmp,96
23724.bmp,97
23725.bmp,98
23726.bmp,99
23727.bmp,100
23728.bmp,101
23729.bmp,102
23730.bmp,103
23731.bmp,104
23732.bmp,105
23733.bmp,106
23734.bmp,107
23735.bmp,108
23736.bmp,109
23737.bmp,110
23738.bmp,111
23739.bmp,112
23740.bmp,113
23741.bmp,114
23742.bmp,115
23743.bmp,116
23744.bmp,117
23745.bmp,118
23746.bmp,119
23747.bmp,120
23748.bmp,121
23749.bmp,122
23750.bmp,123
23751.bmp,124
23752.bmp,125
23753.bmp,126
23754.bmp,127
23755.bmp,128
23756.bmp,129
23757.bmp,130
23758.bmp,131
23759.bmp,132
23760.bmp,133
23761.bmp,134
23762.bmp,135
23763.bmp,136
23764.bmp,137
23765.bmp,138
23766.bmp,139
23767.bmp,140
23768.bmp,141
23769.bmp,142
23770.bmp,143
23771.bmp,144
23772.bmp,145
23773.bmp,146
23774.bmp,147
23775.bmp,148
23776.bmp,149
23777.bmp,150
23778.bmp,151
23779.bmp,152
23780.bmp,153
23781.bmp,154
23782.bmp,155
23783.bmp,0
23784.bmp,1
23785.bmp,2
23786.bmp,3
23787.bmp,4
23788.bmp,5
23789.bmp,6
23790.bmp,7
23791.bmp,8
23792.bmp,9
23793.bmp,10
23794.bmp,11
23795.bmp,12
23796.bmp,13
23797.bmp,14
23798.bmp,15
23799.bmp,16
23800.bmp,17
23801.bmp,18
23802.bmp,19
23803.bmp,20
23804.bmp,21
23805.bmp,22
23806.bmp,23
23807.bmp,24
23808.bmp,25
23809.bmp,26
23810.bmp,27
23811.bmp,28
23812.bmp,29
23813.bmp,30
23814.bmp,31
23815.bmp,32
23816.bmp,33
23817.bmp,34
23818.bmp,35
23819.bmp,36
23820.bmp,37
23821.bmp,38
23822.bmp,39
23823.bmp,40
23824.bmp,41
23825.bmp,42
23826.bmp,43
23827.bmp,44
23828.bmp,45
23829.bmp,46
23830.bmp,47
23831.bmp,48
23832.bmp,49
23833.bmp,50
23834.bmp,51
23835.bmp,52
23836.bmp,53
23837.bmp,54
23838.bmp,55
23839.bmp,56
23840.bmp,57
23841.bmp,58
23842.bmp,59
23843.bmp,60
23844.bmp,61
23845.bmp,62
23846.bmp,63
23847.bmp,64
23848.bmp,65
23849.bmp,66
23850.bmp,67
23851.bmp,68
23852.bmp,69
23853.bmp,70
23854.bmp,71
23855.bmp,72
23856.bmp,73
23857.bmp,74
23858.bmp,75
23859.bmp,76
23860.bmp,77
23861.bmp,78
23862.bmp,79
23863.bmp,80
23864.bmp,81
23865.bmp,82
23866.bmp,83
23867.bmp,84
23868.bmp,85
23869.bmp,86
23870.bmp,87
23871.bmp,88
23872.bmp,89
23873.bmp,90
23874.bmp,91
23875.bmp,92
23876.bmp,93
23877.bmp,94
23878.bmp,95
23879.bmp,96
23880.bmp,97
23881.bmp,98
23882.bmp,99
23883.bmp,100
23884.bmp,101
23885.bmp,102
23886.bmp,103
23887.bmp,104
23888.bmp,105
23889.bmp,106
23890.bmp,107
23891.bmp,108
23892.bmp,109
23893.bmp,110
23894.bmp,111
23895.bmp,112
23896.bmp,113
23897.bmp,114
23898.bmp,115
23899.bmp,116
23900.bmp,117
23901.bmp,118
23902.bmp,119
23903.bmp,120
23904.bmp,121
23905.bmp,122
23906.bmp,123
23907.bmp,124
23908.bmp,125
23909.bmp,126
23910.bmp,127
23911.bmp,128
23912.bmp,129
23913.bmp,130
23914.bmp,131
23915.bmp,132
23916.bmp,133
23917.bmp,134
23918.bmp,135
23919.bmp,136
23920.bmp,137
23921.bmp,138
23922.bmp,139
23923.bmp,140
23924.bmp,141
23925.bmp,142
23926.bmp,143
23927.bmp,144
23928.bmp,145
23929.bmp,146
23930.bmp,147
23931.bmp,148
23932.bmp,149
23933.bmp,150
23934.bmp,151
23935.bmp,152
23936.bmp,153
23937.bmp,154
23938.bmp,155
23939.bmp,0
23940.bmp,1
23941.bmp,2
23942.bmp,3
23943.bmp,4
23944.bmp,5
23945.bmp,6
23946.bmp,7
23947.bmp,8
23948.bmp,9
23949.bmp,10
23950.bmp,11
23951.bmp,12
23952.bmp,13
23953.bmp,14
23954.bmp,15
23955.bmp,16
23956.bmp,17
23957.bmp,18
23958.bmp,19
23959.bmp,20
23960.bmp,21
23961.bmp,22
23962.bmp,23
23963.bmp,24
23964.bmp,25
23965.bmp,26
23966.bmp,27
23967.bmp,28
23968.bmp,29
23969.bmp,30
23970.bmp,31
23971.bmp,32
23972.bmp,33
23973.bmp,34
23974.bmp,35
23975.bmp,36
23976.bmp,37
23977.bmp,38
23978.bmp,39
23979.bmp,40
23980.bmp,41
23981.bmp,42
23982.bmp,43
23983.bmp,44
23984.bmp,45
23985.bmp,46
23986.bmp,47
23987.bmp,48
23988.bmp,49
23989.bmp,50
23990.bmp,51
23991.bmp,52
23992.bmp,53
23993.bmp,54
23994.bmp,55
23995.bmp,56
23996.bmp,57
23997.bmp,58
23998.bmp,59
23999.bmp,60
24000.bmp,61
24001.bmp,62
24002.bmp,63
24003.bmp,64
24004.bmp,65
24005.bmp,66
24006.bmp,67
24007.bmp,68
24008.bmp,69
24009.bmp,70
24010.bmp,71
24011.bmp,72
24012.bmp,73
24013.bmp,74
24014.bmp,75
24015.bmp,76
24016.bmp,77
24017.bmp,78
24018.bmp,79
24019.bmp,80
24020.bmp,81
24021.bmp,82
24022.bmp,83
24023.bmp,84
24024.bmp,85
24025.bmp,86
24026.bmp,87
24027.bmp,88
24028.bmp,89
24029.bmp,90
24030.bmp,91
24031.bmp,92
24032.bmp,93
24033.bmp,94
24034.bmp,95
24035.bmp,96
24036.bmp,97
24037.bmp,98
24038.bmp,99
24039.bmp,100
24040.bmp,101
24041.bmp,102
24042.bmp,103
24043.bmp,104
24044.bmp,105
24045.bmp,106
24046.bmp,107
24047.bmp,108
24048.bmp,109
24049.bmp,110
24050.bmp,111
24051.bmp,112
24052.bmp,113
24053.bmp,114
24054.bmp,115
24055.bmp,116
24056.bmp,117
24057.bmp,118
24058.bmp,119
24059.bmp,120
24060.bmp,121
24061.bmp,122
24062.bmp,123
24063.bmp,124
24064.bmp,125
24065.bmp,126
24066.bmp,127
24067.bmp,128
24068.bmp,129
24069.bmp,130
24070.bmp,131
24071.bmp,132
24072.bmp,133
24073.bmp,134
24074.bmp,135
24075.bmp,136
24076.bmp,137
24077.bmp,138
24078.bmp,139
24079.bmp,140
24080.bmp,141
24081.bmp,142
24082.bmp,143
24083.bmp,144
24084.bmp,145
24085.bmp,146
24086.bmp,147
24087.bmp,148
24088.bmp,149
24089.bmp,150
24090.bmp,151
24091.bmp,152
24092.bmp,153
24093.bmp,154
24094.bmp,155
24095.bmp,0
24096.bmp,1
24097.bmp,2
24098.bmp,3
24099.bmp,4
24100.bmp,5
24101.bmp,6
24102.bmp,7
24103.bmp,8
24104.bmp,9
24105.bmp,10
24106.bmp,11
24107.bmp,12
24108.bmp,13
24109.bmp,14
24110.bmp,15
24111.bmp,16
24112.bmp,17
24113.bmp,18
24114.bmp,19
24115.bmp,20
24116.bmp,21
24117.bmp,22
24118.bmp,23
24119.bmp,24
24120.bmp,25
24121.bmp,26
24122.bmp,27
24123.bmp,28
24124.bmp,29
24125.bmp,30
24126.bmp,31
24127.bmp,32
24128.bmp,33
24129.bmp,34
24130.bmp,35
24131.bmp,36
24132.bmp,37
24133.bmp,38
24134.bmp,39
24135.bmp,40
24136.bmp,41
24137.bmp,42
24138.bmp,43
24139.bmp,44
24140.bmp,45
24141.bmp,46
24142.bmp,47
24143.bmp,48
24144.bmp,49
24145.bmp,50
24146.bmp,51
24147.bmp,52
24148.bmp,53
24149.bmp,54
24150.bmp,55
24151.bmp,56
24152.bmp,57
24153.bmp,58
24154.bmp,59
24155.bmp,60
24156.bmp,61
24157.bmp,62
24158.bmp,63
24159.bmp,64
24160.bmp,65
24161.bmp,66
24162.bmp,67
24163.bmp,68
24164.bmp,69
24165.bmp,70
24166.bmp,71
24167.bmp,72
24168.bmp,73
24169.bmp,74
24170.bmp,75
24171.bmp,76
24172.bmp,77
24173.bmp,78
24174.bmp,79
24175.bmp,80
24176.bmp,81
24177.bmp,82
24178.bmp,83
24179.bmp,84
24180.bmp,85
24181.bmp,86
24182.bmp,87
24183.bmp,88
24184.bmp,89
24185.bmp,90
24186.bmp,91
24187.bmp,92
24188.bmp,93
24189.bmp,94
24190.bmp,95
24191.bmp,96
24192.bmp,97
24193.bmp,98
24194.bmp,99
24195.bmp,100
24196.bmp,101
24197.bmp,102
24198.bmp,103
24199.bmp,104
24200.bmp,105
24201.bmp,106
24202.bmp,107
24203.bmp,108
24204.bmp,109
24205.bmp,110
24206.bmp,111
24207.bmp,112
24208.bmp,113
24209.bmp,114
24210.bmp,115
24211.bmp,116
24212.bmp,117
24213.bmp,118
24214.bmp,119
24215.bmp,120
24216.bmp,121
24217.bmp,122
24218.bmp,123
24219.bmp,124
24220.bmp,125
24221.bmp,126
24222.bmp,127
24223.bmp,128
24224.bmp,129
24225.bmp,130
24226.bmp,131
24227.bmp,132
24228.bmp,133
24229.bmp,134
24230.bmp,135
24231.bmp,136
24232.bmp,137
24233.bmp,138
24234.bmp,139
24235.bmp,140
24236.bmp,141
24237.bmp,142
24238.bmp,143
24239.bmp,144
24240.bmp,145
24241.bmp,146
24242.bmp,147
24243.bmp,148
24244.bmp,149
24245.bmp,150
24246.bmp,151
24247.bmp,152
24248.bmp,153
24249.bmp,154
24250.bmp,155
24251.bmp,0
24252.bmp,1
24253.bmp,2
24254.bmp,3
24255.bmp,4
24256.bmp,5
24257.bmp,6
24258.bmp,7
24259.bmp,8
24260.bmp,9
24261.bmp,10
24262.bmp,11
24263.bmp,12
24264.bmp,13
24265.bmp,14
24266.bmp,15
24267.bmp,16
24268.bmp,17
24269.bmp,18
24270.bmp,19
24271.bmp,20
24272.bmp,21
24273.bmp,22
24274.bmp,23
24275.bmp,24
24276.bmp,25
24277.bmp,26
24278.bmp,27
24279.bmp,28
24280.bmp,29
24281.bmp,30
24282.bmp,31
24283.bmp,32
24284.bmp,33
24285.bmp,34
24286.bmp,35
24287.bmp,36
24288.bmp,37
24289.bmp,38
24290.bmp,39
24291.bmp,40
24292.bmp,41
24293.bmp,42
24294.bmp,43
24295.bmp,44
24296.bmp,45
24297.bmp,46
24298.bmp,47
24299.bmp,48
24300.bmp,49
24301.bmp,50
24302.bmp,51
24303.bmp,52
24304.bmp,53
24305.bmp,54
24306.bmp,55
24307.bmp,56
24308.bmp,57
24309.bmp,58
24310.bmp,59
24311.bmp,60
24312.bmp,61
24313.bmp,62
24314.bmp,63
24315.bmp,64
24316.bmp,65
24317.bmp,66
24318.bmp,67
24319.bmp,68
24320.bmp,69
24321.bmp,70
24322.bmp,71
24323.bmp,72
24324.bmp,73
24325.bmp,74
24326.bmp,75
24327.bmp,76
24328.bmp,77
24329.bmp,78
24330.bmp,79
24331.bmp,80
24332.bmp,81
24333.bmp,82
24334.bmp,83
24335.bmp,84
24336.bmp,85
24337.bmp,86
24338.bmp,87
24339.bmp,88
24340.bmp,89
24341.bmp,90
24342.bmp,91
24343.bmp,92
24344.bmp,93
24345.bmp,94
24346.bmp,95
24347.bmp,96
24348.bmp,97
24349.bmp,98
24350.bmp,99
24351.bmp,100
24352.bmp,101
24353.bmp,102
24354.bmp,103
24355.bmp,104
24356.bmp,105
24357.bmp,106
24358.bmp,107
24359.bmp,108
24360.bmp,109
24361.bmp,110
24362.bmp,111
24363.bmp,112
24364.bmp,113
24365.bmp,114
24366.bmp,115
24367.bmp,116
24368.bmp,117
24369.bmp,118
24370.bmp,119
24371.bmp,120
24372.bmp,121
24373.bmp,122
24374.bmp,123
24375.bmp,124
24376.bmp,125
24377.bmp,126
24378.bmp,127
24379.bmp,128
24380.bmp,129
24381.bmp,130
24382.bmp,131
24383.bmp,132
24384.bmp,133
24385.bmp,134
24386.bmp,135
24387.bmp,136
24388.bmp,137
24389.bmp,138
24390.bmp,139
24391.bmp,140
24392.bmp,141
24393.bmp,142
24394.bmp,143
24395.bmp,144
24396.bmp,145
24397.bmp,146
24398.bmp,147
24399.bmp,148
24400.bmp,149
24401.bmp,150
24402.bmp,151
24403.bmp,152
24404.bmp,153
24405.bmp,154
24406.bmp,155
24407.bmp,0
24408.bmp,1
24409.bmp,2
24410.bmp,3
24411.bmp,4
24412.bmp,5
24413.bmp,6
24414.bmp,7
24415.bmp,8
24416.bmp,9
24417.bmp,10
24418.bmp,11
24419.bmp,12
24420.bmp,13
24421.bmp,14
24422.bmp,15
24423.bmp,16
24424.bmp,17
24425.bmp,18
24426.bmp,19
24427.bmp,20
24428.bmp,21
24429.bmp,22
24430.bmp,23
24431.bmp,24
24432.bmp,25
24433.bmp,26
24434.bmp,27
24435.bmp,28
24436.bmp,29
24437.bmp,30
24438.bmp,31
24439.bmp,32
24440.bmp,33
24441.bmp,34
24442.bmp,35
24443.bmp,36
24444.bmp,37
24445.bmp,38
24446.bmp,39
24447.bmp,40
24448.bmp,41
24449.bmp,42
24450.bmp,43
24451.bmp,44
24452.bmp,45
24453.bmp,46
24454.bmp,47
24455.bmp,48
24456.bmp,49
24457.bmp,50
24458.bmp,51
24459.bmp,52
24460.bmp,53
24461.bmp,54
24462.bmp,55
24463.bmp,56
24464.bmp,57
24465.bmp,58
24466.bmp,59
24467.bmp,60
24468.bmp,61
24469.bmp,62
24470.bmp,63
24471.bmp,64
24472.bmp,65
24473.bmp,66
24474.bmp,67
24475.bmp,68
24476.bmp,69
24477.bmp,70
24478.bmp,71
24479.bmp,72
24480.bmp,73
24481.bmp,74
24482.bmp,75
24483.bmp,76
24484.bmp,77
24485.bmp,78
24486.bmp,79
24487.bmp,80
24488.bmp,81
24489.bmp,82
24490.bmp,83
24491.bmp,84
24492.bmp,85
24493.bmp,86
24494.bmp,87
24495.bmp,88
24496.bmp,89
24497.bmp,90
24498.bmp,91
24499.bmp,92
24500.bmp,93
24501.bmp,94
24502.bmp,95
24503.bmp,96
24504.bmp,97
24505.bmp,98
24506.bmp,99
24507.bmp,100
24508.bmp,101
24509.bmp,102
24510.bmp,103
24511.bmp,104
24512.bmp,105
24513.bmp,106
24514.bmp,107
24515.bmp,108
24516.bmp,109
24517.bmp,110
24518.bmp,111
24519.bmp,112
24520.bmp,113
24521.bmp,114
24522.bmp,115
24523.bmp,116
24524.bmp,117
24525.bmp,118
24526.bmp,119
24527.bmp,120
24528.bmp,121
24529.bmp,122
24530.bmp,123
24531.bmp,124
24532.bmp,125
24533.bmp,126
24534.bmp,127
24535.bmp,128
24536.bmp,129
24537.bmp,130
24538.bmp,131
24539.bmp,132
24540.bmp,133
24541.bmp,134
24542.bmp,135
24543.bmp,136
24544.bmp,137
24545.bmp,138
24546.bmp,139
24547.bmp,140
24548.bmp,141
24549.bmp,142
24550.bmp,143
24551.bmp,144
24552.bmp,145
24553.bmp,146
24554.bmp,147
24555.bmp,148
24556.bmp,149
24557.bmp,150
24558.bmp,151
24559.bmp,152
24560.bmp,153
24561.bmp,154
24562.bmp,155
24563.bmp,0
24564.bmp,1
24565.bmp,2
24566.bmp,3
24567.bmp,4
24568.bmp,5
24569.bmp,6
24570.bmp,7
24571.bmp,8
24572.bmp,9
24573.bmp,10
24574.bmp,11
24575.bmp,12
24576.bmp,13
24577.bmp,14
24578.bmp,15
24579.bmp,16
24580.bmp,17
24581.bmp,18
24582.bmp,19
24583.bmp,20
24584.bmp,21
24585.bmp,22
24586.bmp,23
24587.bmp,24
24588.bmp,25
24589.bmp,26
24590.bmp,27
24591.bmp,28
24592.bmp,29
24593.bmp,30
24594.bmp,31
24595.bmp,32
24596.bmp,33
24597.bmp,34
24598.bmp,35
24599.bmp,36
24600.bmp,37
24601.bmp,38
24602.bmp,39
24603.bmp,40
24604.bmp,41
24605.bmp,42
24606.bmp,43
24607.bmp,44
24608.bmp,45
24609.bmp,46
24610.bmp,47
24611.bmp,48
24612.bmp,49
24613.bmp,50
24614.bmp,51
24615.bmp,52
24616.bmp,53
24617.bmp,54
24618.bmp,55
24619.bmp,56
24620.bmp,57
24621.bmp,58
24622.bmp,59
24623.bmp,60
24624.bmp,61
24625.bmp,62
24626.bmp,63
24627.bmp,64
24628.bmp,65
24629.bmp,66
24630.bmp,67
24631.bmp,68
24632.bmp,69
24633.bmp,70
24634.bmp,71
24635.bmp,72
24636.bmp,73
24637.bmp,74
24638.bmp,75
24639.bmp,76
24640.bmp,77
24641.bmp,78
24642.bmp,79
24643.bmp,80
24644.bmp,81
24645.bmp,82
24646.bmp,83
24647.bmp,84
24648.bmp,85
24649.bmp,86
24650.bmp,87
24651.bmp,88
24652.bmp,89
24653.bmp,90
24654.bmp,91
24655.bmp,92
24656.bmp,93
24657.bmp,94
24658.bmp,95
24659.bmp,96
24660.bmp,97
24661.bmp,98
24662.bmp,99
24663.bmp,100
24664.bmp,101
24665.bmp,102
24666.bmp,103
24667.bmp,104
24668.bmp,105
24669.bmp,106
24670.bmp,107
24671.bmp,108
24672.bmp,109
24673.bmp,110
24674.bmp,111
24675.bmp,112
24676.bmp,113
24677.bmp,114
24678.bmp,115
24679.bmp,116
24680.bmp,117
24681.bmp,118
24682.bmp,119
24683.bmp,120
24684.bmp,121
24685.bmp,122
24686.bmp,123
24687.bmp,124
24688.bmp,125
24689.bmp,126
24690.bmp,127
24691.bmp,128
24692.bmp,129
24693.bmp,130
24694.bmp,131
24695.bmp,132
24696.bmp,133
24697.bmp,134
24698.bmp,135
24699.bmp,136
24700.bmp,137
24701.bmp,138
24702.bmp,139
24703.bmp,140
24704.bmp,141
24705.bmp,142
24706.bmp,143
24707.bmp,144
24708.bmp,145
24709.bmp,146
24710.bmp,147
24711.bmp,148
24712.bmp,149
24713.bmp,150
24714.bmp,151
24715.bmp,152
24716.bmp,153
24717.bmp,154
24718.bmp,155
24719.bmp,0
24720.bmp,1
24721.bmp,2
24722.bmp,3
24723.bmp,4
24724.bmp,5
24725.bmp,6
24726.bmp,7
24727.bmp,8
24728.bmp,9
24729.bmp,10
24730.bmp,11
24731.bmp,12
24732.bmp,13
24733.bmp,14
24734.bmp,15
24735.bmp,16
24736.bmp,17
24737.bmp,18
24738.bmp,19
24739.bmp,20
24740.bmp,21
24741.bmp,22
24742.bmp,23
24743.bmp,24
24744.bmp,25
24745.bmp,26
24746.bmp,27
24747.bmp,28
24748.bmp,29
24749.bmp,30
24750.bmp,31
24751.bmp,32
24752.bmp,33
24753.bmp,34
24754.bmp,35
24755.bmp,36
24756.bmp,37
24757.bmp,38
24758.bmp,39
24759.bmp,40
24760.bmp,41
24761.bmp,42
24762.bmp,43
24763.bmp,44
24764.bmp,45
24765.bmp,46
24766.bmp,47
24767.bmp,48
24768.bmp,49
24769.bmp,50
24770.bmp,51
24771.bmp,52
24772.bmp,53
24773.bmp,54
24774.bmp,55
24775.bmp,56
24776.bmp,57
24777.bmp,58
24778.bmp,59
24779.bmp,60
24780.bmp,61
24781.bmp,62
24782.bmp,63
24783.bmp,64
24784.bmp,65
24785.bmp,66
24786.bmp,67
24787.bmp,68
24788.bmp,69
24789.bmp,70
24790.bmp,71
24791.bmp,72
24792.bmp,73
24793.bmp,74
24794.bmp,75
24795.bmp,76
24796.bmp,77
24797.bmp,78
24798.bmp,79
24799.bmp,80
24800.bmp,81
24801.bmp,82
24802.bmp,83
24803.bmp,84
24804.bmp,85
24805.bmp,86
24806.bmp,87
24807.bmp,88
24808.bmp,89
24809.bmp,90
24810.bmp,91
24811.bmp,92
24812.bmp,93
24813.bmp,94
24814.bmp,95
24815.bmp,96
24816.bmp,97
24817.bmp,98
24818.bmp,99
24819.bmp,100
24820.bmp,101
24821.bmp,102
24822.bmp,103
24823.bmp,104
24824.bmp,105
24825.bmp,106
24826.bmp,107
24827.bmp,108
24828.bmp,109
24829.bmp,110
24830.bmp,111
24831.bmp,112
24832.bmp,113
24833.bmp,114
24834.bmp,115
24835.bmp,116
24836.bmp,117
24837.bmp,118
24838.bmp,119
24839.bmp,120
24840.bmp,121
24841.bmp,122
24842.bmp,123
24843.bmp,124
24844.bmp,125
24845.bmp,126
24846.bmp,127
24847.bmp,128
24848.bmp,129
24849.bmp,130
24850.bmp,131
24851.bmp,132
24852.bmp,133
24853.bmp,134
24854.bmp,135
24855.bmp,136
24856.bmp,137
24857.bmp,138
24858.bmp,139
24859.bmp,140
24860.bmp,141
24861.bmp,142
24862.bmp,143
24863.bmp,144
24864.bmp,145
24865.bmp,146
24866.bmp,147
24867.bmp,148
24868.bmp,149
24869.bmp,150
24870.bmp,151
24871.bmp,152
24872.bmp,153
24873.bmp,154
24874.bmp,155
24875.bmp,0
24876.bmp,1
24877.bmp,2
24878.bmp,3
24879.bmp,4
24880.bmp,5
24881.bmp,6
24882.bmp,7
24883.bmp,8
24884.bmp,9
24885.bmp,10
24886.bmp,11
24887.bmp,12
24888.bmp,13
24889.bmp,14
24890.bmp,15
24891.bmp,16
24892.bmp,17
24893.bmp,18
24894.bmp,19
24895.bmp,20
24896.bmp,21
24897.bmp,22
24898.bmp,23
24899.bmp,24
24900.bmp,25
24901.bmp,26
24902.bmp,27
24903.bmp,28
24904.bmp,29
24905.bmp,30
24906.bmp,31
24907.bmp,32
24908.bmp,33
24909.bmp,34
24910.bmp,35
24911.bmp,36
24912.bmp,37
24913.bmp,38
24914.bmp,39
24915.bmp,40
24916.bmp,41
24917.bmp,42
24918.bmp,43
24919.bmp,44
24920.bmp,45
24921.bmp,46
24922.bmp,47
24923.bmp,48
24924.bmp,49
24925.bmp,50
24926.bmp,51
24927.bmp,52
24928.bmp,53
24929.bmp,54
24930.bmp,55
24931.bmp,56
24932.bmp,57
24933.bmp,58
24934.bmp,59
24935.bmp,60
24936.bmp,61
24937.bmp,62
24938.bmp,63
24939.bmp,64
24940.bmp,65
24941.bmp,66
24942.bmp,67
24943.bmp,68
24944.bmp,69
24945.bmp,70
24946.bmp,71
24947.bmp,72
24948.bmp,73
24949.bmp,74
24950.bmp,75
24951.bmp,76
24952.bmp,77
24953.bmp,78
24954.bmp,79
24955.bmp,80
24956.bmp,81
24957.bmp,82
24958.bmp,83
24959.bmp,84
24960.bmp,85
24961.bmp,86
24962.bmp,87
24963.bmp,88
24964.bmp,89
24965.bmp,90
24966.bmp,91
24967.bmp,92
24968.bmp,93
24969.bmp,94
24970.bmp,95
24971.bmp,96
24972.bmp,97
24973.bmp,98
24974.bmp,99
24975.bmp,100
24976.bmp,101
24977.bmp,102
24978.bmp,103
24979.bmp,104
24980.bmp,105
24981.bmp,106
24982.bmp,107
24983.bmp,108
24984.bmp,109
24985.bmp,110
24986.bmp,111
24987.bmp,112
24988.bmp,113
24989.bmp,114
24990.bmp,115
24991.bmp,116
24992.bmp,117
24993.bmp,118
24994.bmp,119
24995.bmp,120
24996.bmp,121
24997.bmp,122
24998.bmp,123
24999.bmp,124
25000.bmp,125
25001.bmp,126
25002.bmp,127
25003.bmp,128
25004.bmp,129
25005.bmp,130
25006.bmp,131
25007.bmp,132
25008.bmp,133
25009.bmp,134
25010.bmp,135
25011.bmp,136
25012.bmp,137
25013.bmp,138
25014.bmp,139
25015.bmp,140
25016.bmp,141
25017.bmp,142
25018.bmp,143
25019.bmp,144
25020.bmp,145
25021.bmp,146
25022.bmp,147
25023.bmp,148
25024.bmp,149
25025.bmp,150
25026.bmp,151
25027.bmp,152
25028.bmp,153
25029.bmp,154
25030.bmp,155
25031.bmp,0
25032.bmp,1
25033.bmp,2
25034.bmp,3
25035.bmp,4
25036.bmp,5
25037.bmp,6
25038.bmp,7
25039.bmp,8
25040.bmp,9
25041.bmp,10
25042.bmp,11
25043.bmp,12
25044.bmp,13
25045.bmp,14
25046.bmp,15
25047.bmp,16
25048.bmp,17
25049.bmp,18
25050.bmp,19
25051.bmp,20
25052.bmp,21
25053.bmp,22
25054.bmp,23
25055.bmp,24
25056.bmp,25
25057.bmp,26
25058.bmp,27
25059.bmp,28
25060.bmp,29
25061.bmp,30
25062.bmp,31
25063.bmp,32
25064.bmp,33
25065.bmp,34
25066.bmp,35
25067.bmp,36
25068.bmp,37
25069.bmp,38
25070.bmp,39
25071.bmp,40
25072.bmp,41
25073.bmp,42
25074.bmp,43
25075.bmp,44
25076.bmp,45
25077.bmp,46
25078.bmp,47
25079.bmp,48
25080.bmp,49
25081.bmp,50
25082.bmp,51
25083.bmp,52
25084.bmp,53
25085.bmp,54
25086.bmp,55
25087.bmp,56
25088.bmp,57
25089.bmp,58
25090.bmp,59
25091.bmp,60
25092.bmp,61
25093.bmp,62
25094.bmp,63
25095.bmp,64
25096.bmp,65
25097.bmp,66
25098.bmp,67
25099.bmp,68
25100.bmp,69
25101.bmp,70
25102.bmp,71
25103.bmp,72
25104.bmp,73
25105.bmp,74
25106.bmp,75
25107.bmp,76
25108.bmp,77
25109.bmp,78
25110.bmp,79
25111.bmp,80
25112.bmp,81
25113.bmp,82
25114.bmp,83
25115.bmp,84
25116.bmp,85
25117.bmp,86
25118.bmp,87
25119.bmp,88
25120.bmp,89
25121.bmp,90
25122.bmp,91
25123.bmp,92
25124.bmp,93
25125.bmp,94
25126.bmp,95
25127.bmp,96
25128.bmp,97
25129.bmp,98
25130.bmp,99
25131.bmp,100
25132.bmp,101
25133.bmp,102
25134.bmp,103
25135.bmp,104
25136.bmp,105
25137.bmp,106
25138.bmp,107
25139.bmp,108
25140.bmp,109
25141.bmp,110
25142.bmp,111
25143.bmp,112
25144.bmp,113
25145.bmp,114
25146.bmp,115
25147.bmp,116
25148.bmp,117
25149.bmp,118
25150.bmp,119
25151.bmp,120
25152.bmp,121
25153.bmp,122
25154.bmp,123
25155.bmp,124
25156.bmp,125
25157.bmp,126
25158.bmp,127
25159.bmp,128
25160.bmp,129
25161.bmp,130
25162.bmp,131
25163.bmp,132
25164.bmp,133
25165.bmp,134
25166.bmp,135
25167.bmp,136
25168.bmp,137
25169.bmp,138
25170.bmp,139
25171.bmp,140
25172.bmp,141
25173.bmp,142
25174.bmp,143
25175.bmp,144
25176.bmp,145
25177.bmp,146
25178.bmp,147
25179.bmp,148
25180.bmp,149
25181.bmp,150
25182.bmp,151
25183.bmp,152
25184.bmp,153
25185.bmp,154
25186.bmp,155
25187.bmp,0
25188.bmp,1
25189.bmp,2
25190.bmp,3
25191.bmp,4
25192.bmp,5
25193.bmp,6
25194.bmp,7
25195.bmp,8
25196.bmp,9
25197.bmp,10
25198.bmp,11
25199.bmp,12
25200.bmp,13
25201.bmp,14
25202.bmp,15
25203.bmp,16
25204.bmp,17
25205.bmp,18
25206.bmp,19
25207.bmp,20
25208.bmp,21
25209.bmp,22
25210.bmp,23
25211.bmp,24
25212.bmp,25
25213.bmp,26
25214.bmp,27
25215.bmp,28
25216.bmp,29
25217.bmp,30
25218.bmp,31
25219.bmp,32
25220.bmp,33
25221.bmp,34
25222.bmp,35
25223.bmp,36
25224.bmp,37
25225.bmp,38
25226.bmp,39
25227.bmp,40
25228.bmp,41
25229.bmp,42
25230.bmp,43
25231.bmp,44
25232.bmp,45
25233.bmp,46
25234.bmp,47
25235.bmp,48
25236.bmp,49
25237.bmp,50
25238.bmp,51
25239.bmp,52
25240.bmp,53
25241.bmp,54
25242.bmp,55
25243.bmp,56
25244.bmp,57
25245.bmp,58
25246.bmp,59
25247.bmp,60
25248.bmp,61
25249.bmp,62
25250.bmp,63
25251.bmp,64
25252.bmp,65
25253.bmp,66
25254.bmp,67
25255.bmp,68
25256.bmp,69
25257.bmp,70
25258.bmp,71
25259.bmp,72
25260.bmp,73
25261.bmp,74
25262.bmp,75
25263.bmp,76
25264.bmp,77
25265.bmp,78
25266.bmp,79
25267.bmp,80
25268.bmp,81
25269.bmp,82
25270.bmp,83
25271.bmp,84
25272.bmp,85
25273.bmp,86
25274.bmp,87
25275.bmp,88
25276.bmp,89
25277.bmp,90
25278.bmp,91
25279.bmp,92
25280.bmp,93
25281.bmp,94
25282.bmp,95
25283.bmp,96
25284.bmp,97
25285.bmp,98
25286.bmp,99
25287.bmp,100
25288.bmp,101
25289.bmp,102
25290.bmp,103
25291.bmp,104
25292.bmp,105
25293.bmp,106
25294.bmp,107
25295.bmp,108
25296.bmp,109
25297.bmp,110
25298.bmp,111
25299.bmp,112
25300.bmp,113
25301.bmp,114
25302.bmp,115
25303.bmp,116
25304.bmp,117
25305.bmp,118
25306.bmp,119
25307.bmp,120
25308.bmp,121
25309.bmp,122
25310.bmp,123
25311.bmp,124
25312.bmp,125
25313.bmp,126
25314.bmp,127
25315.bmp,128
25316.bmp,129
25317.bmp,130
25318.bmp,131
25319.bmp,132
25320.bmp,133
25321.bmp,134
25322.bmp,135
25323.bmp,136
25324.bmp,137
25325.bmp,138
25326.bmp,139
25327.bmp,140
25328.bmp,141
25329.bmp,142
25330.bmp,143
25331.bmp,144
25332.bmp,145
25333.bmp,146
25334.bmp,147
25335.bmp,148
25336.bmp,149
25337.bmp,150
25338.bmp,151
25339.bmp,152
25340.bmp,153
25341.bmp,154
25342.bmp,155
25343.bmp,80
25344.bmp,0
25345.bmp,1
25346.bmp,2
25347.bmp,3
25348.bmp,4
25349.bmp,5
25350.bmp,6
25351.bmp,7
25352.bmp,8
25353.bmp,9
25354.bmp,10
25355.bmp,11
25356.bmp,12
25357.bmp,13
25358.bmp,14
25359.bmp,15
25360.bmp,16
25361.bmp,17
25362.bmp,18
25363.bmp,19
25364.bmp,20
25365.bmp,21
25366.bmp,22
25367.bmp,23
25368.bmp,24
25369.bmp,25
25370.bmp,26
25371.bmp,27
25372.bmp,28
25373.bmp,29
25374.bmp,30
25375.bmp,31
25376.bmp,32
25377.bmp,33
25378.bmp,34
25379.bmp,35
25380.bmp,36
25381.bmp,37
25382.bmp,38
25383.bmp,39
25384.bmp,40
25385.bmp,41
25386.bmp,42
25387.bmp,43
25388.bmp,44
25389.bmp,45
25390.bmp,46
25391.bmp,47
25392.bmp,48
25393.bmp,49
25394.bmp,50
25395.bmp,51
25396.bmp,52
25397.bmp,53
25398.bmp,54
25399.bmp,55
25400.bmp,56
25401.bmp,57
25402.bmp,58
25403.bmp,59
25404.bmp,60
25405.bmp,61
25406.bmp,62
25407.bmp,63
25408.bmp,64
25409.bmp,65
25410.bmp,66
25411.bmp,67
25412.bmp,68
25413.bmp,69
25414.bmp,70
25415.bmp,71
25416.bmp,72
25417.bmp,73
25418.bmp,74
25419.bmp,75
25420.bmp,76
25421.bmp,77
25422.bmp,78
25423.bmp,79
25424.bmp,80
25425.bmp,81
25426.bmp,82
25427.bmp,83
25428.bmp,84
25429.bmp,85
25430.bmp,86
25431.bmp,87
25432.bmp,88
25433.bmp,89
25434.bmp,90
25435.bmp,91
25436.bmp,92
25437.bmp,93
25438.bmp,94
25439.bmp,95
25440.bmp,96
25441.bmp,97
25442.bmp,98
25443.bmp,99
25444.bmp,100
25445.bmp,101
25446.bmp,102
25447.bmp,103
25448.bmp,104
25449.bmp,105
25450.bmp,106
25451.bmp,107
25452.bmp,108
25453.bmp,109
25454.bmp,110
25455.bmp,111
25456.bmp,112
25457.bmp,113
25458.bmp,114
25459.bmp,115
25460.bmp,116
25461.bmp,117
25462.bmp,118
25463.bmp,119
25464.bmp,120
25465.bmp,121
25466.bmp,122
25467.bmp,123
25468.bmp,124
25469.bmp,125
25470.bmp,126
25471.bmp,127
25472.bmp,128
25473.bmp,129
25474.bmp,130
25475.bmp,131
25476.bmp,132
25477.bmp,133
25478.bmp,134
25479.bmp,135
25480.bmp,136
25481.bmp,137
25482.bmp,138
25483.bmp,139
25484.bmp,140
25485.bmp,141
25486.bmp,142
25487.bmp,143
25488.bmp,144
25489.bmp,145
25490.bmp,146
25491.bmp,147
25492.bmp,148
25493.bmp,149
25494.bmp,150
25495.bmp,151
25496.bmp,152
25497.bmp,153
25498.bmp,154
25499.bmp,155
25500.bmp,80
25501.bmp,0
25502.bmp,1
25503.bmp,2
25504.bmp,3
25505.bmp,4
25506.bmp,5
25507.bmp,6
25508.bmp,7
25509.bmp,8
25510.bmp,9
25511.bmp,10
25512.bmp,11
25513.bmp,12
25514.bmp,13
25515.bmp,14
25516.bmp,15
25517.bmp,16
25518.bmp,17
25519.bmp,18
25520.bmp,19
25521.bmp,20
25522.bmp,21
25523.bmp,22
25524.bmp,23
25525.bmp,24
25526.bmp,25
25527.bmp,26
25528.bmp,27
25529.bmp,28
25530.bmp,29
25531.bmp,30
25532.bmp,31
25533.bmp,32
25534.bmp,33
25535.bmp,34
25536.bmp,35
25537.bmp,36
25538.bmp,37
25539.bmp,38
25540.bmp,39
25541.bmp,40
25542.bmp,41
25543.bmp,42
25544.bmp,43
25545.bmp,44
25546.bmp,45
25547.bmp,46
25548.bmp,47
25549.bmp,48
25550.bmp,49
25551.bmp,50
25552.bmp,51
25553.bmp,52
25554.bmp,53
25555.bmp,54
25556.bmp,55
25557.bmp,56
25558.bmp,57
25559.bmp,58
25560.bmp,59
25561.bmp,60
25562.bmp,61
25563.bmp,62
25564.bmp,63
25565.bmp,64
25566.bmp,65
25567.bmp,66
25568.bmp,67
25569.bmp,68
25570.bmp,69
25571.bmp,70
25572.bmp,71
25573.bmp,72
25574.bmp,73
25575.bmp,74
25576.bmp,75
25577.bmp,76
25578.bmp,77
25579.bmp,78
25580.bmp,79
25581.bmp,80
25582.bmp,81
25583.bmp,82
25584.bmp,83
25585.bmp,84
25586.bmp,85
25587.bmp,86
25588.bmp,87
25589.bmp,88
25590.bmp,89
25591.bmp,90
25592.bmp,91
25593.bmp,92
25594.bmp,93
25595.bmp,94
25596.bmp,95
25597.bmp,96
25598.bmp,97
25599.bmp,98
25600.bmp,99
25601.bmp,100
25602.bmp,101
25603.bmp,102
25604.bmp,103
25605.bmp,104
25606.bmp,105
25607.bmp,106
25608.bmp,107
25609.bmp,108
25610.bmp,109
25611.bmp,110
25612.bmp,111
25613.bmp,112
25614.bmp,113
25615.bmp,114
25616.bmp,115
25617.bmp,116
25618.bmp,117
25619.bmp,118
25620.bmp,119
25621.bmp,120
25622.bmp,121
25623.bmp,122
25624.bmp,123
25625.bmp,124
25626.bmp,125
25627.bmp,126
25628.bmp,127
25629.bmp,128
25630.bmp,129
25631.bmp,130
25632.bmp,131
25633.bmp,132
25634.bmp,133
25635.bmp,134
25636.bmp,135
25637.bmp,136
25638.bmp,137
25639.bmp,138
25640.bmp,139
25641.bmp,140
25642.bmp,141
25643.bmp,142
25644.bmp,143
25645.bmp,144
25646.bmp,145
25647.bmp,146
25648.bmp,147
25649.bmp,148
25650.bmp,149
25651.bmp,150
25652.bmp,151
25653.bmp,152
25654.bmp,153
25655.bmp,154
25656.bmp,155
25657.bmp,80
25658.bmp,0
25659.bmp,1
25660.bmp,2
25661.bmp,3
25662.bmp,4
25663.bmp,5
25664.bmp,6
25665.bmp,7
25666.bmp,8
25667.bmp,9
25668.bmp,10
25669.bmp,11
25670.bmp,12
25671.bmp,13
25672.bmp,14
25673.bmp,15
25674.bmp,16
25675.bmp,17
25676.bmp,18
25677.bmp,19
25678.bmp,20
25679.bmp,21
25680.bmp,22
25681.bmp,23
25682.bmp,24
25683.bmp,25
25684.bmp,26
25685.bmp,27
25686.bmp,28
25687.bmp,29
25688.bmp,30
25689.bmp,31
25690.bmp,32
25691.bmp,33
25692.bmp,34
25693.bmp,35
25694.bmp,36
25695.bmp,37
25696.bmp,38
25697.bmp,39
25698.bmp,40
25699.bmp,41
25700.bmp,42
25701.bmp,43
25702.bmp,44
25703.bmp,45
25704.bmp,46
25705.bmp,47
25706.bmp,48
25707.bmp,49
25708.bmp,50
25709.bmp,51
25710.bmp,52
25711.bmp,53
25712.bmp,54
25713.bmp,55
25714.bmp,56
25715.bmp,57
25716.bmp,58
25717.bmp,59
25718.bmp,60
25719.bmp,61
25720.bmp,62
25721.bmp,63
25722.bmp,64
25723.bmp,65
25724.bmp,66
25725.bmp,67
25726.bmp,68
25727.bmp,69
25728.bmp,70
25729.bmp,71
25730.bmp,72
25731.bmp,73
25732.bmp,74
25733.bmp,75
25734.bmp,76
25735.bmp,77
25736.bmp,78
25737.bmp,79
25738.bmp,80
25739.bmp,81
25740.bmp,82
25741.bmp,83
25742.bmp,84
25743.bmp,85
25744.bmp,86
25745.bmp,87
25746.bmp,88
25747.bmp,89
25748.bmp,90
25749.bmp,91
25750.bmp,92
25751.bmp,93
25752.bmp,94
25753.bmp,95
25754.bmp,96
25755.bmp,97
25756.bmp,98
25757.bmp,99
25758.bmp,100
25759.bmp,101
25760.bmp,102
25761.bmp,103
25762.bmp,104
25763.bmp,105
25764.bmp,106
25765.bmp,107
25766.bmp,108
25767.bmp,109
25768.bmp,110
25769.bmp,111
25770.bmp,112
25771.bmp,113
25772.bmp,114
25773.bmp,115
25774.bmp,116
25775.bmp,117
25776.bmp,118
25777.bmp,119
25778.bmp,120
25779.bmp,121
25780.bmp,122
25781.bmp,123
25782.bmp,124
25783.bmp,125
25784.bmp,126
25785.bmp,127
25786.bmp,128
25787.bmp,129
25788.bmp,130
25789.bmp,131
25790.bmp,132
25791.bmp,133
25792.bmp,134
25793.bmp,135
25794.bmp,136
25795.bmp,137
25796.bmp,138
25797.bmp,139
25798.bmp,140
25799.bmp,141
25800.bmp,142
25801.bmp,143
25802.bmp,144
25803.bmp,145
25804.bmp,146
25805.bmp,147
25806.bmp,148
25807.bmp,149
25808.bmp,150
25809.bmp,151
25810.bmp,152
25811.bmp,153
25812.bmp,154
25813.bmp,155
25814.bmp,80
25815.bmp,0
25816.bmp,1
25817.bmp,2
25818.bmp,3
25819.bmp,4
25820.bmp,5
25821.bmp,6
25822.bmp,7
25823.bmp,8
25824.bmp,9
25825.bmp,10
25826.bmp,11
25827.bmp,12
25828.bmp,13
25829.bmp,14
25830.bmp,15
25831.bmp,16
25832.bmp,17
25833.bmp,18
25834.bmp,19
25835.bmp,20
25836.bmp,21
25837.bmp,22
25838.bmp,23
25839.bmp,24
25840.bmp,25
25841.bmp,26
25842.bmp,27
25843.bmp,28
25844.bmp,29
25845.bmp,30
25846.bmp,31
25847.bmp,32
25848.bmp,33
25849.bmp,34
25850.bmp,35
25851.bmp,36
25852.bmp,37
25853.bmp,38
25854.bmp,39
25855.bmp,40
25856.bmp,41
25857.bmp,42
25858.bmp,43
25859.bmp,44
25860.bmp,45
25861.bmp,46
25862.bmp,47
25863.bmp,48
25864.bmp,49
25865.bmp,50
25866.bmp,51
25867.bmp,52
25868.bmp,53
25869.bmp,54
25870.bmp,55
25871.bmp,56
25872.bmp,57
25873.bmp,58
25874.bmp,59
25875.bmp,60
25876.bmp,61
25877.bmp,62
25878.bmp,63
25879.bmp,64
25880.bmp,65
25881.bmp,66
25882.bmp,67
25883.bmp,68
25884.bmp,69
25885.bmp,70
25886.bmp,71
25887.bmp,72
25888.bmp,73
25889.bmp,74
25890.bmp,75
25891.bmp,76
25892.bmp,77
25893.bmp,78
25894.bmp,79
25895.bmp,80
25896.bmp,81
25897.bmp,82
25898.bmp,83
25899.bmp,84
25900.bmp,85
25901.bmp,86
25902.bmp,87
25903.bmp,88
25904.bmp,89
25905.bmp,90
25906.bmp,91
25907.bmp,92
25908.bmp,93
25909.bmp,94
25910.bmp,95
25911.bmp,96
25912.bmp,97
25913.bmp,98
25914.bmp,99
25915.bmp,100
25916.bmp,101
25917.bmp,102
25918.bmp,103
25919.bmp,104
25920.bmp,105
25921.bmp,106
25922.bmp,107
25923.bmp,108
25924.bmp,109
25925.bmp,110
25926.bmp,111
25927.bmp,112
25928.bmp,113
25929.bmp,114
25930.bmp,115
25931.bmp,116
25932.bmp,117
25933.bmp,118
25934.bmp,119
25935.bmp,120
25936.bmp,121
25937.bmp,122
25938.bmp,123
25939.bmp,124
25940.bmp,125
25941.bmp,126
25942.bmp,127
25943.bmp,128
25944.bmp,129
25945.bmp,130
25946.bmp,131
25947.bmp,132
25948.bmp,133
25949.bmp,134
25950.bmp,135
25951.bmp,136
25952.bmp,137
25953.bmp,138
25954.bmp,139
25955.bmp,140
25956.bmp,141
25957.bmp,142
25958.bmp,143
25959.bmp,144
25960.bmp,145
25961.bmp,146
25962.bmp,147
25963.bmp,148
25964.bmp,149
25965.bmp,150
25966.bmp,151
25967.bmp,152
25968.bmp,153
25969.bmp,154
25970.bmp,155
25971.bmp,80
25972.bmp,0
25973.bmp,1
25974.bmp,2
25975.bmp,3
25976.bmp,4
25977.bmp,5
25978.bmp,6
25979.bmp,7
25980.bmp,8
25981.bmp,9
25982.bmp,10
25983.bmp,11
25984.bmp,12
25985.bmp,13
25986.bmp,14
25987.bmp,15
25988.bmp,16
25989.bmp,17
25990.bmp,18
25991.bmp,19
25992.bmp,20
25993.bmp,21
25994.bmp,22
25995.bmp,23
25996.bmp,24
25997.bmp,25
25998.bmp,26
25999.bmp,27
26000.bmp,28
26001.bmp,29
26002.bmp,30
26003.bmp,31
26004.bmp,32
26005.bmp,33
26006.bmp,34
26007.bmp,35
26008.bmp,36
26009.bmp,37
26010.bmp,38
26011.bmp,39
26012.bmp,40
26013.bmp,41
26014.bmp,42
26015.bmp,43
26016.bmp,44
26017.bmp,45
26018.bmp,46
26019.bmp,47
26020.bmp,48
26021.bmp,49
26022.bmp,50
26023.bmp,51
26024.bmp,52
26025.bmp,53
26026.bmp,54
26027.bmp,55
26028.bmp,56
26029.bmp,57
26030.bmp,58
26031.bmp,59
26032.bmp,60
26033.bmp,61
26034.bmp,62
26035.bmp,63
26036.bmp,64
26037.bmp,65
26038.bmp,66
26039.bmp,67
26040.bmp,68
26041.bmp,69
26042.bmp,70
26043.bmp,71
26044.bmp,72
26045.bmp,73
26046.bmp,74
26047.bmp,75
26048.bmp,76
26049.bmp,77
26050.bmp,78
26051.bmp,79
26052.bmp,80
26053.bmp,81
26054.bmp,82
26055.bmp,83
26056.bmp,84
26057.bmp,85
26058.bmp,86
26059.bmp,87
26060.bmp,88
26061.bmp,89
26062.bmp,90
26063.bmp,91
26064.bmp,92
26065.bmp,93
26066.bmp,94
26067.bmp,95
26068.bmp,96
26069.bmp,97
26070.bmp,98
26071.bmp,99
26072.bmp,100
26073.bmp,101
26074.bmp,102
26075.bmp,103
26076.bmp,104
26077.bmp,105
26078.bmp,106
26079.bmp,107
26080.bmp,108
26081.bmp,109
26082.bmp,110
26083.bmp,111
26084.bmp,112
26085.bmp,113
26086.bmp,114
26087.bmp,115
26088.bmp,116
26089.bmp,117
26090.bmp,118
26091.bmp,119
26092.bmp,120
26093.bmp,121
26094.bmp,122
26095.bmp,123
26096.bmp,124
26097.bmp,125
26098.bmp,126
26099.bmp,127
26100.bmp,128
26101.bmp,129
26102.bmp,130
26103.bmp,131
26104.bmp,132
26105.bmp,133
26106.bmp,134
26107.bmp,135
26108.bmp,136
26109.bmp,137
26110.bmp,138
26111.bmp,139
26112.bmp,140
26113.bmp,141
26114.bmp,142
26115.bmp,143
26116.bmp,144
26117.bmp,145
26118.bmp,146
26119.bmp,147
26120.bmp,148
26121.bmp,149
26122.bmp,150
26123.bmp,151
26124.bmp,152
26125.bmp,153
26126.bmp,154
26127.bmp,155
26128.bmp,80
26129.bmp,0
26130.bmp,1
26131.bmp,2
26132.bmp,3
26133.bmp,4
26134.bmp,5
26135.bmp,6
26136.bmp,7
26137.bmp,8
26138.bmp,9
26139.bmp,10
26140.bmp,11
26141.bmp,12
26142.bmp,13
26143.bmp,14
26144.bmp,15
26145.bmp,16
26146.bmp,17
26147.bmp,18
26148.bmp,19
26149.bmp,20
26150.bmp,21
26151.bmp,22
26152.bmp,23
26153.bmp,24
26154.bmp,25
26155.bmp,26
26156.bmp,27
26157.bmp,28
26158.bmp,29
26159.bmp,30
26160.bmp,31
26161.bmp,32
26162.bmp,33
26163.bmp,34
26164.bmp,35
26165.bmp,36
26166.bmp,37
26167.bmp,38
26168.bmp,39
26169.bmp,40
26170.bmp,41
26171.bmp,42
26172.bmp,43
26173.bmp,44
26174.bmp,45
26175.bmp,46
26176.bmp,47
26177.bmp,48
26178.bmp,49
26179.bmp,50
26180.bmp,51
26181.bmp,52
26182.bmp,53
26183.bmp,54
26184.bmp,55
26185.bmp,56
26186.bmp,57
26187.bmp,58
26188.bmp,59
26189.bmp,60
26190.bmp,61
26191.bmp,62
26192.bmp,63
26193.bmp,64
26194.bmp,65
26195.bmp,66
26196.bmp,67
26197.bmp,68
26198.bmp,69
26199.bmp,70
26200.bmp,71
26201.bmp,72
26202.bmp,73
26203.bmp,74
26204.bmp,75
26205.bmp,76
26206.bmp,77
26207.bmp,78
26208.bmp,79
26209.bmp,80
26210.bmp,81
26211.bmp,82
26212.bmp,83
26213.bmp,84
26214.bmp,85
26215.bmp,86
26216.bmp,87
26217.bmp,88
26218.bmp,89
26219.bmp,90
26220.bmp,91
26221.bmp,92
26222.bmp,93
26223.bmp,94
26224.bmp,95
26225.bmp,96
26226.bmp,97
26227.bmp,98
26228.bmp,99
26229.bmp,100
26230.bmp,101
26231.bmp,102
26232.bmp,103
26233.bmp,104
26234.bmp,105
26235.bmp,106
26236.bmp,107
26237.bmp,108
26238.bmp,109
26239.bmp,110
26240.bmp,111
26241.bmp,112
26242.bmp,113
26243.bmp,114
26244.bmp,115
26245.bmp,116
26246.bmp,117
26247.bmp,118
26248.bmp,119
26249.bmp,120
26250.bmp,121
26251.bmp,122
26252.bmp,123
26253.bmp,124
26254.bmp,125
26255.bmp,126
26256.bmp,127
26257.bmp,128
26258.bmp,129
26259.bmp,130
26260.bmp,131
26261.bmp,132
26262.bmp,133
26263.bmp,134
26264.bmp,135
26265.bmp,136
26266.bmp,137
26267.bmp,138
26268.bmp,139
26269.bmp,140
26270.bmp,141
26271.bmp,142
26272.bmp,143
26273.bmp,144
26274.bmp,145
26275.bmp,146
26276.bmp,147
26277.bmp,148
26278.bmp,149
26279.bmp,150
26280.bmp,151
26281.bmp,152
26282.bmp,153
26283.bmp,154
26284.bmp,155
26285.bmp,80
26286.bmp,0
26287.bmp,1
26288.bmp,2
26289.bmp,3
26290.bmp,4
26291.bmp,5
26292.bmp,6
26293.bmp,7
26294.bmp,8
26295.bmp,9
26296.bmp,10
26297.bmp,11
26298.bmp,12
26299.bmp,13
26300.bmp,14
26301.bmp,15
26302.bmp,16
26303.bmp,17
26304.bmp,18
26305.bmp,19
26306.bmp,20
26307.bmp,21
26308.bmp,22
26309.bmp,23
26310.bmp,24
26311.bmp,25
26312.bmp,26
26313.bmp,27
26314.bmp,28
26315.bmp,29
26316.bmp,30
26317.bmp,31
26318.bmp,32
26319.bmp,33
26320.bmp,34
26321.bmp,35
26322.bmp,36
26323.bmp,37
26324.bmp,38
26325.bmp,39
26326.bmp,40
26327.bmp,41
26328.bmp,42
26329.bmp,43
26330.bmp,44
26331.bmp,45
26332.bmp,46
26333.bmp,47
26334.bmp,48
26335.bmp,49
26336.bmp,50
26337.bmp,51
26338.bmp,52
26339.bmp,53
26340.bmp,54
26341.bmp,55
26342.bmp,56
26343.bmp,57
26344.bmp,58
26345.bmp,59
26346.bmp,60
26347.bmp,61
26348.bmp,62
26349.bmp,63
26350.bmp,64
26351.bmp,65
26352.bmp,66
26353.bmp,67
26354.bmp,68
26355.bmp,69
26356.bmp,70
26357.bmp,71
26358.bmp,72
26359.bmp,73
26360.bmp,74
26361.bmp,75
26362.bmp,76
26363.bmp,77
26364.bmp,78
26365.bmp,79
26366.bmp,80
26367.bmp,81
26368.bmp,82
26369.bmp,83
26370.bmp,84
26371.bmp,85
26372.bmp,86
26373.bmp,87
26374.bmp,88
26375.bmp,89
26376.bmp,90
26377.bmp,91
26378.bmp,92
26379.bmp,93
26380.bmp,94
26381.bmp,95
26382.bmp,96
26383.bmp,97
26384.bmp,98
26385.bmp,99
26386.bmp,100
26387.bmp,101
26388.bmp,102
26389.bmp,103
26390.bmp,104
26391.bmp,105
26392.bmp,106
26393.bmp,107
26394.bmp,108
26395.bmp,109
26396.bmp,110
26397.bmp,111
26398.bmp,112
26399.bmp,113
26400.bmp,114
26401.bmp,115
26402.bmp,116
26403.bmp,117
26404.bmp,118
26405.bmp,119
26406.bmp,120
26407.bmp,121
26408.bmp,122
26409.bmp,123
26410.bmp,124
26411.bmp,125
26412.bmp,126
26413.bmp,127
26414.bmp,128
26415.bmp,129
26416.bmp,130
26417.bmp,131
26418.bmp,132
26419.bmp,133
26420.bmp,134
26421.bmp,135
26422.bmp,136
26423.bmp,137
26424.bmp,138
26425.bmp,139
26426.bmp,140
26427.bmp,141
26428.bmp,142
26429.bmp,143
26430.bmp,144
26431.bmp,145
26432.bmp,146
26433.bmp,147
26434.bmp,148
26435.bmp,149
26436.bmp,150
26437.bmp,151
26438.bmp,152
26439.bmp,153
26440.bmp,154
26441.bmp,155
26442.bmp,80
26443.bmp,0
26444.bmp,1
26445.bmp,2
26446.bmp,3
26447.bmp,4
26448.bmp,5
26449.bmp,6
26450.bmp,7
26451.bmp,8
26452.bmp,9
26453.bmp,10
26454.bmp,11
26455.bmp,12
26456.bmp,13
26457.bmp,14
26458.bmp,15
26459.bmp,16
26460.bmp,17
26461.bmp,18
26462.bmp,19
26463.bmp,20
26464.bmp,21
26465.bmp,22
26466.bmp,23
26467.bmp,24
26468.bmp,25
26469.bmp,26
26470.bmp,27
26471.bmp,28
26472.bmp,29
26473.bmp,30
26474.bmp,31
26475.bmp,32
26476.bmp,33
26477.bmp,34
26478.bmp,35
26479.bmp,36
26480.bmp,37
26481.bmp,38
26482.bmp,39
26483.bmp,40
26484.bmp,41
26485.bmp,42
26486.bmp,43
26487.bmp,44
26488.bmp,45
26489.bmp,46
26490.bmp,47
26491.bmp,48
26492.bmp,49
26493.bmp,50
26494.bmp,51
26495.bmp,52
26496.bmp,53
26497.bmp,54
26498.bmp,55
26499.bmp,56
26500.bmp,57
26501.bmp,58
26502.bmp,59
26503.bmp,60
26504.bmp,61
26505.bmp,62
26506.bmp,63
26507.bmp,64
26508.bmp,65
26509.bmp,66
26510.bmp,67
26511.bmp,68
26512.bmp,69
26513.bmp,70
26514.bmp,71
26515.bmp,72
26516.bmp,73
26517.bmp,74
26518.bmp,75
26519.bmp,76
26520.bmp,77
26521.bmp,78
26522.bmp,79
26523.bmp,80
26524.bmp,81
26525.bmp,82
26526.bmp,83
26527.bmp,84
26528.bmp,85
26529.bmp,86
26530.bmp,87
26531.bmp,88
26532.bmp,89
26533.bmp,90
26534.bmp,91
26535.bmp,92
26536.bmp,93
26537.bmp,94
26538.bmp,95
26539.bmp,96
26540.bmp,97
26541.bmp,98
26542.bmp,99
26543.bmp,100
26544.bmp,101
26545.bmp,102
26546.bmp,103
26547.bmp,104
26548.bmp,105
26549.bmp,106
26550.bmp,107
26551.bmp,108
26552.bmp,109
26553.bmp,110
26554.bmp,111
26555.bmp,112
26556.bmp,113
26557.bmp,114
26558.bmp,115
26559.bmp,116
26560.bmp,117
26561.bmp,118
26562.bmp,119
26563.bmp,120
26564.bmp,121
26565.bmp,122
26566.bmp,123
26567.bmp,124
26568.bmp,125
26569.bmp,126
26570.bmp,127
26571.bmp,128
26572.bmp,129
26573.bmp,130
26574.bmp,131
26575.bmp,132
26576.bmp,133
26577.bmp,134
26578.bmp,135
26579.bmp,136
26580.bmp,137
26581.bmp,138
26582.bmp,139
26583.bmp,140
26584.bmp,141
26585.bmp,142
26586.bmp,143
26587.bmp,144
26588.bmp,145
26589.bmp,146
26590.bmp,147
26591.bmp,148
26592.bmp,149
26593.bmp,150
26594.bmp,151
26595.bmp,152
26596.bmp,153
26597.bmp,154
26598.bmp,155
26599.bmp,80
26600.bmp,0
26601.bmp,1
26602.bmp,2
26603.bmp,3
26604.bmp,4
26605.bmp,5
26606.bmp,6
26607.bmp,7
26608.bmp,8
26609.bmp,9
26610.bmp,10
26611.bmp,11
26612.bmp,12
26613.bmp,13
26614.bmp,14
26615.bmp,15
26616.bmp,16
26617.bmp,17
26618.bmp,18
26619.bmp,19
26620.bmp,20
26621.bmp,21
26622.bmp,22
26623.bmp,23
26624.bmp,24
26625.bmp,25
26626.bmp,26
26627.bmp,27
26628.bmp,28
26629.bmp,29
26630.bmp,30
26631.bmp,31
26632.bmp,32
26633.bmp,33
26634.bmp,34
26635.bmp,35
26636.bmp,36
26637.bmp,37
26638.bmp,38
26639.bmp,39
26640.bmp,40
26641.bmp,41
26642.bmp,42
26643.bmp,43
26644.bmp,44
26645.bmp,45
26646.bmp,46
26647.bmp,47
26648.bmp,48
26649.bmp,49
26650.bmp,50
26651.bmp,51
26652.bmp,52
26653.bmp,53
26654.bmp,54
26655.bmp,55
26656.bmp,56
26657.bmp,57
26658.bmp,58
26659.bmp,59
26660.bmp,60
26661.bmp,61
26662.bmp,62
26663.bmp,63
26664.bmp,64
26665.bmp,65
26666.bmp,66
26667.bmp,67
26668.bmp,68
26669.bmp,69
26670.bmp,70
26671.bmp,71
26672.bmp,72
26673.bmp,73
26674.bmp,74
26675.bmp,75
26676.bmp,76
26677.bmp,77
26678.bmp,78
26679.bmp,79
26680.bmp,80
26681.bmp,81
26682.bmp,82
26683.bmp,83
26684.bmp,84
26685.bmp,85
26686.bmp,86
26687.bmp,87
26688.bmp,88
26689.bmp,89
26690.bmp,90
26691.bmp,91
26692.bmp,92
26693.bmp,93
26694.bmp,94
26695.bmp,95
26696.bmp,96
26697.bmp,97
26698.bmp,98
26699.bmp,99
26700.bmp,100
26701.bmp,101
26702.bmp,102
26703.bmp,103
26704.bmp,104
26705.bmp,105
26706.bmp,106
26707.bmp,107
26708.bmp,108
26709.bmp,109
26710.bmp,110
26711.bmp,111
26712.bmp,112
26713.bmp,113
26714.bmp,114
26715.bmp,115
26716.bmp,116
26717.bmp,117
26718.bmp,118
26719.bmp,119
26720.bmp,120
26721.bmp,121
26722.bmp,122
26723.bmp,123
26724.bmp,124
26725.bmp,125
26726.bmp,126
26727.bmp,127
26728.bmp,128
26729.bmp,129
26730.bmp,130
26731.bmp,131
26732.bmp,132
26733.bmp,133
26734.bmp,134
26735.bmp,135
26736.bmp,136
26737.bmp,137
26738.bmp,138
26739.bmp,139
26740.bmp,140
26741.bmp,141
26742.bmp,142
26743.bmp,143
26744.bmp,144
26745.bmp,145
26746.bmp,146
26747.bmp,147
26748.bmp,148
26749.bmp,149
26750.bmp,150
26751.bmp,151
26752.bmp,152
26753.bmp,153
26754.bmp,154
26755.bmp,155
26756.bmp,80
26757.bmp,0
26758.bmp,1
26759.bmp,2
26760.bmp,3
26761.bmp,4
26762.bmp,5
26763.bmp,6
26764.bmp,7
26765.bmp,8
26766.bmp,9
26767.bmp,10
26768.bmp,11
26769.bmp,12
26770.bmp,13
26771.bmp,14
26772.bmp,15
26773.bmp,16
26774.bmp,17
26775.bmp,18
26776.bmp,19
26777.bmp,20
26778.bmp,21
26779.bmp,22
26780.bmp,23
26781.bmp,24
26782.bmp,25
26783.bmp,26
26784.bmp,27
26785.bmp,28
26786.bmp,29
26787.bmp,30
26788.bmp,31
26789.bmp,32
26790.bmp,33
26791.bmp,34
26792.bmp,35
26793.bmp,36
26794.bmp,37
26795.bmp,38
26796.bmp,39
26797.bmp,40
26798.bmp,41
26799.bmp,42
26800.bmp,43
26801.bmp,44
26802.bmp,45
26803.bmp,46
26804.bmp,47
26805.bmp,48
26806.bmp,49
26807.bmp,50
26808.bmp,51
26809.bmp,52
26810.bmp,53
26811.bmp,54
26812.bmp,55
26813.bmp,56
26814.bmp,57
26815.bmp,58
26816.bmp,59
26817.bmp,60
26818.bmp,61
26819.bmp,62
26820.bmp,63
26821.bmp,64
26822.bmp,65
26823.bmp,66
26824.bmp,67
26825.bmp,68
26826.bmp,69
26827.bmp,70
26828.bmp,71
26829.bmp,72
26830.bmp,73
26831.bmp,74
26832.bmp,75
26833.bmp,76
26834.bmp,77
26835.bmp,78
26836.bmp,79
26837.bmp,80
26838.bmp,81
26839.bmp,82
26840.bmp,83
26841.bmp,84
26842.bmp,85
26843.bmp,86
26844.bmp,87
26845.bmp,88
26846.bmp,89
26847.bmp,90
26848.bmp,91
26849.bmp,92
26850.bmp,93
26851.bmp,94
26852.bmp,95
26853.bmp,96
26854.bmp,97
26855.bmp,98
26856.bmp,99
26857.bmp,100
26858.bmp,101
26859.bmp,102
26860.bmp,103
26861.bmp,104
26862.bmp,105
26863.bmp,106
26864.bmp,107
26865.bmp,108
26866.bmp,109
26867.bmp,110
26868.bmp,111
26869.bmp,112
26870.bmp,113
26871.bmp,114
26872.bmp,115
26873.bmp,116
26874.bmp,117
26875.bmp,118
26876.bmp,119
26877.bmp,120
26878.bmp,121
26879.bmp,122
26880.bmp,123
26881.bmp,124
26882.bmp,125
26883.bmp,126
26884.bmp,127
26885.bmp,128
26886.bmp,129
26887.bmp,130
26888.bmp,131
26889.bmp,132
26890.bmp,133
26891.bmp,134
26892.bmp,135
26893.bmp,136
26894.bmp,137
26895.bmp,138
26896.bmp,139
26897.bmp,140
26898.bmp,141
26899.bmp,142
26900.bmp,143
26901.bmp,144
26902.bmp,145
26903.bmp,146
26904.bmp,147
26905.bmp,148
26906.bmp,149
26907.bmp,150
26908.bmp,151
26909.bmp,152
26910.bmp,153
26911.bmp,154
26912.bmp,155
26913.bmp,80
26914.bmp,0
26915.bmp,1
26916.bmp,2
26917.bmp,3
26918.bmp,4
26919.bmp,5
26920.bmp,6
26921.bmp,7
26922.bmp,8
26923.bmp,9
26924.bmp,10
26925.bmp,11
26926.bmp,12
26927.bmp,13
26928.bmp,14
26929.bmp,15
26930.bmp,16
26931.bmp,17
26932.bmp,18
26933.bmp,19
26934.bmp,20
26935.bmp,21
26936.bmp,22
26937.bmp,23
26938.bmp,24
26939.bmp,25
26940.bmp,26
26941.bmp,27
26942.bmp,28
26943.bmp,29
26944.bmp,30
26945.bmp,31
26946.bmp,32
26947.bmp,33
26948.bmp,34
26949.bmp,35
26950.bmp,36
26951.bmp,37
26952.bmp,38
26953.bmp,39
26954.bmp,40
26955.bmp,41
26956.bmp,42
26957.bmp,43
26958.bmp,44
26959.bmp,45
26960.bmp,46
26961.bmp,47
26962.bmp,48
26963.bmp,49
26964.bmp,50
26965.bmp,51
26966.bmp,52
26967.bmp,53
26968.bmp,54
26969.bmp,55
26970.bmp,56
26971.bmp,57
26972.bmp,58
26973.bmp,59
26974.bmp,60
26975.bmp,61
26976.bmp,62
26977.bmp,63
26978.bmp,64
26979.bmp,65
26980.bmp,66
26981.bmp,67
26982.bmp,68
26983.bmp,69
26984.bmp,70
26985.bmp,71
26986.bmp,72
26987.bmp,73
26988.bmp,74
26989.bmp,75
26990.bmp,76
26991.bmp,77
26992.bmp,78
26993.bmp,79
26994.bmp,80
26995.bmp,81
26996.bmp,82
26997.bmp,83
26998.bmp,84
26999.bmp,85
27000.bmp,86
27001.bmp,87
27002.bmp,88
27003.bmp,89
27004.bmp,90
27005.bmp,91
27006.bmp,92
27007.bmp,93
27008.bmp,94
27009.bmp,95
27010.bmp,96
27011.bmp,97
27012.bmp,98
27013.bmp,99
27014.bmp,100
27015.bmp,101
27016.bmp,102
27017.bmp,103
27018.bmp,104
27019.bmp,105
27020.bmp,106
27021.bmp,107
27022.bmp,108
27023.bmp,109
27024.bmp,110
27025.bmp,111
27026.bmp,112
27027.bmp,113
27028.bmp,114
27029.bmp,115
27030.bmp,116
27031.bmp,117
27032.bmp,118
27033.bmp,119
27034.bmp,120
27035.bmp,121
27036.bmp,122
27037.bmp,123
27038.bmp,124
27039.bmp,125
27040.bmp,126
27041.bmp,127
27042.bmp,128
27043.bmp,129
27044.bmp,130
27045.bmp,131
27046.bmp,132
27047.bmp,133
27048.bmp,134
27049.bmp,135
27050.bmp,136
27051.bmp,137
27052.bmp,138
27053.bmp,139
27054.bmp,140
27055.bmp,141
27056.bmp,142
27057.bmp,143
27058.bmp,144
27059.bmp,145
27060.bmp,146
27061.bmp,147
27062.bmp,148
27063.bmp,149
27064.bmp,150
27065.bmp,151
27066.bmp,152
27067.bmp,153
27068.bmp,154
27069.bmp,155
27070.bmp,80
27071.bmp,0
27072.bmp,1
27073.bmp,2
27074.bmp,3
27075.bmp,4
27076.bmp,5
27077.bmp,6
27078.bmp,7
27079.bmp,8
27080.bmp,9
27081.bmp,10
27082.bmp,11
27083.bmp,12
27084.bmp,13
27085.bmp,14
27086.bmp,15
27087.bmp,16
27088.bmp,17
27089.bmp,18
27090.bmp,19
27091.bmp,20
27092.bmp,21
27093.bmp,22
27094.bmp,23
27095.bmp,24
27096.bmp,25
27097.bmp,26
27098.bmp,27
27099.bmp,28
27100.bmp,29
27101.bmp,30
27102.bmp,31
27103.bmp,32
27104.bmp,33
27105.bmp,34
27106.bmp,35
27107.bmp,36
27108.bmp,37
27109.bmp,38
27110.bmp,39
27111.bmp,40
27112.bmp,41
27113.bmp,42
27114.bmp,43
27115.bmp,44
27116.bmp,45
27117.bmp,46
27118.bmp,47
27119.bmp,48
27120.bmp,49
27121.bmp,50
27122.bmp,51
27123.bmp,52
27124.bmp,53
27125.bmp,54
27126.bmp,55
27127.bmp,56
27128.bmp,57
27129.bmp,58
27130.bmp,59
27131.bmp,60
27132.bmp,61
27133.bmp,62
27134.bmp,63
27135.bmp,64
27136.bmp,65
27137.bmp,66
27138.bmp,67
27139.bmp,68
27140.bmp,69
27141.bmp,70
27142.bmp,71
27143.bmp,72
27144.bmp,73
27145.bmp,74
27146.bmp,75
27147.bmp,76
27148.bmp,77
27149.bmp,78
27150.bmp,79
27151.bmp,80
27152.bmp,81
27153.bmp,82
27154.bmp,83
27155.bmp,84
27156.bmp,85
27157.bmp,86
27158.bmp,87
27159.bmp,88
27160.bmp,89
27161.bmp,90
27162.bmp,91
27163.bmp,92
27164.bmp,93
27165.bmp,94
27166.bmp,95
27167.bmp,96
27168.bmp,97
27169.bmp,98
27170.bmp,99
27171.bmp,100
27172.bmp,101
27173.bmp,102
27174.bmp,103
27175.bmp,104
27176.bmp,105
27177.bmp,106
27178.bmp,107
27179.bmp,108
27180.bmp,109
27181.bmp,110
27182.bmp,111
27183.bmp,112
27184.bmp,113
27185.bmp,114
27186.bmp,115
27187.bmp,116
27188.bmp,117
27189.bmp,118
27190.bmp,119
27191.bmp,120
27192.bmp,121
27193.bmp,122
27194.bmp,123
27195.bmp,124
27196.bmp,125
27197.bmp,126
27198.bmp,127
27199.bmp,128
27200.bmp,129
27201.bmp,130
27202.bmp,131
27203.bmp,132
27204.bmp,133
27205.bmp,134
27206.bmp,135
27207.bmp,136
27208.bmp,137
27209.bmp,138
27210.bmp,139
27211.bmp,140
27212.bmp,141
27213.bmp,142
27214.bmp,143
27215.bmp,144
27216.bmp,145
27217.bmp,146
27218.bmp,147
27219.bmp,148
27220.bmp,149
27221.bmp,150
27222.bmp,151
27223.bmp,152
27224.bmp,153
27225.bmp,154
27226.bmp,155
27227.bmp,80
27228.bmp,0
27229.bmp,1
27230.bmp,2
27231.bmp,3
27232.bmp,4
27233.bmp,5
27234.bmp,6
27235.bmp,7
27236.bmp,8
27237.bmp,9
27238.bmp,10
27239.bmp,11
27240.bmp,12
27241.bmp,13
27242.bmp,14
27243.bmp,15
27244.bmp,16
27245.bmp,17
27246.bmp,18
27247.bmp,19
27248.bmp,20
27249.bmp,21
27250.bmp,22
27251.bmp,23
27252.bmp,24
27253.bmp,25
27254.bmp,26
27255.bmp,27
27256.bmp,28
27257.bmp,29
27258.bmp,30
27259.bmp,31
27260.bmp,32
27261.bmp,33
27262.bmp,34
27263.bmp,35
27264.bmp,36
27265.bmp,37
27266.bmp,38
27267.bmp,39
27268.bmp,40
27269.bmp,41
27270.bmp,42
27271.bmp,43
27272.bmp,44
27273.bmp,45
27274.bmp,46
27275.bmp,47
27276.bmp,48
27277.bmp,49
27278.bmp,50
27279.bmp,51
27280.bmp,52
27281.bmp,53
27282.bmp,54
27283.bmp,55
27284.bmp,56
27285.bmp,57
27286.bmp,58
27287.bmp,59
27288.bmp,60
27289.bmp,61
27290.bmp,62
27291.bmp,63
27292.bmp,64
27293.bmp,65
27294.bmp,66
27295.bmp,67
27296.bmp,68
27297.bmp,69
27298.bmp,70
27299.bmp,71
27300.bmp,72
27301.bmp,73
27302.bmp,74
27303.bmp,75
27304.bmp,76
27305.bmp,77
27306.bmp,78
27307.bmp,79
27308.bmp,80
27309.bmp,81
27310.bmp,82
27311.bmp,83
27312.bmp,84
27313.bmp,85
27314.bmp,86
27315.bmp,87
27316.bmp,88
27317.bmp,89
27318.bmp,90
27319.bmp,91
27320.bmp,92
27321.bmp,93
27322.bmp,94
27323.bmp,95
27324.bmp,96
27325.bmp,97
27326.bmp,98
27327.bmp,99
27328.bmp,100
27329.bmp,101
27330.bmp,102
27331.bmp,103
27332.bmp,104
27333.bmp,105
27334.bmp,106
27335.bmp,107
27336.bmp,108
27337.bmp,109
27338.bmp,110
27339.bmp,111
27340.bmp,112
27341.bmp,113
27342.bmp,114
27343.bmp,115
27344.bmp,116
27345.bmp,117
27346.bmp,118
27347.bmp,119
27348.bmp,120
27349.bmp,121
27350.bmp,122
27351.bmp,123
27352.bmp,124
27353.bmp,125
27354.bmp,126
27355.bmp,127
27356.bmp,128
27357.bmp,129
27358.bmp,130
27359.bmp,131
27360.bmp,132
27361.bmp,133
27362.bmp,134
27363.bmp,135
27364.bmp,136
27365.bmp,137
27366.bmp,138
27367.bmp,139
27368.bmp,140
27369.bmp,141
27370.bmp,142
27371.bmp,143
27372.bmp,144
27373.bmp,145
27374.bmp,146
27375.bmp,147
27376.bmp,148
27377.bmp,149
27378.bmp,150
27379.bmp,151
27380.bmp,152
27381.bmp,153
27382.bmp,154
27383.bmp,155
27384.bmp,80
27385.bmp,0
27386.bmp,1
27387.bmp,2
27388.bmp,3
27389.bmp,4
27390.bmp,5
27391.bmp,6
27392.bmp,7
27393.bmp,8
27394.bmp,9
27395.bmp,10
27396.bmp,11
27397.bmp,12
27398.bmp,13
27399.bmp,14
27400.bmp,15
27401.bmp,16
27402.bmp,17
27403.bmp,18
27404.bmp,19
27405.bmp,20
27406.bmp,21
27407.bmp,22
27408.bmp,23
27409.bmp,24
27410.bmp,25
27411.bmp,26
27412.bmp,27
27413.bmp,28
27414.bmp,29
27415.bmp,30
27416.bmp,31
27417.bmp,32
27418.bmp,33
27419.bmp,34
27420.bmp,35
27421.bmp,36
27422.bmp,37
27423.bmp,38
27424.bmp,39
27425.bmp,40
27426.bmp,41
27427.bmp,42
27428.bmp,43
27429.bmp,44
27430.bmp,45
27431.bmp,46
27432.bmp,47
27433.bmp,48
27434.bmp,49
27435.bmp,50
27436.bmp,51
27437.bmp,52
27438.bmp,53
27439.bmp,54
27440.bmp,55
27441.bmp,56
27442.bmp,57
27443.bmp,58
27444.bmp,59
27445.bmp,60
27446.bmp,61
27447.bmp,62
27448.bmp,63
27449.bmp,64
27450.bmp,65
27451.bmp,66
27452.bmp,67
27453.bmp,68
27454.bmp,69
27455.bmp,70
27456.bmp,71
27457.bmp,72
27458.bmp,73
27459.bmp,74
27460.bmp,75
27461.bmp,76
27462.bmp,77
27463.bmp,78
27464.bmp,79
27465.bmp,80
27466.bmp,81
27467.bmp,82
27468.bmp,83
27469.bmp,84
27470.bmp,85
27471.bmp,86
27472.bmp,87
27473.bmp,88
27474.bmp,89
27475.bmp,90
27476.bmp,91
27477.bmp,92
27478.bmp,93
27479.bmp,94
27480.bmp,95
27481.bmp,96
27482.bmp,97
27483.bmp,98
27484.bmp,99
27485.bmp,100
27486.bmp,101
27487.bmp,102
27488.bmp,103
27489.bmp,104
27490.bmp,105
27491.bmp,106
27492.bmp,107
27493.bmp,108
27494.bmp,109
27495.bmp,110
27496.bmp,111
27497.bmp,112
27498.bmp,113
27499.bmp,114
27500.bmp,115
27501.bmp,116
27502.bmp,117
27503.bmp,118
27504.bmp,119
27505.bmp,120
27506.bmp,121
27507.bmp,122
27508.bmp,123
27509.bmp,124
27510.bmp,125
27511.bmp,126
27512.bmp,127
27513.bmp,128
27514.bmp,129
27515.bmp,130
27516.bmp,131
27517.bmp,132
27518.bmp,133
27519.bmp,134
27520.bmp,135
27521.bmp,136
27522.bmp,137
27523.bmp,138
27524.bmp,139
27525.bmp,140
27526.bmp,141
27527.bmp,142
27528.bmp,143
27529.bmp,144
27530.bmp,145
27531.bmp,146
27532.bmp,147
27533.bmp,148
27534.bmp,149
27535.bmp,150
27536.bmp,151
27537.bmp,152
27538.bmp,153
27539.bmp,154
27540.bmp,155
27541.bmp,80
27542.bmp,0
27543.bmp,1
27544.bmp,2
27545.bmp,3
27546.bmp,4
27547.bmp,5
27548.bmp,6
27549.bmp,7
27550.bmp,8
27551.bmp,9
27552.bmp,10
27553.bmp,11
27554.bmp,12
27555.bmp,13
27556.bmp,14
27557.bmp,15
27558.bmp,16
27559.bmp,17
27560.bmp,18
27561.bmp,19
27562.bmp,20
27563.bmp,21
27564.bmp,22
27565.bmp,23
27566.bmp,24
27567.bmp,25
27568.bmp,26
27569.bmp,27
27570.bmp,28
27571.bmp,29
27572.bmp,30
27573.bmp,31
27574.bmp,32
27575.bmp,33
27576.bmp,34
27577.bmp,35
27578.bmp,36
27579.bmp,37
27580.bmp,38
27581.bmp,39
27582.bmp,40
27583.bmp,41
27584.bmp,42
27585.bmp,43
27586.bmp,44
27587.bmp,45
27588.bmp,46
27589.bmp,47
27590.bmp,48
27591.bmp,49
27592.bmp,50
27593.bmp,51
27594.bmp,52
27595.bmp,53
27596.bmp,54
27597.bmp,55
27598.bmp,56
27599.bmp,57
27600.bmp,58
27601.bmp,59
27602.bmp,60
27603.bmp,61
27604.bmp,62
27605.bmp,63
27606.bmp,64
27607.bmp,65
27608.bmp,66
27609.bmp,67
27610.bmp,68
27611.bmp,69
27612.bmp,70
27613.bmp,71
27614.bmp,72
27615.bmp,73
27616.bmp,74
27617.bmp,75
27618.bmp,76
27619.bmp,77
27620.bmp,78
27621.bmp,79
27622.bmp,80
27623.bmp,81
27624.bmp,82
27625.bmp,83
27626.bmp,84
27627.bmp,85
27628.bmp,86
27629.bmp,87
27630.bmp,88
27631.bmp,89
27632.bmp,90
27633.bmp,91
27634.bmp,92
27635.bmp,93
27636.bmp,94
27637.bmp,95
27638.bmp,96
27639.bmp,97
27640.bmp,98
27641.bmp,99
27642.bmp,100
27643.bmp,101
27644.bmp,102
27645.bmp,103
27646.bmp,104
27647.bmp,105
27648.bmp,106
27649.bmp,107
27650.bmp,108
27651.bmp,109
27652.bmp,110
27653.bmp,111
27654.bmp,112
27655.bmp,113
27656.bmp,114
27657.bmp,115
27658.bmp,116
27659.bmp,117
27660.bmp,118
27661.bmp,119
27662.bmp,120
27663.bmp,121
27664.bmp,122
27665.bmp,123
27666.bmp,124
27667.bmp,125
27668.bmp,126
27669.bmp,127
27670.bmp,128
27671.bmp,129
27672.bmp,130
27673.bmp,131
27674.bmp,132
27675.bmp,133
27676.bmp,134
27677.bmp,135
27678.bmp,136
27679.bmp,137
27680.bmp,138
27681.bmp,139
27682.bmp,140
27683.bmp,141
27684.bmp,142
27685.bmp,143
27686.bmp,144
27687.bmp,145
27688.bmp,146
27689.bmp,147
27690.bmp,148
27691.bmp,149
27692.bmp,150
27693.bmp,151
27694.bmp,152
27695.bmp,153
27696.bmp,154
27697.bmp,155
27698.bmp,80
27699.bmp,0
27700.bmp,1
27701.bmp,2
27702.bmp,3
27703.bmp,4
27704.bmp,5
27705.bmp,6
27706.bmp,7
27707.bmp,8
27708.bmp,9
27709.bmp,10
27710.bmp,11
27711.bmp,12
27712.bmp,13
27713.bmp,14
27714.bmp,15
27715.bmp,16
27716.bmp,17
27717.bmp,18
27718.bmp,19
27719.bmp,20
27720.bmp,21
27721.bmp,22
27722.bmp,23
27723.bmp,24
27724.bmp,25
27725.bmp,26
27726.bmp,27
27727.bmp,28
27728.bmp,29
27729.bmp,30
27730.bmp,31
27731.bmp,32
27732.bmp,33
27733.bmp,34
27734.bmp,35
27735.bmp,36
27736.bmp,37
27737.bmp,38
27738.bmp,39
27739.bmp,40
27740.bmp,41
27741.bmp,42
27742.bmp,43
27743.bmp,44
27744.bmp,45
27745.bmp,46
27746.bmp,47
27747.bmp,48
27748.bmp,49
27749.bmp,50
27750.bmp,51
27751.bmp,52
27752.bmp,53
27753.bmp,54
27754.bmp,55
27755.bmp,56
27756.bmp,57
27757.bmp,58
27758.bmp,59
27759.bmp,60
27760.bmp,61
27761.bmp,62
27762.bmp,63
27763.bmp,64
27764.bmp,65
27765.bmp,66
27766.bmp,67
27767.bmp,68
27768.bmp,69
27769.bmp,70
27770.bmp,71
27771.bmp,72
27772.bmp,73
27773.bmp,74
27774.bmp,75
27775.bmp,76
27776.bmp,77
27777.bmp,78
27778.bmp,79
27779.bmp,80
27780.bmp,81
27781.bmp,82
27782.bmp,83
27783.bmp,84
27784.bmp,85
27785.bmp,86
27786.bmp,87
27787.bmp,88
27788.bmp,89
27789.bmp,90
27790.bmp,91
27791.bmp,92
27792.bmp,93
27793.bmp,94
27794.bmp,95
27795.bmp,96
27796.bmp,97
27797.bmp,98
27798.bmp,99
27799.bmp,100
27800.bmp,101
27801.bmp,102
27802.bmp,103
27803.bmp,104
27804.bmp,105
27805.bmp,106
27806.bmp,107
27807.bmp,108
27808.bmp,109
27809.bmp,110
27810.bmp,111
27811.bmp,112
27812.bmp,113
27813.bmp,114
27814.bmp,115
27815.bmp,116
27816.bmp,117
27817.bmp,118
27818.bmp,119
27819.bmp,120
27820.bmp,121
27821.bmp,122
27822.bmp,123
27823.bmp,124
27824.bmp,125
27825.bmp,126
27826.bmp,127
27827.bmp,128
27828.bmp,129
27829.bmp,130
27830.bmp,131
27831.bmp,132
27832.bmp,133
27833.bmp,134
27834.bmp,135
27835.bmp,136
27836.bmp,137
27837.bmp,138
27838.bmp,139
27839.bmp,140
27840.bmp,141
27841.bmp,142
27842.bmp,143
27843.bmp,144
27844.bmp,145
27845.bmp,146
27846.bmp,147
27847.bmp,148
27848.bmp,149
27849.bmp,150
27850.bmp,151
27851.bmp,152
27852.bmp,153
27853.bmp,154
27854.bmp,155
27855.bmp,80
27856.bmp,0
27857.bmp,1
27858.bmp,2
27859.bmp,3
27860.bmp,4
27861.bmp,5
27862.bmp,6
27863.bmp,7
27864.bmp,8
27865.bmp,9
27866.bmp,10
27867.bmp,11
27868.bmp,12
27869.bmp,13
27870.bmp,14
27871.bmp,15
27872.bmp,16
27873.bmp,17
27874.bmp,18
27875.bmp,19
27876.bmp,20
27877.bmp,21
27878.bmp,22
27879.bmp,23
27880.bmp,24
27881.bmp,25
27882.bmp,26
27883.bmp,27
27884.bmp,28
27885.bmp,29
27886.bmp,30
27887.bmp,31
27888.bmp,32
27889.bmp,33
27890.bmp,34
27891.bmp,35
27892.bmp,36
27893.bmp,37
27894.bmp,38
27895.bmp,39
27896.bmp,40
27897.bmp,41
27898.bmp,42
27899.bmp,43
27900.bmp,44
27901.bmp,45
27902.bmp,46
27903.bmp,47
27904.bmp,48
27905.bmp,49
27906.bmp,50
27907.bmp,51
27908.bmp,52
27909.bmp,53
27910.bmp,54
27911.bmp,55
27912.bmp,56
27913.bmp,57
27914.bmp,58
27915.bmp,59
27916.bmp,60
27917.bmp,61
27918.bmp,62
27919.bmp,63
27920.bmp,64
27921.bmp,65
27922.bmp,66
27923.bmp,67
27924.bmp,68
27925.bmp,69
27926.bmp,70
27927.bmp,71
27928.bmp,72
27929.bmp,73
27930.bmp,74
27931.bmp,75
27932.bmp,76
27933.bmp,77
27934.bmp,78
27935.bmp,79
27936.bmp,80
27937.bmp,81
27938.bmp,82
27939.bmp,83
27940.bmp,84
27941.bmp,85
27942.bmp,86
27943.bmp,87
27944.bmp,88
27945.bmp,89
27946.bmp,90
27947.bmp,91
27948.bmp,92
27949.bmp,93
27950.bmp,94
27951.bmp,95
27952.bmp,96
27953.bmp,97
27954.bmp,98
27955.bmp,99
27956.bmp,100
27957.bmp,101
27958.bmp,102
27959.bmp,103
27960.bmp,104
27961.bmp,105
27962.bmp,106
27963.bmp,107
27964.bmp,108
27965.bmp,109
27966.bmp,110
27967.bmp,111
27968.bmp,112
27969.bmp,113
27970.bmp,114
27971.bmp,115
27972.bmp,116
27973.bmp,117
27974.bmp,118
27975.bmp,119
27976.bmp,120
27977.bmp,121
27978.bmp,122
27979.bmp,123
27980.bmp,124
27981.bmp,125
27982.bmp,126
27983.bmp,127
27984.bmp,128
27985.bmp,129
27986.bmp,130
27987.bmp,131
27988.bmp,132
27989.bmp,133
27990.bmp,134
27991.bmp,135
27992.bmp,136
27993.bmp,137
27994.bmp,138
27995.bmp,139
27996.bmp,140
27997.bmp,141
27998.bmp,142
27999.bmp,143
28000.bmp,144
28001.bmp,145
28002.bmp,146
28003.bmp,147
28004.bmp,148
28005.bmp,149
28006.bmp,150
28007.bmp,151
28008.bmp,152
28009.bmp,153
28010.bmp,154
28011.bmp,155
28012.bmp,80
28013.bmp,0
28014.bmp,1
28015.bmp,2
28016.bmp,3
28017.bmp,4
28018.bmp,5
28019.bmp,6
28020.bmp,7
28021.bmp,8
28022.bmp,9
28023.bmp,10
28024.bmp,11
28025.bmp,12
28026.bmp,13
28027.bmp,14
28028.bmp,15
28029.bmp,16
28030.bmp,17
28031.bmp,18
28032.bmp,19
28033.bmp,20
28034.bmp,21
28035.bmp,22
28036.bmp,23
28037.bmp,24
28038.bmp,25
28039.bmp,26
28040.bmp,27
28041.bmp,28
28042.bmp,29
28043.bmp,30
28044.bmp,31
28045.bmp,32
28046.bmp,33
28047.bmp,34
28048.bmp,35
28049.bmp,36
28050.bmp,37
28051.bmp,38
28052.bmp,39
28053.bmp,40
28054.bmp,41
28055.bmp,42
28056.bmp,43
28057.bmp,44
28058.bmp,45
28059.bmp,46
28060.bmp,47
28061.bmp,48
28062.bmp,49
28063.bmp,50
28064.bmp,51
28065.bmp,52
28066.bmp,53
28067.bmp,54
28068.bmp,55
28069.bmp,56
28070.bmp,57
28071.bmp,58
28072.bmp,59
28073.bmp,60
28074.bmp,61
28075.bmp,62
28076.bmp,63
28077.bmp,64
28078.bmp,65
28079.bmp,66
28080.bmp,67
28081.bmp,68
28082.bmp,69
28083.bmp,70
28084.bmp,71
28085.bmp,72
28086.bmp,73
28087.bmp,74
28088.bmp,75
28089.bmp,76
28090.bmp,77
28091.bmp,78
28092.bmp,79
28093.bmp,80
28094.bmp,81
28095.bmp,82
28096.bmp,83
28097.bmp,84
28098.bmp,85
28099.bmp,86
28100.bmp,87
28101.bmp,88
28102.bmp,89
28103.bmp,90
28104.bmp,91
28105.bmp,92
28106.bmp,93
28107.bmp,94
28108.bmp,95
28109.bmp,96
28110.bmp,97
28111.bmp,98
28112.bmp,99
28113.bmp,100
28114.bmp,101
28115.bmp,102
28116.bmp,103
28117.bmp,104
28118.bmp,105
28119.bmp,106
28120.bmp,107
28121.bmp,108
28122.bmp,109
28123.bmp,110
28124.bmp,111
28125.bmp,112
28126.bmp,113
28127.bmp,114
28128.bmp,115
28129.bmp,116
28130.bmp,117
28131.bmp,118
28132.bmp,119
28133.bmp,120
28134.bmp,121
28135.bmp,122
28136.bmp,123
28137.bmp,124
28138.bmp,125
28139.bmp,126
28140.bmp,127
28141.bmp,128
28142.bmp,129
28143.bmp,130
28144.bmp,131
28145.bmp,132
28146.bmp,133
28147.bmp,134
28148.bmp,135
28149.bmp,136
28150.bmp,137
28151.bmp,138
28152.bmp,139
28153.bmp,140
28154.bmp,141
28155.bmp,142
28156.bmp,143
28157.bmp,144
28158.bmp,145
28159.bmp,146
28160.bmp,147
28161.bmp,148
28162.bmp,149
28163.bmp,150
28164.bmp,151
28165.bmp,152
28166.bmp,153
28167.bmp,154
28168.bmp,155
28169.bmp,80
28170.bmp,0
28171.bmp,1
28172.bmp,2
28173.bmp,3
28174.bmp,4
28175.bmp,5
28176.bmp,6
28177.bmp,7
28178.bmp,8
28179.bmp,9
28180.bmp,10
28181.bmp,11
28182.bmp,12
28183.bmp,13
28184.bmp,14
28185.bmp,15
28186.bmp,16
28187.bmp,17
28188.bmp,18
28189.bmp,19
28190.bmp,20
28191.bmp,21
28192.bmp,22
28193.bmp,23
28194.bmp,24
28195.bmp,25
28196.bmp,26
28197.bmp,27
28198.bmp,28
28199.bmp,29
28200.bmp,30
28201.bmp,31
28202.bmp,32
28203.bmp,33
28204.bmp,34
28205.bmp,35
28206.bmp,36
28207.bmp,37
28208.bmp,38
28209.bmp,39
28210.bmp,40
28211.bmp,41
28212.bmp,42
28213.bmp,43
28214.bmp,44
28215.bmp,45
28216.bmp,46
28217.bmp,47
28218.bmp,48
28219.bmp,49
28220.bmp,50
28221.bmp,51
28222.bmp,52
28223.bmp,53
28224.bmp,54
28225.bmp,55
28226.bmp,56
28227.bmp,57
28228.bmp,58
28229.bmp,59
28230.bmp,60
28231.bmp,61
28232.bmp,62
28233.bmp,63
28234.bmp,64
28235.bmp,65
28236.bmp,66
28237.bmp,67
28238.bmp,68
28239.bmp,69
28240.bmp,70
28241.bmp,71
28242.bmp,72
28243.bmp,73
28244.bmp,74
28245.bmp,75
28246.bmp,76
28247.bmp,77
28248.bmp,78
28249.bmp,79
28250.bmp,80
28251.bmp,81
28252.bmp,82
28253.bmp,83
28254.bmp,84
28255.bmp,85
28256.bmp,86
28257.bmp,87
28258.bmp,88
28259.bmp,89
28260.bmp,90
28261.bmp,91
28262.bmp,92
28263.bmp,93
28264.bmp,94
28265.bmp,95
28266.bmp,96
28267.bmp,97
28268.bmp,98
28269.bmp,99
28270.bmp,100
28271.bmp,101
28272.bmp,102
28273.bmp,103
28274.bmp,104
28275.bmp,105
28276.bmp,106
28277.bmp,107
28278.bmp,108
28279.bmp,109
28280.bmp,110
28281.bmp,111
28282.bmp,112
28283.bmp,113
28284.bmp,114
28285.bmp,115
28286.bmp,116
28287.bmp,117
28288.bmp,118
28289.bmp,119
28290.bmp,120
28291.bmp,121
28292.bmp,122
28293.bmp,123
28294.bmp,124
28295.bmp,125
28296.bmp,126
28297.bmp,127
28298.bmp,128
28299.bmp,129
28300.bmp,130
28301.bmp,131
28302.bmp,132
28303.bmp,133
28304.bmp,134
28305.bmp,135
28306.bmp,136
28307.bmp,137
28308.bmp,138
28309.bmp,139
28310.bmp,140
28311.bmp,141
28312.bmp,142
28313.bmp,143
28314.bmp,144
28315.bmp,145
28316.bmp,146
28317.bmp,147
28318.bmp,148
28319.bmp,149
28320.bmp,150
28321.bmp,151
28322.bmp,152
28323.bmp,153
28324.bmp,154
28325.bmp,155
28326.bmp,80
28327.bmp,0
28328.bmp,1
28329.bmp,2
28330.bmp,3
28331.bmp,4
28332.bmp,5
28333.bmp,6
28334.bmp,7
28335.bmp,8
28336.bmp,9
28337.bmp,10
28338.bmp,11
28339.bmp,12
28340.bmp,13
28341.bmp,14
28342.bmp,15
28343.bmp,16
28344.bmp,17
28345.bmp,18
28346.bmp,19
28347.bmp,20
28348.bmp,21
28349.bmp,22
28350.bmp,23
28351.bmp,24
28352.bmp,25
28353.bmp,26
28354.bmp,27
28355.bmp,28
28356.bmp,29
28357.bmp,30
28358.bmp,31
28359.bmp,32
28360.bmp,33
28361.bmp,34
28362.bmp,35
28363.bmp,36
28364.bmp,37
28365.bmp,38
28366.bmp,39
28367.bmp,40
28368.bmp,41
28369.bmp,42
28370.bmp,43
28371.bmp,44
28372.bmp,45
28373.bmp,46
28374.bmp,47
28375.bmp,48
28376.bmp,49
28377.bmp,50
28378.bmp,51
28379.bmp,52
28380.bmp,53
28381.bmp,54
28382.bmp,55
28383.bmp,56
28384.bmp,57
28385.bmp,58
28386.bmp,59
28387.bmp,60
28388.bmp,61
28389.bmp,62
28390.bmp,63
28391.bmp,64
28392.bmp,65
28393.bmp,66
28394.bmp,67
28395.bmp,68
28396.bmp,69
28397.bmp,70
28398.bmp,71
28399.bmp,72
28400.bmp,73
28401.bmp,74
28402.bmp,75
28403.bmp,76
28404.bmp,77
28405.bmp,78
28406.bmp,79
28407.bmp,80
28408.bmp,81
28409.bmp,82
28410.bmp,83
28411.bmp,84
28412.bmp,85
28413.bmp,86
28414.bmp,87
28415.bmp,88
28416.bmp,89
28417.bmp,90
28418.bmp,91
28419.bmp,92
28420.bmp,93
28421.bmp,94
28422.bmp,95
28423.bmp,96
28424.bmp,97
28425.bmp,98
28426.bmp,99
28427.bmp,100
28428.bmp,101
28429.bmp,102
28430.bmp,103
28431.bmp,104
28432.bmp,105
28433.bmp,106
28434.bmp,107
28435.bmp,108
28436.bmp,109
28437.bmp,110
28438.bmp,111
28439.bmp,112
28440.bmp,113
28441.bmp,114
28442.bmp,115
28443.bmp,116
28444.bmp,117
28445.bmp,118
28446.bmp,119
28447.bmp,120
28448.bmp,121
28449.bmp,122
28450.bmp,123
28451.bmp,124
28452.bmp,125
28453.bmp,126
28454.bmp,127
28455.bmp,128
28456.bmp,129
28457.bmp,130
28458.bmp,131
28459.bmp,132
28460.bmp,133
28461.bmp,134
28462.bmp,135
28463.bmp,136
28464.bmp,137
28465.bmp,138
28466.bmp,139
28467.bmp,140
28468.bmp,141
28469.bmp,142
28470.bmp,143
28471.bmp,144
28472.bmp,145
28473.bmp,146
28474.bmp,147
28475.bmp,148
28476.bmp,149
28477.bmp,150
28478.bmp,151
28479.bmp,152
28480.bmp,153
28481.bmp,154
28482.bmp,155
28483.bmp,80
28484.bmp,0
28485.bmp,1
28486.bmp,2
28487.bmp,3
28488.bmp,4
28489.bmp,5
28490.bmp,6
28491.bmp,7
28492.bmp,8
28493.bmp,9
28494.bmp,10
28495.bmp,11
28496.bmp,12
28497.bmp,13
28498.bmp,14
28499.bmp,15
28500.bmp,16
28501.bmp,17
28502.bmp,18
28503.bmp,19
28504.bmp,20
28505.bmp,21
28506.bmp,22
28507.bmp,23
28508.bmp,24
28509.bmp,25
28510.bmp,26
28511.bmp,27
28512.bmp,28
28513.bmp,29
28514.bmp,30
28515.bmp,31
28516.bmp,32
28517.bmp,33
28518.bmp,34
28519.bmp,35
28520.bmp,36
28521.bmp,37
28522.bmp,38
28523.bmp,39
28524.bmp,40
28525.bmp,41
28526.bmp,42
28527.bmp,43
28528.bmp,44
28529.bmp,45
28530.bmp,46
28531.bmp,47
28532.bmp,48
28533.bmp,49
28534.bmp,50
28535.bmp,51
28536.bmp,52
28537.bmp,53
28538.bmp,54
28539.bmp,55
28540.bmp,56
28541.bmp,57
28542.bmp,58
28543.bmp,59
28544.bmp,60
28545.bmp,61
28546.bmp,62
28547.bmp,63
28548.bmp,64
28549.bmp,65
28550.bmp,66
28551.bmp,67
28552.bmp,68
28553.bmp,69
28554.bmp,70
28555.bmp,71
28556.bmp,72
28557.bmp,73
28558.bmp,74
28559.bmp,75
28560.bmp,76
28561.bmp,77
28562.bmp,78
28563.bmp,79
28564.bmp,80
28565.bmp,81
28566.bmp,82
28567.bmp,83
28568.bmp,84
28569.bmp,85
28570.bmp,86
28571.bmp,87
28572.bmp,88
28573.bmp,89
28574.bmp,90
28575.bmp,91
28576.bmp,92
28577.bmp,93
28578.bmp,94
28579.bmp,95
28580.bmp,96
28581.bmp,97
28582.bmp,98
28583.bmp,99
28584.bmp,100
28585.bmp,101
28586.bmp,102
28587.bmp,103
28588.bmp,104
28589.bmp,105
28590.bmp,106
28591.bmp,107
28592.bmp,108
28593.bmp,109
28594.bmp,110
28595.bmp,111
28596.bmp,112
28597.bmp,113
28598.bmp,114
28599.bmp,115
28600.bmp,116
28601.bmp,117
28602.bmp,118
28603.bmp,119
28604.bmp,120
28605.bmp,121
28606.bmp,122
28607.bmp,123
28608.bmp,124
28609.bmp,125
28610.bmp,126
28611.bmp,127
28612.bmp,128
28613.bmp,129
28614.bmp,130
28615.bmp,131
28616.bmp,132
28617.bmp,133
28618.bmp,134
28619.bmp,135
28620.bmp,136
28621.bmp,137
28622.bmp,138
28623.bmp,139
28624.bmp,140
28625.bmp,141
28626.bmp,142
28627.bmp,143
28628.bmp,144
28629.bmp,145
28630.bmp,146
28631.bmp,147
28632.bmp,148
28633.bmp,149
28634.bmp,150
28635.bmp,151
28636.bmp,152
28637.bmp,153
28638.bmp,154
28639.bmp,155
28640.bmp,80
28641.bmp,0
28642.bmp,1
28643.bmp,2
28644.bmp,3
28645.bmp,4
28646.bmp,5
28647.bmp,6
28648.bmp,7
28649.bmp,8
28650.bmp,9
28651.bmp,10
28652.bmp,11
28653.bmp,12
28654.bmp,13
28655.bmp,14
28656.bmp,15
28657.bmp,16
28658.bmp,17
28659.bmp,18
28660.bmp,19
28661.bmp,20
28662.bmp,21
28663.bmp,22
28664.bmp,23
28665.bmp,24
28666.bmp,25
28667.bmp,26
28668.bmp,27
28669.bmp,28
28670.bmp,29
28671.bmp,30
28672.bmp,31
28673.bmp,32
28674.bmp,33
28675.bmp,34
28676.bmp,35
28677.bmp,36
28678.bmp,37
28679.bmp,38
28680.bmp,39
28681.bmp,40
28682.bmp,41
28683.bmp,42
28684.bmp,43
28685.bmp,44
28686.bmp,45
28687.bmp,46
28688.bmp,47
28689.bmp,48
28690.bmp,49
28691.bmp,50
28692.bmp,51
28693.bmp,52
28694.bmp,53
28695.bmp,54
28696.bmp,55
28697.bmp,56
28698.bmp,57
28699.bmp,58
28700.bmp,59
28701.bmp,60
28702.bmp,61
28703.bmp,62
28704.bmp,63
28705.bmp,64
28706.bmp,65
28707.bmp,66
28708.bmp,67
28709.bmp,68
28710.bmp,69
28711.bmp,70
28712.bmp,71
28713.bmp,72
28714.bmp,73
28715.bmp,74
28716.bmp,75
28717.bmp,76
28718.bmp,77
28719.bmp,78
28720.bmp,79
28721.bmp,80
28722.bmp,81
28723.bmp,82
28724.bmp,83
28725.bmp,84
28726.bmp,85
28727.bmp,86
28728.bmp,87
28729.bmp,88
28730.bmp,89
28731.bmp,90
28732.bmp,91
28733.bmp,92
28734.bmp,93
28735.bmp,94
28736.bmp,95
28737.bmp,96
28738.bmp,97
28739.bmp,98
28740.bmp,99
28741.bmp,100
28742.bmp,101
28743.bmp,102
28744.bmp,103
28745.bmp,104
28746.bmp,105
28747.bmp,106
28748.bmp,107
28749.bmp,108
28750.bmp,109
28751.bmp,110
28752.bmp,111
28753.bmp,112
28754.bmp,113
28755.bmp,114
28756.bmp,115
28757.bmp,116
28758.bmp,117
28759.bmp,118
28760.bmp,119
28761.bmp,120
28762.bmp,121
28763.bmp,122
28764.bmp,123
28765.bmp,124
28766.bmp,125
28767.bmp,126
28768.bmp,127
28769.bmp,128
28770.bmp,129
28771.bmp,130
28772.bmp,131
28773.bmp,132
28774.bmp,133
28775.bmp,134
28776.bmp,135
28777.bmp,136
28778.bmp,137
28779.bmp,138
28780.bmp,139
28781.bmp,140
28782.bmp,141
28783.bmp,142
28784.bmp,143
28785.bmp,144
28786.bmp,145
28787.bmp,146
28788.bmp,147
28789.bmp,148
28790.bmp,149
28791.bmp,150
28792.bmp,151
28793.bmp,152
28794.bmp,153
28795.bmp,154
28796.bmp,155
28797.bmp,80
28798.bmp,0
28799.bmp,1
28800.bmp,2
28801.bmp,3
28802.bmp,4
28803.bmp,5
28804.bmp,6
28805.bmp,7
28806.bmp,8
28807.bmp,9
28808.bmp,10
28809.bmp,11
28810.bmp,12
28811.bmp,13
28812.bmp,14
28813.bmp,15
28814.bmp,16
28815.bmp,17
28816.bmp,18
28817.bmp,19
28818.bmp,20
28819.bmp,21
28820.bmp,22
28821.bmp,23
28822.bmp,24
28823.bmp,25
28824.bmp,26
28825.bmp,27
28826.bmp,28
28827.bmp,29
28828.bmp,30
28829.bmp,31
28830.bmp,32
28831.bmp,33
28832.bmp,34
28833.bmp,35
28834.bmp,36
28835.bmp,37
28836.bmp,38
28837.bmp,39
28838.bmp,40
28839.bmp,41
28840.bmp,42
28841.bmp,43
28842.bmp,44
28843.bmp,45
28844.bmp,46
28845.bmp,47
28846.bmp,48
28847.bmp,49
28848.bmp,50
28849.bmp,51
28850.bmp,52
28851.bmp,53
28852.bmp,54
28853.bmp,55
28854.bmp,56
28855.bmp,57
28856.bmp,58
28857.bmp,59
28858.bmp,60
28859.bmp,61
28860.bmp,62
28861.bmp,63
28862.bmp,64
28863.bmp,65
28864.bmp,66
28865.bmp,67
28866.bmp,68
28867.bmp,69
28868.bmp,70
28869.bmp,71
28870.bmp,72
28871.bmp,73
28872.bmp,74
28873.bmp,75
28874.bmp,76
28875.bmp,77
28876.bmp,78
28877.bmp,79
28878.bmp,80
28879.bmp,81
28880.bmp,82
28881.bmp,83
28882.bmp,84
28883.bmp,85
28884.bmp,86
28885.bmp,87
28886.bmp,88
28887.bmp,89
28888.bmp,90
28889.bmp,91
28890.bmp,92
28891.bmp,93
28892.bmp,94
28893.bmp,95
28894.bmp,96
28895.bmp,97
28896.bmp,98
28897.bmp,99
28898.bmp,100
28899.bmp,101
28900.bmp,102
28901.bmp,103
28902.bmp,104
28903.bmp,105
28904.bmp,106
28905.bmp,107
28906.bmp,108
28907.bmp,109
28908.bmp,110
28909.bmp,111
28910.bmp,112
28911.bmp,113
28912.bmp,114
28913.bmp,115
28914.bmp,116
28915.bmp,117
28916.bmp,118
28917.bmp,119
28918.bmp,120
28919.bmp,121
28920.bmp,122
28921.bmp,123
28922.bmp,124
28923.bmp,125
28924.bmp,126
28925.bmp,127
28926.bmp,128
28927.bmp,129
28928.bmp,130
28929.bmp,131
28930.bmp,132
28931.bmp,133
28932.bmp,134
28933.bmp,135
28934.bmp,136
28935.bmp,137
28936.bmp,138
28937.bmp,139
28938.bmp,140
28939.bmp,141
28940.bmp,142
28941.bmp,143
28942.bmp,144
28943.bmp,145
28944.bmp,146
28945.bmp,147
28946.bmp,148
28947.bmp,149
28948.bmp,150
28949.bmp,151
28950.bmp,152
28951.bmp,153
28952.bmp,154
28953.bmp,155
28954.bmp,80
28955.bmp,0
28956.bmp,1
28957.bmp,2
28958.bmp,3
28959.bmp,4
28960.bmp,5
28961.bmp,6
28962.bmp,7
28963.bmp,8
28964.bmp,9
28965.bmp,10
28966.bmp,11
28967.bmp,12
28968.bmp,13
28969.bmp,14
28970.bmp,15
28971.bmp,16
28972.bmp,17
28973.bmp,18
28974.bmp,19
28975.bmp,20
28976.bmp,21
28977.bmp,22
28978.bmp,23
28979.bmp,24
28980.bmp,25
28981.bmp,26
28982.bmp,27
28983.bmp,28
28984.bmp,29
28985.bmp,30
28986.bmp,31
28987.bmp,32
28988.bmp,33
28989.bmp,34
28990.bmp,35
28991.bmp,36
28992.bmp,37
28993.bmp,38
28994.bmp,39
28995.bmp,40
28996.bmp,41
28997.bmp,42
28998.bmp,43
28999.bmp,44
29000.bmp,45
29001.bmp,46
29002.bmp,47
29003.bmp,48
29004.bmp,49
29005.bmp,50
29006.bmp,51
29007.bmp,52
29008.bmp,53
29009.bmp,54
29010.bmp,55
29011.bmp,56
29012.bmp,57
29013.bmp,58
29014.bmp,59
29015.bmp,60
29016.bmp,61
29017.bmp,62
29018.bmp,63
29019.bmp,64
29020.bmp,65
29021.bmp,66
29022.bmp,67
29023.bmp,68
29024.bmp,69
29025.bmp,70
29026.bmp,71
29027.bmp,72
29028.bmp,73
29029.bmp,74
29030.bmp,75
29031.bmp,76
29032.bmp,77
29033.bmp,78
29034.bmp,79
29035.bmp,80
29036.bmp,81
29037.bmp,82
29038.bmp,83
29039.bmp,84
29040.bmp,85
29041.bmp,86
29042.bmp,87
29043.bmp,88
29044.bmp,89
29045.bmp,90
29046.bmp,91
29047.bmp,92
29048.bmp,93
29049.bmp,94
29050.bmp,95
29051.bmp,96
29052.bmp,97
29053.bmp,98
29054.bmp,99
29055.bmp,100
29056.bmp,101
29057.bmp,102
29058.bmp,103
29059.bmp,104
29060.bmp,105
29061.bmp,106
29062.bmp,107
29063.bmp,108
29064.bmp,109
29065.bmp,110
29066.bmp,111
29067.bmp,112
29068.bmp,113
29069.bmp,114
29070.bmp,115
29071.bmp,116
29072.bmp,117
29073.bmp,118
29074.bmp,119
29075.bmp,120
29076.bmp,121
29077.bmp,122
29078.bmp,123
29079.bmp,124
29080.bmp,125
29081.bmp,126
29082.bmp,127
29083.bmp,128
29084.bmp,129
29085.bmp,130
29086.bmp,131
29087.bmp,132
29088.bmp,133
29089.bmp,134
29090.bmp,135
29091.bmp,136
29092.bmp,137
29093.bmp,138
29094.bmp,139
29095.bmp,140
29096.bmp,141
29097.bmp,142
29098.bmp,143
29099.bmp,144
29100.bmp,145
29101.bmp,146
29102.bmp,147
29103.bmp,148
29104.bmp,149
29105.bmp,150
29106.bmp,151
29107.bmp,152
29108.bmp,153
29109.bmp,154
29110.bmp,155
29111.bmp,80
29112.bmp,0
29113.bmp,1
29114.bmp,2
29115.bmp,3
29116.bmp,4
29117.bmp,5
29118.bmp,6
29119.bmp,7
29120.bmp,8
29121.bmp,9
29122.bmp,10
29123.bmp,11
29124.bmp,12
29125.bmp,13
29126.bmp,14
29127.bmp,15
29128.bmp,16
29129.bmp,17
29130.bmp,18
29131.bmp,19
29132.bmp,20
29133.bmp,21
29134.bmp,22
29135.bmp,23
29136.bmp,24
29137.bmp,25
29138.bmp,26
29139.bmp,27
29140.bmp,28
29141.bmp,29
29142.bmp,30
29143.bmp,31
29144.bmp,32
29145.bmp,33
29146.bmp,34
29147.bmp,35
29148.bmp,36
29149.bmp,37
29150.bmp,38
29151.bmp,39
29152.bmp,40
29153.bmp,41
29154.bmp,42
29155.bmp,43
29156.bmp,44
29157.bmp,45
29158.bmp,46
29159.bmp,47
29160.bmp,48
29161.bmp,49
29162.bmp,50
29163.bmp,51
29164.bmp,52
29165.bmp,53
29166.bmp,54
29167.bmp,55
29168.bmp,56
29169.bmp,57
29170.bmp,58
29171.bmp,59
29172.bmp,60
29173.bmp,61
29174.bmp,62
29175.bmp,63
29176.bmp,64
29177.bmp,65
29178.bmp,66
29179.bmp,67
29180.bmp,68
29181.bmp,69
29182.bmp,70
29183.bmp,71
29184.bmp,72
29185.bmp,73
29186.bmp,74
29187.bmp,75
29188.bmp,76
29189.bmp,77
29190.bmp,78
29191.bmp,79
29192.bmp,80
29193.bmp,81
29194.bmp,82
29195.bmp,83
29196.bmp,84
29197.bmp,85
29198.bmp,86
29199.bmp,87
29200.bmp,88
29201.bmp,89
29202.bmp,90
29203.bmp,91
29204.bmp,92
29205.bmp,93
29206.bmp,94
29207.bmp,95
29208.bmp,96
29209.bmp,97
29210.bmp,98
29211.bmp,99
29212.bmp,100
29213.bmp,101
29214.bmp,102
29215.bmp,103
29216.bmp,104
29217.bmp,105
29218.bmp,106
29219.bmp,107
29220.bmp,108
29221.bmp,109
29222.bmp,110
29223.bmp,111
29224.bmp,112
29225.bmp,113
29226.bmp,114
29227.bmp,115
29228.bmp,116
29229.bmp,117
29230.bmp,118
29231.bmp,119
29232.bmp,120
29233.bmp,121
29234.bmp,122
29235.bmp,123
29236.bmp,124
29237.bmp,125
29238.bmp,126
29239.bmp,127
29240.bmp,128
29241.bmp,129
29242.bmp,130
29243.bmp,131
29244.bmp,132
29245.bmp,133
29246.bmp,134
29247.bmp,135
29248.bmp,136
29249.bmp,137
29250.bmp,138
29251.bmp,139
29252.bmp,140
29253.bmp,141
29254.bmp,142
29255.bmp,143
29256.bmp,144
29257.bmp,145
29258.bmp,146
29259.bmp,147
29260.bmp,148
29261.bmp,149
29262.bmp,150
29263.bmp,151
29264.bmp,152
29265.bmp,153
29266.bmp,154
29267.bmp,155
29268.bmp,80
29269.bmp,0
29270.bmp,1
29271.bmp,2
29272.bmp,3
29273.bmp,4
29274.bmp,5
29275.bmp,6
29276.bmp,7
29277.bmp,8
29278.bmp,9
29279.bmp,10
29280.bmp,11
29281.bmp,12
29282.bmp,13
29283.bmp,14
29284.bmp,15
29285.bmp,16
29286.bmp,17
29287.bmp,18
29288.bmp,19
29289.bmp,20
29290.bmp,21
29291.bmp,22
29292.bmp,23
29293.bmp,24
29294.bmp,25
29295.bmp,26
29296.bmp,27
29297.bmp,28
29298.bmp,29
29299.bmp,30
29300.bmp,31
29301.bmp,32
29302.bmp,33
29303.bmp,34
29304.bmp,35
29305.bmp,36
29306.bmp,37
29307.bmp,38
29308.bmp,39
29309.bmp,40
29310.bmp,41
29311.bmp,42
29312.bmp,43
29313.bmp,44
29314.bmp,45
29315.bmp,46
29316.bmp,47
29317.bmp,48
29318.bmp,49
29319.bmp,50
29320.bmp,51
29321.bmp,52
29322.bmp,53
29323.bmp,54
29324.bmp,55
29325.bmp,56
29326.bmp,57
29327.bmp,58
29328.bmp,59
29329.bmp,60
29330.bmp,61
29331.bmp,62
29332.bmp,63
29333.bmp,64
29334.bmp,65
29335.bmp,66
29336.bmp,67
29337.bmp,68
29338.bmp,69
29339.bmp,70
29340.bmp,71
29341.bmp,72
29342.bmp,73
29343.bmp,74
29344.bmp,75
29345.bmp,76
29346.bmp,77
29347.bmp,78
29348.bmp,79
29349.bmp,80
29350.bmp,81
29351.bmp,82
29352.bmp,83
29353.bmp,84
29354.bmp,85
29355.bmp,86
29356.bmp,87
29357.bmp,88
29358.bmp,89
29359.bmp,90
29360.bmp,91
29361.bmp,92
29362.bmp,93
29363.bmp,94
29364.bmp,95
29365.bmp,96
29366.bmp,97
29367.bmp,98
29368.bmp,99
29369.bmp,100
29370.bmp,101
29371.bmp,102
29372.bmp,103
29373.bmp,104
29374.bmp,105
29375.bmp,106
29376.bmp,107
29377.bmp,108
29378.bmp,109
29379.bmp,110
29380.bmp,111
29381.bmp,112
29382.bmp,113
29383.bmp,114
29384.bmp,115
29385.bmp,116
29386.bmp,117
29387.bmp,118
29388.bmp,119
29389.bmp,120
29390.bmp,121
29391.bmp,122
29392.bmp,123
29393.bmp,124
29394.bmp,125
29395.bmp,126
29396.bmp,127
29397.bmp,128
29398.bmp,129
29399.bmp,130
29400.bmp,131
29401.bmp,132
29402.bmp,133
29403.bmp,134
29404.bmp,135
29405.bmp,136
29406.bmp,137
29407.bmp,138
29408.bmp,139
29409.bmp,140
29410.bmp,141
29411.bmp,142
29412.bmp,143
29413.bmp,144
29414.bmp,145
29415.bmp,146
29416.bmp,147
29417.bmp,148
29418.bmp,149
29419.bmp,150
29420.bmp,151
29421.bmp,152
29422.bmp,153
29423.bmp,154
29424.bmp,155
29425.bmp,80
29426.bmp,0
29427.bmp,1
29428.bmp,2
29429.bmp,3
29430.bmp,4
29431.bmp,5
29432.bmp,6
29433.bmp,7
29434.bmp,8
29435.bmp,9
29436.bmp,10
29437.bmp,11
29438.bmp,12
29439.bmp,13
29440.bmp,14
29441.bmp,15
29442.bmp,16
29443.bmp,17
29444.bmp,18
29445.bmp,19
29446.bmp,20
29447.bmp,21
29448.bmp,22
29449.bmp,23
29450.bmp,24
29451.bmp,25
29452.bmp,26
29453.bmp,27
29454.bmp,28
29455.bmp,29
29456.bmp,30
29457.bmp,31
29458.bmp,32
29459.bmp,33
29460.bmp,34
29461.bmp,35
29462.bmp,36
29463.bmp,37
29464.bmp,38
29465.bmp,39
29466.bmp,40
29467.bmp,41
29468.bmp,42
29469.bmp,43
29470.bmp,44
29471.bmp,45
29472.bmp,46
29473.bmp,47
29474.bmp,48
29475.bmp,49
29476.bmp,50
29477.bmp,51
29478.bmp,52
29479.bmp,53
29480.bmp,54
29481.bmp,55
29482.bmp,56
29483.bmp,57
29484.bmp,58
29485.bmp,59
29486.bmp,60
29487.bmp,61
29488.bmp,62
29489.bmp,63
29490.bmp,64
29491.bmp,65
29492.bmp,66
29493.bmp,67
29494.bmp,68
29495.bmp,69
29496.bmp,70
29497.bmp,71
29498.bmp,72
29499.bmp,73
29500.bmp,74
29501.bmp,75
29502.bmp,76
29503.bmp,77
29504.bmp,78
29505.bmp,79
29506.bmp,80
29507.bmp,81
29508.bmp,82
29509.bmp,83
29510.bmp,84
29511.bmp,85
29512.bmp,86
29513.bmp,87
29514.bmp,88
29515.bmp,89
29516.bmp,90
29517.bmp,91
29518.bmp,92
29519.bmp,93
29520.bmp,94
29521.bmp,95
29522.bmp,96
29523.bmp,97
29524.bmp,98
29525.bmp,99
29526.bmp,100
29527.bmp,101
29528.bmp,102
29529.bmp,103
29530.bmp,104
29531.bmp,105
29532.bmp,106
29533.bmp,107
29534.bmp,108
29535.bmp,109
29536.bmp,110
29537.bmp,111
29538.bmp,112
29539.bmp,113
29540.bmp,114
29541.bmp,115
29542.bmp,116
29543.bmp,117
29544.bmp,118
29545.bmp,119
29546.bmp,120
29547.bmp,121
29548.bmp,122
29549.bmp,123
29550.bmp,124
29551.bmp,125
29552.bmp,126
29553.bmp,127
29554.bmp,128
29555.bmp,129
29556.bmp,130
29557.bmp,131
29558.bmp,132
29559.bmp,133
29560.bmp,134
29561.bmp,135
29562.bmp,136
29563.bmp,137
29564.bmp,138
29565.bmp,139
29566.bmp,140
29567.bmp,141
29568.bmp,142
29569.bmp,143
29570.bmp,144
29571.bmp,145
29572.bmp,146
29573.bmp,147
29574.bmp,148
29575.bmp,149
29576.bmp,150
29577.bmp,151
29578.bmp,152
29579.bmp,153
29580.bmp,154
29581.bmp,155
29582.bmp,80
29583.bmp,0
29584.bmp,1
29585.bmp,2
29586.bmp,3
29587.bmp,4
29588.bmp,5
29589.bmp,6
29590.bmp,7
29591.bmp,8
29592.bmp,9
29593.bmp,10
29594.bmp,11
29595.bmp,12
29596.bmp,13
29597.bmp,14
29598.bmp,15
29599.bmp,16
29600.bmp,17
29601.bmp,18
29602.bmp,19
29603.bmp,20
29604.bmp,21
29605.bmp,22
29606.bmp,23
29607.bmp,24
29608.bmp,25
29609.bmp,26
29610.bmp,27
29611.bmp,28
29612.bmp,29
29613.bmp,30
29614.bmp,31
29615.bmp,32
29616.bmp,33
29617.bmp,34
29618.bmp,35
29619.bmp,36
29620.bmp,37
29621.bmp,38
29622.bmp,39
29623.bmp,40
29624.bmp,41
29625.bmp,42
29626.bmp,43
29627.bmp,44
29628.bmp,45
29629.bmp,46
29630.bmp,47
29631.bmp,48
29632.bmp,49
29633.bmp,50
29634.bmp,51
29635.bmp,52
29636.bmp,53
29637.bmp,54
29638.bmp,55
29639.bmp,56
29640.bmp,57
29641.bmp,58
29642.bmp,59
29643.bmp,60
29644.bmp,61
29645.bmp,62
29646.bmp,63
29647.bmp,64
29648.bmp,65
29649.bmp,66
29650.bmp,67
29651.bmp,68
29652.bmp,69
29653.bmp,70
29654.bmp,71
29655.bmp,72
29656.bmp,73
29657.bmp,74
29658.bmp,75
29659.bmp,76
29660.bmp,77
29661.bmp,78
29662.bmp,79
29663.bmp,80
29664.bmp,81
29665.bmp,82
29666.bmp,83
29667.bmp,84
29668.bmp,85
29669.bmp,86
29670.bmp,87
29671.bmp,88
29672.bmp,89
29673.bmp,90
29674.bmp,91
29675.bmp,92
29676.bmp,93
29677.bmp,94
29678.bmp,95
29679.bmp,96
29680.bmp,97
29681.bmp,98
29682.bmp,99
29683.bmp,100
29684.bmp,101
29685.bmp,102
29686.bmp,103
29687.bmp,104
29688.bmp,105
29689.bmp,106
29690.bmp,107
29691.bmp,108
29692.bmp,109
29693.bmp,110
29694.bmp,111
29695.bmp,112
29696.bmp,113
29697.bmp,114
29698.bmp,115
29699.bmp,116
29700.bmp,117
29701.bmp,118
29702.bmp,119
29703.bmp,120
29704.bmp,121
29705.bmp,122
29706.bmp,123
29707.bmp,124
29708.bmp,125
29709.bmp,126
29710.bmp,127
29711.bmp,128
29712.bmp,129
29713.bmp,130
29714.bmp,131
29715.bmp,132
29716.bmp,133
29717.bmp,134
29718.bmp,135
29719.bmp,136
29720.bmp,137
29721.bmp,138
29722.bmp,139
29723.bmp,140
29724.bmp,141
29725.bmp,142
29726.bmp,143
29727.bmp,144
29728.bmp,145
29729.bmp,146
29730.bmp,147
29731.bmp,148
29732.bmp,149
29733.bmp,150
29734.bmp,151
29735.bmp,152
29736.bmp,153
29737.bmp,154
29738.bmp,155
29739.bmp,80
29740.bmp,0
29741.bmp,1
29742.bmp,2
29743.bmp,3
29744.bmp,4
29745.bmp,5
29746.bmp,6
29747.bmp,7
29748.bmp,8
29749.bmp,9
29750.bmp,10
29751.bmp,11
29752.bmp,12
29753.bmp,13
29754.bmp,14
29755.bmp,15
29756.bmp,16
29757.bmp,17
29758.bmp,18
29759.bmp,19
29760.bmp,20
29761.bmp,21
29762.bmp,22
29763.bmp,23
29764.bmp,24
29765.bmp,25
29766.bmp,26
29767.bmp,27
29768.bmp,28
29769.bmp,29
29770.bmp,30
29771.bmp,31
29772.bmp,32
29773.bmp,33
29774.bmp,34
29775.bmp,35
29776.bmp,36
29777.bmp,37
29778.bmp,38
29779.bmp,39
29780.bmp,40
29781.bmp,41
29782.bmp,42
29783.bmp,43
29784.bmp,44
29785.bmp,45
29786.bmp,46
29787.bmp,47
29788.bmp,48
29789.bmp,49
29790.bmp,50
29791.bmp,51
29792.bmp,52
29793.bmp,53
29794.bmp,54
29795.bmp,55
29796.bmp,56
29797.bmp,57
29798.bmp,58
29799.bmp,59
29800.bmp,60
29801.bmp,61
29802.bmp,62
29803.bmp,63
29804.bmp,64
29805.bmp,65
29806.bmp,66
29807.bmp,67
29808.bmp,68
29809.bmp,69
29810.bmp,70
29811.bmp,71
29812.bmp,72
29813.bmp,73
29814.bmp,74
29815.bmp,75
29816.bmp,76
29817.bmp,77
29818.bmp,78
29819.bmp,79
29820.bmp,80
29821.bmp,81
29822.bmp,82
29823.bmp,83
29824.bmp,84
29825.bmp,85
29826.bmp,86
29827.bmp,87
29828.bmp,88
29829.bmp,89
29830.bmp,90
29831.bmp,91
29832.bmp,92
29833.bmp,93
29834.bmp,94
29835.bmp,95
29836.bmp,96
29837.bmp,97
29838.bmp,98
29839.bmp,99
29840.bmp,100
29841.bmp,101
29842.bmp,102
29843.bmp,103
29844.bmp,104
29845.bmp,105
29846.bmp,106
29847.bmp,107
29848.bmp,108
29849.bmp,109
29850.bmp,110
29851.bmp,111
29852.bmp,112
29853.bmp,113
29854.bmp,114
29855.bmp,115
29856.bmp,116
29857.bmp,117
29858.bmp,118
29859.bmp,119
29860.bmp,120
29861.bmp,121
29862.bmp,122
29863.bmp,123
29864.bmp,124
29865.bmp,125
29866.bmp,126
29867.bmp,127
29868.bmp,128
29869.bmp,129
29870.bmp,130
29871.bmp,131
29872.bmp,132
29873.bmp,133
29874.bmp,134
29875.bmp,135
29876.bmp,136
29877.bmp,137
29878.bmp,138
29879.bmp,139
29880.bmp,140
29881.bmp,141
29882.bmp,142
29883.bmp,143
29884.bmp,144
29885.bmp,145
29886.bmp,146
29887.bmp,147
29888.bmp,148
29889.bmp,149
29890.bmp,150
29891.bmp,151
29892.bmp,152
29893.bmp,153
29894.bmp,154
29895.bmp,155
29896.bmp,80
29897.bmp,0
29898.bmp,1
29899.bmp,2
29900.bmp,3
29901.bmp,4
29902.bmp,5
29903.bmp,6
29904.bmp,7
29905.bmp,8
29906.bmp,9
29907.bmp,10
29908.bmp,11
29909.bmp,12
29910.bmp,13
29911.bmp,14
29912.bmp,15
29913.bmp,16
29914.bmp,17
29915.bmp,18
29916.bmp,19
29917.bmp,20
29918.bmp,21
29919.bmp,22
29920.bmp,23
29921.bmp,24
29922.bmp,25
29923.bmp,26
29924.bmp,27
29925.bmp,28
29926.bmp,29
29927.bmp,30
29928.bmp,31
29929.bmp,32
29930.bmp,33
29931.bmp,34
29932.bmp,35
29933.bmp,36
29934.bmp,37
29935.bmp,38
29936.bmp,39
29937.bmp,40
29938.bmp,41
29939.bmp,42
29940.bmp,43
29941.bmp,44
29942.bmp,45
29943.bmp,46
29944.bmp,47
29945.bmp,48
29946.bmp,49
29947.bmp,50
29948.bmp,51
29949.bmp,52
29950.bmp,53
29951.bmp,54
29952.bmp,55
29953.bmp,56
29954.bmp,57
29955.bmp,58
29956.bmp,59
29957.bmp,60
29958.bmp,61
29959.bmp,62
29960.bmp,63
29961.bmp,64
29962.bmp,65
29963.bmp,66
29964.bmp,67
29965.bmp,68
29966.bmp,69
29967.bmp,70
29968.bmp,71
29969.bmp,72
29970.bmp,73
29971.bmp,74
29972.bmp,75
29973.bmp,76
29974.bmp,77
29975.bmp,78
29976.bmp,79
29977.bmp,80
29978.bmp,81
29979.bmp,82
29980.bmp,83
29981.bmp,84
29982.bmp,85
29983.bmp,86
29984.bmp,87
29985.bmp,88
29986.bmp,89
29987.bmp,90
29988.bmp,91
29989.bmp,92
29990.bmp,93
29991.bmp,94
29992.bmp,95
29993.bmp,96
29994.bmp,97
29995.bmp,98
29996.bmp,99
29997.bmp,100
29998.bmp,101
29999.bmp,102
30000.bmp,103
30001.bmp,104
30002.bmp,105
30003.bmp,106
30004.bmp,107
30005.bmp,108
30006.bmp,109
30007.bmp,110
30008.bmp,111
30009.bmp,112
30010.bmp,113
30011.bmp,114
30012.bmp,115
30013.bmp,116
30014.bmp,117
30015.bmp,118
30016.bmp,119
30017.bmp,120
30018.bmp,121
30019.bmp,122
30020.bmp,123
30021.bmp,124
30022.bmp,125
30023.bmp,126
30024.bmp,127
30025.bmp,128
30026.bmp,129
30027.bmp,130
30028.bmp,131
30029.bmp,132
30030.bmp,133
30031.bmp,134
30032.bmp,135
30033.bmp,136
30034.bmp,137
30035.bmp,138
30036.bmp,139
30037.bmp,140
30038.bmp,141
30039.bmp,142
30040.bmp,143
30041.bmp,144
30042.bmp,145
30043.bmp,146
30044.bmp,147
30045.bmp,148
30046.bmp,149
30047.bmp,150
30048.bmp,151
30049.bmp,152
30050.bmp,153
30051.bmp,154
30052.bmp,155
30053.bmp,80
30054.bmp,0
30055.bmp,1
30056.bmp,2
30057.bmp,3
30058.bmp,4
30059.bmp,5
30060.bmp,6
30061.bmp,7
30062.bmp,8
30063.bmp,9
30064.bmp,10
30065.bmp,11
30066.bmp,12
30067.bmp,13
30068.bmp,14
30069.bmp,15
30070.bmp,16
30071.bmp,17
30072.bmp,18
30073.bmp,19
30074.bmp,20
30075.bmp,21
30076.bmp,22
30077.bmp,23
30078.bmp,24
30079.bmp,25
30080.bmp,26
30081.bmp,27
30082.bmp,28
30083.bmp,29
30084.bmp,30
30085.bmp,31
30086.bmp,32
30087.bmp,33
30088.bmp,34
30089.bmp,35
30090.bmp,36
30091.bmp,37
30092.bmp,38
30093.bmp,39
30094.bmp,40
30095.bmp,41
30096.bmp,42
30097.bmp,43
30098.bmp,44
30099.bmp,45
30100.bmp,46
30101.bmp,47
30102.bmp,48
30103.bmp,49
30104.bmp,50
30105.bmp,51
30106.bmp,52
30107.bmp,53
30108.bmp,54
30109.bmp,55
30110.bmp,56
30111.bmp,57
30112.bmp,58
30113.bmp,59
30114.bmp,60
30115.bmp,61
30116.bmp,62
30117.bmp,63
30118.bmp,64
30119.bmp,65
30120.bmp,66
30121.bmp,67
30122.bmp,68
30123.bmp,69
30124.bmp,70
30125.bmp,71
30126.bmp,72
30127.bmp,73
30128.bmp,74
30129.bmp,75
30130.bmp,76
30131.bmp,77
30132.bmp,78
30133.bmp,79
30134.bmp,80
30135.bmp,81
30136.bmp,82
30137.bmp,83
30138.bmp,84
30139.bmp,85
30140.bmp,86
30141.bmp,87
30142.bmp,88
30143.bmp,89
30144.bmp,90
30145.bmp,91
30146.bmp,92
30147.bmp,93
30148.bmp,94
30149.bmp,95
30150.bmp,96
30151.bmp,97
30152.bmp,98
30153.bmp,99
30154.bmp,100
30155.bmp,101
30156.bmp,102
30157.bmp,103
30158.bmp,104
30159.bmp,105
30160.bmp,106
30161.bmp,107
30162.bmp,108
30163.bmp,109
30164.bmp,110
30165.bmp,111
30166.bmp,112
30167.bmp,113
30168.bmp,114
30169.bmp,115
30170.bmp,116
30171.bmp,117
30172.bmp,118
30173.bmp,119
30174.bmp,120
30175.bmp,121
30176.bmp,122
30177.bmp,123
30178.bmp,124
30179.bmp,125
30180.bmp,126
30181.bmp,127
30182.bmp,128
30183.bmp,129
30184.bmp,130
30185.bmp,131
30186.bmp,132
30187.bmp,133
30188.bmp,134
30189.bmp,135
30190.bmp,136
30191.bmp,137
30192.bmp,138
30193.bmp,139
30194.bmp,140
30195.bmp,141
30196.bmp,142
30197.bmp,143
30198.bmp,144
30199.bmp,145
30200.bmp,146
30201.bmp,147
30202.bmp,148
30203.bmp,149
30204.bmp,150
30205.bmp,151
30206.bmp,152
30207.bmp,153
30208.bmp,154
30209.bmp,155
30210.bmp,80
30211.bmp,0
30212.bmp,1
30213.bmp,2
30214.bmp,3
30215.bmp,4
30216.bmp,5
30217.bmp,6
30218.bmp,7
30219.bmp,8
30220.bmp,9
30221.bmp,10
30222.bmp,11
30223.bmp,12
30224.bmp,13
30225.bmp,14
30226.bmp,15
30227.bmp,16
30228.bmp,17
30229.bmp,18
30230.bmp,19
30231.bmp,20
30232.bmp,21
30233.bmp,22
30234.bmp,23
30235.bmp,24
30236.bmp,25
30237.bmp,26
30238.bmp,27
30239.bmp,28
30240.bmp,29
30241.bmp,30
30242.bmp,31
30243.bmp,32
30244.bmp,33
30245.bmp,34
30246.bmp,35
30247.bmp,36
30248.bmp,37
30249.bmp,38
30250.bmp,39
30251.bmp,40
30252.bmp,41
30253.bmp,42
30254.bmp,43
30255.bmp,44
30256.bmp,45
30257.bmp,46
30258.bmp,47
30259.bmp,48
30260.bmp,49
30261.bmp,50
30262.bmp,51
30263.bmp,52
30264.bmp,53
30265.bmp,54
30266.bmp,55
30267.bmp,56
30268.bmp,57
30269.bmp,58
30270.bmp,59
30271.bmp,60
30272.bmp,61
30273.bmp,62
30274.bmp,63
30275.bmp,64
30276.bmp,65
30277.bmp,66
30278.bmp,67
30279.bmp,68
30280.bmp,69
30281.bmp,70
30282.bmp,71
30283.bmp,72
30284.bmp,73
30285.bmp,74
30286.bmp,75
30287.bmp,76
30288.bmp,77
30289.bmp,78
30290.bmp,79
30291.bmp,80
30292.bmp,81
30293.bmp,82
30294.bmp,83
30295.bmp,84
30296.bmp,85
30297.bmp,86
30298.bmp,87
30299.bmp,88
30300.bmp,89
30301.bmp,90
30302.bmp,91
30303.bmp,92
30304.bmp,93
30305.bmp,94
30306.bmp,95
30307.bmp,96
30308.bmp,97
30309.bmp,98
30310.bmp,99
30311.bmp,100
30312.bmp,101
30313.bmp,102
30314.bmp,103
30315.bmp,104
30316.bmp,105
30317.bmp,106
30318.bmp,107
30319.bmp,108
30320.bmp,109
30321.bmp,110
30322.bmp,111
30323.bmp,112
30324.bmp,113
30325.bmp,114
30326.bmp,115
30327.bmp,116
30328.bmp,117
30329.bmp,118
30330.bmp,119
30331.bmp,120
30332.bmp,121
30333.bmp,122
30334.bmp,123
30335.bmp,124
30336.bmp,125
30337.bmp,126
30338.bmp,127
30339.bmp,128
30340.bmp,129
30341.bmp,130
30342.bmp,131
30343.bmp,132
30344.bmp,133
30345.bmp,134
30346.bmp,135
30347.bmp,136
30348.bmp,137
30349.bmp,138
30350.bmp,139
30351.bmp,140
30352.bmp,141
30353.bmp,142
30354.bmp,143
30355.bmp,144
30356.bmp,145
30357.bmp,146
30358.bmp,147
30359.bmp,148
30360.bmp,149
30361.bmp,150
30362.bmp,151
30363.bmp,152
30364.bmp,153
30365.bmp,154
30366.bmp,155
30367.bmp,80
30368.bmp,0
30369.bmp,1
30370.bmp,2
30371.bmp,3
30372.bmp,4
30373.bmp,5
30374.bmp,6
30375.bmp,7
30376.bmp,8
30377.bmp,9
30378.bmp,10
30379.bmp,11
30380.bmp,12
30381.bmp,13
30382.bmp,14
30383.bmp,15
30384.bmp,16
30385.bmp,17
30386.bmp,18
30387.bmp,19
30388.bmp,20
30389.bmp,21
30390.bmp,22
30391.bmp,23
30392.bmp,24
30393.bmp,25
30394.bmp,26
30395.bmp,27
30396.bmp,28
30397.bmp,29
30398.bmp,30
30399.bmp,31
30400.bmp,32
30401.bmp,33
30402.bmp,34
30403.bmp,35
30404.bmp,36
30405.bmp,37
30406.bmp,38
30407.bmp,39
30408.bmp,40
30409.bmp,41
30410.bmp,42
30411.bmp,43
30412.bmp,44
30413.bmp,45
30414.bmp,46
30415.bmp,47
30416.bmp,48
30417.bmp,49
30418.bmp,50
30419.bmp,51
30420.bmp,52
30421.bmp,53
30422.bmp,54
30423.bmp,55
30424.bmp,56
30425.bmp,57
30426.bmp,58
30427.bmp,59
30428.bmp,60
30429.bmp,61
30430.bmp,62
30431.bmp,63
30432.bmp,64
30433.bmp,65
30434.bmp,66
30435.bmp,67
30436.bmp,68
30437.bmp,69
30438.bmp,70
30439.bmp,71
30440.bmp,72
30441.bmp,73
30442.bmp,74
30443.bmp,75
30444.bmp,76
30445.bmp,77
30446.bmp,78
30447.bmp,79
30448.bmp,80
30449.bmp,81
30450.bmp,82
30451.bmp,83
30452.bmp,84
30453.bmp,85
30454.bmp,86
30455.bmp,87
30456.bmp,88
30457.bmp,89
30458.bmp,90
30459.bmp,91
30460.bmp,92
30461.bmp,93
30462.bmp,94
30463.bmp,95
30464.bmp,96
30465.bmp,97
30466.bmp,98
30467.bmp,99
30468.bmp,100
30469.bmp,101
30470.bmp,102
30471.bmp,103
30472.bmp,104
30473.bmp,105
30474.bmp,106
30475.bmp,107
30476.bmp,108
30477.bmp,109
30478.bmp,110
30479.bmp,111
30480.bmp,112
30481.bmp,113
30482.bmp,114
30483.bmp,115
30484.bmp,116
30485.bmp,117
30486.bmp,118
30487.bmp,119
30488.bmp,120
30489.bmp,121
30490.bmp,122
30491.bmp,123
30492.bmp,124
30493.bmp,125
30494.bmp,126
30495.bmp,127
30496.bmp,128
30497.bmp,129
30498.bmp,130
30499.bmp,131
30500.bmp,132
30501.bmp,133
30502.bmp,134
30503.bmp,135
30504.bmp,136
30505.bmp,137
30506.bmp,138
30507.bmp,139
30508.bmp,140
30509.bmp,141
30510.bmp,142
30511.bmp,143
30512.bmp,144
30513.bmp,145
30514.bmp,146
30515.bmp,147
30516.bmp,148
30517.bmp,149
30518.bmp,150
30519.bmp,151
30520.bmp,152
30521.bmp,153
30522.bmp,154
30523.bmp,155
30524.bmp,80
30525.bmp,0
30526.bmp,1
30527.bmp,2
30528.bmp,3
30529.bmp,4
30530.bmp,5
30531.bmp,6
30532.bmp,7
30533.bmp,8
30534.bmp,9
30535.bmp,10
30536.bmp,11
30537.bmp,12
30538.bmp,13
30539.bmp,14
30540.bmp,15
30541.bmp,16
30542.bmp,17
30543.bmp,18
30544.bmp,19
30545.bmp,20
30546.bmp,21
30547.bmp,22
30548.bmp,23
30549.bmp,24
30550.bmp,25
30551.bmp,26
30552.bmp,27
30553.bmp,28
30554.bmp,29
30555.bmp,30
30556.bmp,31
30557.bmp,32
30558.bmp,33
30559.bmp,34
30560.bmp,35
30561.bmp,36
30562.bmp,37
30563.bmp,38
30564.bmp,39
30565.bmp,40
30566.bmp,41
30567.bmp,42
30568.bmp,43
30569.bmp,44
30570.bmp,45
30571.bmp,46
30572.bmp,47
30573.bmp,48
30574.bmp,49
30575.bmp,50
30576.bmp,51
30577.bmp,52
30578.bmp,53
30579.bmp,54
30580.bmp,55
30581.bmp,56
30582.bmp,57
30583.bmp,58
30584.bmp,59
30585.bmp,60
30586.bmp,61
30587.bmp,62
30588.bmp,63
30589.bmp,64
30590.bmp,65
30591.bmp,66
30592.bmp,67
30593.bmp,68
30594.bmp,69
30595.bmp,70
30596.bmp,71
30597.bmp,72
30598.bmp,73
30599.bmp,74
30600.bmp,75
30601.bmp,76
30602.bmp,77
30603.bmp,78
30604.bmp,79
30605.bmp,80
30606.bmp,81
30607.bmp,82
30608.bmp,83
30609.bmp,84
30610.bmp,85
30611.bmp,86
30612.bmp,87
30613.bmp,88
30614.bmp,89
30615.bmp,90
30616.bmp,91
30617.bmp,92
30618.bmp,93
30619.bmp,94
30620.bmp,95
30621.bmp,96
30622.bmp,97
30623.bmp,98
30624.bmp,99
30625.bmp,100
30626.bmp,101
30627.bmp,102
30628.bmp,103
30629.bmp,104
30630.bmp,105
30631.bmp,106
30632.bmp,107
30633.bmp,108
30634.bmp,109
30635.bmp,110
30636.bmp,111
30637.bmp,112
30638.bmp,113
30639.bmp,114
30640.bmp,115
30641.bmp,116
30642.bmp,117
30643.bmp,118
30644.bmp,119
30645.bmp,120
30646.bmp,121
30647.bmp,122
30648.bmp,123
30649.bmp,124
30650.bmp,125
30651.bmp,126
30652.bmp,127
30653.bmp,128
30654.bmp,129
30655.bmp,130
30656.bmp,131
30657.bmp,132
30658.bmp,133
30659.bmp,134
30660.bmp,135
30661.bmp,136
30662.bmp,137
30663.bmp,138
30664.bmp,139
30665.bmp,140
30666.bmp,141
30667.bmp,142
30668.bmp,143
30669.bmp,144
30670.bmp,145
30671.bmp,146
30672.bmp,147
30673.bmp,148
30674.bmp,149
30675.bmp,150
30676.bmp,151
30677.bmp,152
30678.bmp,153
30679.bmp,154
30680.bmp,155
30681.bmp,80
30682.bmp,0
30683.bmp,1
30684.bmp,2
30685.bmp,3
30686.bmp,4
30687.bmp,5
30688.bmp,6
30689.bmp,7
30690.bmp,8
30691.bmp,9
30692.bmp,10
30693.bmp,11
30694.bmp,12
30695.bmp,13
30696.bmp,14
30697.bmp,15
30698.bmp,16
30699.bmp,17
30700.bmp,18
30701.bmp,19
30702.bmp,20
30703.bmp,21
30704.bmp,22
30705.bmp,23
30706.bmp,24
30707.bmp,25
30708.bmp,26
30709.bmp,27
30710.bmp,28
30711.bmp,29
30712.bmp,30
30713.bmp,31
30714.bmp,32
30715.bmp,33
30716.bmp,34
30717.bmp,35
30718.bmp,36
30719.bmp,37
30720.bmp,38
30721.bmp,39
30722.bmp,40
30723.bmp,41
30724.bmp,42
30725.bmp,43
30726.bmp,44
30727.bmp,45
30728.bmp,46
30729.bmp,47
30730.bmp,48
30731.bmp,49
30732.bmp,50
30733.bmp,51
30734.bmp,52
30735.bmp,53
30736.bmp,54
30737.bmp,55
30738.bmp,56
30739.bmp,57
30740.bmp,58
30741.bmp,59
30742.bmp,60
30743.bmp,61
30744.bmp,62
30745.bmp,63
30746.bmp,64
30747.bmp,65
30748.bmp,66
30749.bmp,67
30750.bmp,68
30751.bmp,69
30752.bmp,70
30753.bmp,71
30754.bmp,72
30755.bmp,73
30756.bmp,74
30757.bmp,75
30758.bmp,76
30759.bmp,77
30760.bmp,78
30761.bmp,79
30762.bmp,80
30763.bmp,81
30764.bmp,82
30765.bmp,83
30766.bmp,84
30767.bmp,85
30768.bmp,86
30769.bmp,87
30770.bmp,88
30771.bmp,89
30772.bmp,90
30773.bmp,91
30774.bmp,92
30775.bmp,93
30776.bmp,94
30777.bmp,95
30778.bmp,96
30779.bmp,97
30780.bmp,98
30781.bmp,99
30782.bmp,100
30783.bmp,101
30784.bmp,102
30785.bmp,103
30786.bmp,104
30787.bmp,105
30788.bmp,106
30789.bmp,107
30790.bmp,108
30791.bmp,109
30792.bmp,110
30793.bmp,111
30794.bmp,112
30795.bmp,113
30796.bmp,114
30797.bmp,115
30798.bmp,116
30799.bmp,117
30800.bmp,118
30801.bmp,119
30802.bmp,120
30803.bmp,121
30804.bmp,122
30805.bmp,123
30806.bmp,124
30807.bmp,125
30808.bmp,126
30809.bmp,127
30810.bmp,128
30811.bmp,129
30812.bmp,130
30813.bmp,131
30814.bmp,132
30815.bmp,133
30816.bmp,134
30817.bmp,135
30818.bmp,136
30819.bmp,137
30820.bmp,138
30821.bmp,139
30822.bmp,140
30823.bmp,141
30824.bmp,142
30825.bmp,143
30826.bmp,144
30827.bmp,145
30828.bmp,146
30829.bmp,147
30830.bmp,148
30831.bmp,149
30832.bmp,150
30833.bmp,151
30834.bmp,152
30835.bmp,153
30836.bmp,154
30837.bmp,155
30838.bmp,80
30839.bmp,0
30840.bmp,1
30841.bmp,2
30842.bmp,3
30843.bmp,4
30844.bmp,5
30845.bmp,6
30846.bmp,7
30847.bmp,8
30848.bmp,9
30849.bmp,10
30850.bmp,11
30851.bmp,12
30852.bmp,13
30853.bmp,14
30854.bmp,15
30855.bmp,16
30856.bmp,17
30857.bmp,18
30858.bmp,19
30859.bmp,20
30860.bmp,21
30861.bmp,22
30862.bmp,23
30863.bmp,24
30864.bmp,25
30865.bmp,26
30866.bmp,27
30867.bmp,28
30868.bmp,29
30869.bmp,30
30870.bmp,31
30871.bmp,32
30872.bmp,33
30873.bmp,34
30874.bmp,35
30875.bmp,36
30876.bmp,37
30877.bmp,38
30878.bmp,39
30879.bmp,40
30880.bmp,41
30881.bmp,42
30882.bmp,43
30883.bmp,44
30884.bmp,45
30885.bmp,46
30886.bmp,47
30887.bmp,48
30888.bmp,49
30889.bmp,50
30890.bmp,51
30891.bmp,52
30892.bmp,53
30893.bmp,54
30894.bmp,55
30895.bmp,56
30896.bmp,57
30897.bmp,58
30898.bmp,59
30899.bmp,60
30900.bmp,61
30901.bmp,62
30902.bmp,63
30903.bmp,64
30904.bmp,65
30905.bmp,66
30906.bmp,67
30907.bmp,68
30908.bmp,69
30909.bmp,70
30910.bmp,71
30911.bmp,72
30912.bmp,73
30913.bmp,74
30914.bmp,75
30915.bmp,76
30916.bmp,77
30917.bmp,78
30918.bmp,79
30919.bmp,80
30920.bmp,81
30921.bmp,82
30922.bmp,83
30923.bmp,84
30924.bmp,85
30925.bmp,86
30926.bmp,87
30927.bmp,88
30928.bmp,89
30929.bmp,90
30930.bmp,91
30931.bmp,92
30932.bmp,93
30933.bmp,94
30934.bmp,95
30935.bmp,96
30936.bmp,97
30937.bmp,98
30938.bmp,99
30939.bmp,100
30940.bmp,101
30941.bmp,102
30942.bmp,103
30943.bmp,104
30944.bmp,105
30945.bmp,106
30946.bmp,107
30947.bmp,108
30948.bmp,109
30949.bmp,110
30950.bmp,111
30951.bmp,112
30952.bmp,113
30953.bmp,114
30954.bmp,115
30955.bmp,116
30956.bmp,117
30957.bmp,118
30958.bmp,119
30959.bmp,120
30960.bmp,121
30961.bmp,122
30962.bmp,123
30963.bmp,124
30964.bmp,125
30965.bmp,126
30966.bmp,127
30967.bmp,128
30968.bmp,129
30969.bmp,130
30970.bmp,131
30971.bmp,132
30972.bmp,133
30973.bmp,134
30974.bmp,135
30975.bmp,136
30976.bmp,137
30977.bmp,138
30978.bmp,139
30979.bmp,140
30980.bmp,141
30981.bmp,142
30982.bmp,143
30983.bmp,144
30984.bmp,145
30985.bmp,146
30986.bmp,147
30987.bmp,148
30988.bmp,149
30989.bmp,150
30990.bmp,151
30991.bmp,152
30992.bmp,153
30993.bmp,154
30994.bmp,155
30995.bmp,80
30996.bmp,0
30997.bmp,1
30998.bmp,2
30999.bmp,3
31000.bmp,4
31001.bmp,5
31002.bmp,6
31003.bmp,7
31004.bmp,8
31005.bmp,9
31006.bmp,10
31007.bmp,11
31008.bmp,12
31009.bmp,13
31010.bmp,14
31011.bmp,15
31012.bmp,16
31013.bmp,17
31014.bmp,18
31015.bmp,19
31016.bmp,20
31017.bmp,21
31018.bmp,22
31019.bmp,23
31020.bmp,24
31021.bmp,25
31022.bmp,26
31023.bmp,27
31024.bmp,28
31025.bmp,29
31026.bmp,30
31027.bmp,31
31028.bmp,32
31029.bmp,33
31030.bmp,34
31031.bmp,35
31032.bmp,36
31033.bmp,37
31034.bmp,38
31035.bmp,39
31036.bmp,40
31037.bmp,41
31038.bmp,42
31039.bmp,43
31040.bmp,44
31041.bmp,45
31042.bmp,46
31043.bmp,47
31044.bmp,48
31045.bmp,49
31046.bmp,50
31047.bmp,51
31048.bmp,52
31049.bmp,53
31050.bmp,54
31051.bmp,55
31052.bmp,56
31053.bmp,57
31054.bmp,58
31055.bmp,59
31056.bmp,60
31057.bmp,61
31058.bmp,62
31059.bmp,63
31060.bmp,64
31061.bmp,65
31062.bmp,66
31063.bmp,67
31064.bmp,68
31065.bmp,69
31066.bmp,70
31067.bmp,71
31068.bmp,72
31069.bmp,73
31070.bmp,74
31071.bmp,75
31072.bmp,76
31073.bmp,77
31074.bmp,78
31075.bmp,79
31076.bmp,80
31077.bmp,81
31078.bmp,82
31079.bmp,83
31080.bmp,84
31081.bmp,85
31082.bmp,86
31083.bmp,87
31084.bmp,88
31085.bmp,89
31086.bmp,90
31087.bmp,91
31088.bmp,92
31089.bmp,93
31090.bmp,94
31091.bmp,95
31092.bmp,96
31093.bmp,97
31094.bmp,98
31095.bmp,99
31096.bmp,100
31097.bmp,101
31098.bmp,102
31099.bmp,103
31100.bmp,104
31101.bmp,105
31102.bmp,106
31103.bmp,107
31104.bmp,108
31105.bmp,109
31106.bmp,110
31107.bmp,111
31108.bmp,112
31109.bmp,113
31110.bmp,114
31111.bmp,115
31112.bmp,116
31113.bmp,117
31114.bmp,118
31115.bmp,119
31116.bmp,120
31117.bmp,121
31118.bmp,122
31119.bmp,123
31120.bmp,124
31121.bmp,125
31122.bmp,126
31123.bmp,127
31124.bmp,128
31125.bmp,129
31126.bmp,130
31127.bmp,131
31128.bmp,132
31129.bmp,133
31130.bmp,134
31131.bmp,135
31132.bmp,136
31133.bmp,137
31134.bmp,138
31135.bmp,139
31136.bmp,140
31137.bmp,141
31138.bmp,142
31139.bmp,143
31140.bmp,144
31141.bmp,145
31142.bmp,146
31143.bmp,147
31144.bmp,148
31145.bmp,149
31146.bmp,150
31147.bmp,151
31148.bmp,152
31149.bmp,153
31150.bmp,154
31151.bmp,155
31152.bmp,80
31153.bmp,0
31154.bmp,1
31155.bmp,2
31156.bmp,3
31157.bmp,4
31158.bmp,5
31159.bmp,6
31160.bmp,7
31161.bmp,8
31162.bmp,9
31163.bmp,10
31164.bmp,11
31165.bmp,12
31166.bmp,13
31167.bmp,14
31168.bmp,15
31169.bmp,16
31170.bmp,17
31171.bmp,18
31172.bmp,19
31173.bmp,20
31174.bmp,21
31175.bmp,22
31176.bmp,23
31177.bmp,24
31178.bmp,25
31179.bmp,26
31180.bmp,27
31181.bmp,28
31182.bmp,29
31183.bmp,30
31184.bmp,31
31185.bmp,32
31186.bmp,33
31187.bmp,34
31188.bmp,35
31189.bmp,36
31190.bmp,37
31191.bmp,38
31192.bmp,39
31193.bmp,40
31194.bmp,41
31195.bmp,42
31196.bmp,43
31197.bmp,44
31198.bmp,45
31199.bmp,46
31200.bmp,47
31201.bmp,48
31202.bmp,49
31203.bmp,50
31204.bmp,51
31205.bmp,52
31206.bmp,53
31207.bmp,54
31208.bmp,55
31209.bmp,56
31210.bmp,57
31211.bmp,58
31212.bmp,59
31213.bmp,60
31214.bmp,61
31215.bmp,62
31216.bmp,63
31217.bmp,64
31218.bmp,65
31219.bmp,66
31220.bmp,67
31221.bmp,68
31222.bmp,69
31223.bmp,70
31224.bmp,71
31225.bmp,72
31226.bmp,73
31227.bmp,74
31228.bmp,75
31229.bmp,76
31230.bmp,77
31231.bmp,78
31232.bmp,79
31233.bmp,80
31234.bmp,81
31235.bmp,82
31236.bmp,83
31237.bmp,84
31238.bmp,85
31239.bmp,86
31240.bmp,87
31241.bmp,88
31242.bmp,89
31243.bmp,90
31244.bmp,91
31245.bmp,92
31246.bmp,93
31247.bmp,94
31248.bmp,95
31249.bmp,96
31250.bmp,97
31251.bmp,98
31252.bmp,99
31253.bmp,100
31254.bmp,101
31255.bmp,102
31256.bmp,103
31257.bmp,104
31258.bmp,105
31259.bmp,106
31260.bmp,107
31261.bmp,108
31262.bmp,109
31263.bmp,110
31264.bmp,111
31265.bmp,112
31266.bmp,113
31267.bmp,114
31268.bmp,115
31269.bmp,116
31270.bmp,117
31271.bmp,118
31272.bmp,119
31273.bmp,120
31274.bmp,121
31275.bmp,122
31276.bmp,123
31277.bmp,124
31278.bmp,125
31279.bmp,126
31280.bmp,127
31281.bmp,128
31282.bmp,129
31283.bmp,130
31284.bmp,131
31285.bmp,132
31286.bmp,133
31287.bmp,134
31288.bmp,135
31289.bmp,136
31290.bmp,137
31291.bmp,138
31292.bmp,139
31293.bmp,140
31294.bmp,141
31295.bmp,142
31296.bmp,143
31297.bmp,144
31298.bmp,145
31299.bmp,146
31300.bmp,147
31301.bmp,148
31302.bmp,149
31303.bmp,150
31304.bmp,151
31305.bmp,152
31306.bmp,153
31307.bmp,154
31308.bmp,155
31309.bmp,80
31310.bmp,0
31311.bmp,1
31312.bmp,2
31313.bmp,3
31314.bmp,4
31315.bmp,5
31316.bmp,6
31317.bmp,7
31318.bmp,8
31319.bmp,9
31320.bmp,10
31321.bmp,11
31322.bmp,12
31323.bmp,13
31324.bmp,14
31325.bmp,15
31326.bmp,16
31327.bmp,17
31328.bmp,18
31329.bmp,19
31330.bmp,20
31331.bmp,21
31332.bmp,22
31333.bmp,23
31334.bmp,24
31335.bmp,25
31336.bmp,26
31337.bmp,27
31338.bmp,28
31339.bmp,29
31340.bmp,30
31341.bmp,31
31342.bmp,32
31343.bmp,33
31344.bmp,34
31345.bmp,35
31346.bmp,36
31347.bmp,37
31348.bmp,38
31349.bmp,39
31350.bmp,40
31351.bmp,41
31352.bmp,42
31353.bmp,43
31354.bmp,44
31355.bmp,45
31356.bmp,46
31357.bmp,47
31358.bmp,48
31359.bmp,49
31360.bmp,50
31361.bmp,51
31362.bmp,52
31363.bmp,53
31364.bmp,54
31365.bmp,55
31366.bmp,56
31367.bmp,57
31368.bmp,58
31369.bmp,59
31370.bmp,60
31371.bmp,61
31372.bmp,62
31373.bmp,63
31374.bmp,64
31375.bmp,65
31376.bmp,66
31377.bmp,67
31378.bmp,68
31379.bmp,69
31380.bmp,70
31381.bmp,71
31382.bmp,72
31383.bmp,73
31384.bmp,74
31385.bmp,75
31386.bmp,76
31387.bmp,77
31388.bmp,78
31389.bmp,79
31390.bmp,80
31391.bmp,81
31392.bmp,82
31393.bmp,83
31394.bmp,84
31395.bmp,85
31396.bmp,86
31397.bmp,87
31398.bmp,88
31399.bmp,89
31400.bmp,90
31401.bmp,91
31402.bmp,92
31403.bmp,93
31404.bmp,94
31405.bmp,95
31406.bmp,96
31407.bmp,97
31408.bmp,98
31409.bmp,99
31410.bmp,100
31411.bmp,101
31412.bmp,102
31413.bmp,103
31414.bmp,104
31415.bmp,105
31416.bmp,106
31417.bmp,107
31418.bmp,108
31419.bmp,109
31420.bmp,110
31421.bmp,111
31422.bmp,112
31423.bmp,113
31424.bmp,114
31425.bmp,115
31426.bmp,116
31427.bmp,117
31428.bmp,118
31429.bmp,119
31430.bmp,120
31431.bmp,121
31432.bmp,122
31433.bmp,123
31434.bmp,124
31435.bmp,125
31436.bmp,126
31437.bmp,127
31438.bmp,128
31439.bmp,129
31440.bmp,130
31441.bmp,131
31442.bmp,132
31443.bmp,133
31444.bmp,134
31445.bmp,135
31446.bmp,136
31447.bmp,137
31448.bmp,138
31449.bmp,139
31450.bmp,140
31451.bmp,141
31452.bmp,142
31453.bmp,143
31454.bmp,144
31455.bmp,145
31456.bmp,146
31457.bmp,147
31458.bmp,148
31459.bmp,149
31460.bmp,150
31461.bmp,151
31462.bmp,152
31463.bmp,153
31464.bmp,154
31465.bmp,155
31466.bmp,80
31467.bmp,0
31468.bmp,1
31469.bmp,2
31470.bmp,3
31471.bmp,4
31472.bmp,5
31473.bmp,6
31474.bmp,7
31475.bmp,8
31476.bmp,9
31477.bmp,10
31478.bmp,11
31479.bmp,12
31480.bmp,13
31481.bmp,14
31482.bmp,15
31483.bmp,16
31484.bmp,17
31485.bmp,18
31486.bmp,19
31487.bmp,20
31488.bmp,21
31489.bmp,22
31490.bmp,23
31491.bmp,24
31492.bmp,25
31493.bmp,26
31494.bmp,27
31495.bmp,28
31496.bmp,29
31497.bmp,30
31498.bmp,31
31499.bmp,32
31500.bmp,33
31501.bmp,34
31502.bmp,35
31503.bmp,36
31504.bmp,37
31505.bmp,38
31506.bmp,39
31507.bmp,40
31508.bmp,41
31509.bmp,42
31510.bmp,43
31511.bmp,44
31512.bmp,45
31513.bmp,46
31514.bmp,47
31515.bmp,48
31516.bmp,49
31517.bmp,50
31518.bmp,51
31519.bmp,52
31520.bmp,53
31521.bmp,54
31522.bmp,55
31523.bmp,56
31524.bmp,57
31525.bmp,58
31526.bmp,59
31527.bmp,60
31528.bmp,61
31529.bmp,62
31530.bmp,63
31531.bmp,64
31532.bmp,65
31533.bmp,66
31534.bmp,67
31535.bmp,68
31536.bmp,69
31537.bmp,70
31538.bmp,71
31539.bmp,72
31540.bmp,73
31541.bmp,74
31542.bmp,75
31543.bmp,76
31544.bmp,77
31545.bmp,78
31546.bmp,79
31547.bmp,80
31548.bmp,81
31549.bmp,82
31550.bmp,83
31551.bmp,84
31552.bmp,85
31553.bmp,86
31554.bmp,87
31555.bmp,88
31556.bmp,89
31557.bmp,90
31558.bmp,91
31559.bmp,92
31560.bmp,93
31561.bmp,94
31562.bmp,95
31563.bmp,96
31564.bmp,97
31565.bmp,98
31566.bmp,99
31567.bmp,100
31568.bmp,101
31569.bmp,102
31570.bmp,103
31571.bmp,104
31572.bmp,105
31573.bmp,106
31574.bmp,107
31575.bmp,108
31576.bmp,109
31577.bmp,110
31578.bmp,111
31579.bmp,112
31580.bmp,113
31581.bmp,114
31582.bmp,115
31583.bmp,116
31584.bmp,117
31585.bmp,118
31586.bmp,119
31587.bmp,120
31588.bmp,121
31589.bmp,122
31590.bmp,123
31591.bmp,124
31592.bmp,125
31593.bmp,126
31594.bmp,127
31595.bmp,128
31596.bmp,129
31597.bmp,130
31598.bmp,131
31599.bmp,132
31600.bmp,133
31601.bmp,134
31602.bmp,135
31603.bmp,136
31604.bmp,137
31605.bmp,138
31606.bmp,139
31607.bmp,140
31608.bmp,141
31609.bmp,142
31610.bmp,143
31611.bmp,144
31612.bmp,145
31613.bmp,146
31614.bmp,147
31615.bmp,148
31616.bmp,149
31617.bmp,150
31618.bmp,151
31619.bmp,152
31620.bmp,153
31621.bmp,154
31622.bmp,155
31623.bmp,80
31624.bmp,0
31625.bmp,1
31626.bmp,2
31627.bmp,3
31628.bmp,4
31629.bmp,5
31630.bmp,6
31631.bmp,7
31632.bmp,8
31633.bmp,9
31634.bmp,10
31635.bmp,11
31636.bmp,12
31637.bmp,13
31638.bmp,14
31639.bmp,15
31640.bmp,16
31641.bmp,17
31642.bmp,18
31643.bmp,19
31644.bmp,20
31645.bmp,21
31646.bmp,22
31647.bmp,23
31648.bmp,24
31649.bmp,25
31650.bmp,26
31651.bmp,27
31652.bmp,28
31653.bmp,29
31654.bmp,30
31655.bmp,31
31656.bmp,32
31657.bmp,33
31658.bmp,34
31659.bmp,35
31660.bmp,36
31661.bmp,37
31662.bmp,38
31663.bmp,39
31664.bmp,40
31665.bmp,41
31666.bmp,42
31667.bmp,43
31668.bmp,44
31669.bmp,45
31670.bmp,46
31671.bmp,47
31672.bmp,48
31673.bmp,49
31674.bmp,50
31675.bmp,51
31676.bmp,52
31677.bmp,53
31678.bmp,54
31679.bmp,55
31680.bmp,56
31681.bmp,57
31682.bmp,58
31683.bmp,59
31684.bmp,60
31685.bmp,61
31686.bmp,62
31687.bmp,63
31688.bmp,64
31689.bmp,65
31690.bmp,66
31691.bmp,67
31692.bmp,68
31693.bmp,69
31694.bmp,70
31695.bmp,71
31696.bmp,72
31697.bmp,73
31698.bmp,74
31699.bmp,75
31700.bmp,76
31701.bmp,77
31702.bmp,78
31703.bmp,79
31704.bmp,80
31705.bmp,81
31706.bmp,82
31707.bmp,83
31708.bmp,84
31709.bmp,85
31710.bmp,86
31711.bmp,87
31712.bmp,88
31713.bmp,89
31714.bmp,90
31715.bmp,91
31716.bmp,92
31717.bmp,93
31718.bmp,94
31719.bmp,95
31720.bmp,96
31721.bmp,97
31722.bmp,98
31723.bmp,99
31724.bmp,100
31725.bmp,101
31726.bmp,102
31727.bmp,103
31728.bmp,104
31729.bmp,105
31730.bmp,106
31731.bmp,107
31732.bmp,108
31733.bmp,109
31734.bmp,110
31735.bmp,111
31736.bmp,112
31737.bmp,113
31738.bmp,114
31739.bmp,115
31740.bmp,116
31741.bmp,117
31742.bmp,118
31743.bmp,119
31744.bmp,120
31745.bmp,121
31746.bmp,122
31747.bmp,123
31748.bmp,124
31749.bmp,125
31750.bmp,126
31751.bmp,127
31752.bmp,128
31753.bmp,129
31754.bmp,130
31755.bmp,131
31756.bmp,132
31757.bmp,133
31758.bmp,134
31759.bmp,135
31760.bmp,136
31761.bmp,137
31762.bmp,138
31763.bmp,139
31764.bmp,140
31765.bmp,141
31766.bmp,142
31767.bmp,143
31768.bmp,144
31769.bmp,145
31770.bmp,146
31771.bmp,147
31772.bmp,148
31773.bmp,149
31774.bmp,150
31775.bmp,151
31776.bmp,152
31777.bmp,153
31778.bmp,154
31779.bmp,155
31780.bmp,80
31781.bmp,0
31782.bmp,1
31783.bmp,2
31784.bmp,3
31785.bmp,4
31786.bmp,5
31787.bmp,6
31788.bmp,7
31789.bmp,8
31790.bmp,9
31791.bmp,10
31792.bmp,11
31793.bmp,12
31794.bmp,13
31795.bmp,14
31796.bmp,15
31797.bmp,16
31798.bmp,17
31799.bmp,18
31800.bmp,19
31801.bmp,20
31802.bmp,21
31803.bmp,22
31804.bmp,23
31805.bmp,24
31806.bmp,25
31807.bmp,26
31808.bmp,27
31809.bmp,28
31810.bmp,29
31811.bmp,30
31812.bmp,31
31813.bmp,32
31814.bmp,33
31815.bmp,34
31816.bmp,35
31817.bmp,36
31818.bmp,37
31819.bmp,38
31820.bmp,39
31821.bmp,40
31822.bmp,41
31823.bmp,42
31824.bmp,43
31825.bmp,44
31826.bmp,45
31827.bmp,46
31828.bmp,47
31829.bmp,48
31830.bmp,49
31831.bmp,50
31832.bmp,51
31833.bmp,52
31834.bmp,53
31835.bmp,54
31836.bmp,55
31837.bmp,56
31838.bmp,57
31839.bmp,58
31840.bmp,59
31841.bmp,60
31842.bmp,61
31843.bmp,62
31844.bmp,63
31845.bmp,64
31846.bmp,65
31847.bmp,66
31848.bmp,67
31849.bmp,68
31850.bmp,69
31851.bmp,70
31852.bmp,71
31853.bmp,72
31854.bmp,73
31855.bmp,74
31856.bmp,75
31857.bmp,76
31858.bmp,77
31859.bmp,78
31860.bmp,79
31861.bmp,80
31862.bmp,81
31863.bmp,82
31864.bmp,83
31865.bmp,84
31866.bmp,85
31867.bmp,86
31868.bmp,87
31869.bmp,88
31870.bmp,89
31871.bmp,90
31872.bmp,91
31873.bmp,92
31874.bmp,93
31875.bmp,94
31876.bmp,95
31877.bmp,96
31878.bmp,97
31879.bmp,98
31880.bmp,99
31881.bmp,100
31882.bmp,101
31883.bmp,102
31884.bmp,103
31885.bmp,104
31886.bmp,105
31887.bmp,106
31888.bmp,107
31889.bmp,108
31890.bmp,109
31891.bmp,110
31892.bmp,111
31893.bmp,112
31894.bmp,113
31895.bmp,114
31896.bmp,115
31897.bmp,116
31898.bmp,117
31899.bmp,118
31900.bmp,119
31901.bmp,120
31902.bmp,121
31903.bmp,122
31904.bmp,123
31905.bmp,124
31906.bmp,125
31907.bmp,126
31908.bmp,127
31909.bmp,128
31910.bmp,129
31911.bmp,130
31912.bmp,131
31913.bmp,132
31914.bmp,133
31915.bmp,134
31916.bmp,135
31917.bmp,136
31918.bmp,137
31919.bmp,138
31920.bmp,139
31921.bmp,140
31922.bmp,141
31923.bmp,142
31924.bmp,143
31925.bmp,144
31926.bmp,145
31927.bmp,146
31928.bmp,147
31929.bmp,148
31930.bmp,149
31931.bmp,150
31932.bmp,151
31933.bmp,152
31934.bmp,153
31935.bmp,154
31936.bmp,155
31937.bmp,80
31938.bmp,0
31939.bmp,1
31940.bmp,2
31941.bmp,3
31942.bmp,4
31943.bmp,5
31944.bmp,6
31945.bmp,7
31946.bmp,8
31947.bmp,9
31948.bmp,10
31949.bmp,11
31950.bmp,12
31951.bmp,13
31952.bmp,14
31953.bmp,15
31954.bmp,16
31955.bmp,17
31956.bmp,18
31957.bmp,19
31958.bmp,20
31959.bmp,21
31960.bmp,22
31961.bmp,23
31962.bmp,24
31963.bmp,25
31964.bmp,26
31965.bmp,27
31966.bmp,28
31967.bmp,29
31968.bmp,30
31969.bmp,31
31970.bmp,32
31971.bmp,33
31972.bmp,34
31973.bmp,35
31974.bmp,36
31975.bmp,37
31976.bmp,38
31977.bmp,39
31978.bmp,40
31979.bmp,41
31980.bmp,42
31981.bmp,43
31982.bmp,44
31983.bmp,45
31984.bmp,46
31985.bmp,47
31986.bmp,48
31987.bmp,49
31988.bmp,50
31989.bmp,51
31990.bmp,52
31991.bmp,53
31992.bmp,54
31993.bmp,55
31994.bmp,56
31995.bmp,57
31996.bmp,58
31997.bmp,59
31998.bmp,60
31999.bmp,61
32000.bmp,62
32001.bmp,63
32002.bmp,64
32003.bmp,65
32004.bmp,66
32005.bmp,67
32006.bmp,68
32007.bmp,69
32008.bmp,70
32009.bmp,71
32010.bmp,72
32011.bmp,73
32012.bmp,74
32013.bmp,75
32014.bmp,76
32015.bmp,77
32016.bmp,78
32017.bmp,79
32018.bmp,80
32019.bmp,81
32020.bmp,82
32021.bmp,83
32022.bmp,84
32023.bmp,85
32024.bmp,86
32025.bmp,87
32026.bmp,88
32027.bmp,89
32028.bmp,90
32029.bmp,91
32030.bmp,92
32031.bmp,93
32032.bmp,94
32033.bmp,95
32034.bmp,96
32035.bmp,97
32036.bmp,98
32037.bmp,99
32038.bmp,100
32039.bmp,101
32040.bmp,102
32041.bmp,103
32042.bmp,104
32043.bmp,105
32044.bmp,106
32045.bmp,107
32046.bmp,108
32047.bmp,109
32048.bmp,110
32049.bmp,111
32050.bmp,112
32051.bmp,113
32052.bmp,114
32053.bmp,115
32054.bmp,116
32055.bmp,117
32056.bmp,118
32057.bmp,119
32058.bmp,120
32059.bmp,121
32060.bmp,122
32061.bmp,123
32062.bmp,124
32063.bmp,125
32064.bmp,126
32065.bmp,127
32066.bmp,128
32067.bmp,129
32068.bmp,130
32069.bmp,131
32070.bmp,132
32071.bmp,133
32072.bmp,134
32073.bmp,135
32074.bmp,136
32075.bmp,137
32076.bmp,138
32077.bmp,139
32078.bmp,140
32079.bmp,141
32080.bmp,142
32081.bmp,143
32082.bmp,144
32083.bmp,145
32084.bmp,146
32085.bmp,147
32086.bmp,148
32087.bmp,149
32088.bmp,150
32089.bmp,151
32090.bmp,152
32091.bmp,153
32092.bmp,154
32093.bmp,155
32094.bmp,80
32095.bmp,0
32096.bmp,1
32097.bmp,2
32098.bmp,3
32099.bmp,4
32100.bmp,5
32101.bmp,6
32102.bmp,7
32103.bmp,8
32104.bmp,9
32105.bmp,10
32106.bmp,11
32107.bmp,12
32108.bmp,13
32109.bmp,14
32110.bmp,15
32111.bmp,16
32112.bmp,17
32113.bmp,18
32114.bmp,19
32115.bmp,20
32116.bmp,21
32117.bmp,22
32118.bmp,23
32119.bmp,24
32120.bmp,25
32121.bmp,26
32122.bmp,27
32123.bmp,28
32124.bmp,29
32125.bmp,30
32126.bmp,31
32127.bmp,32
32128.bmp,33
32129.bmp,34
32130.bmp,35
32131.bmp,36
32132.bmp,37
32133.bmp,38
32134.bmp,39
32135.bmp,40
32136.bmp,41
32137.bmp,42
32138.bmp,43
32139.bmp,44
32140.bmp,45
32141.bmp,46
32142.bmp,47
32143.bmp,48
32144.bmp,49
32145.bmp,50
32146.bmp,51
32147.bmp,52
32148.bmp,53
32149.bmp,54
32150.bmp,55
32151.bmp,56
32152.bmp,57
32153.bmp,58
32154.bmp,59
32155.bmp,60
32156.bmp,61
32157.bmp,62
32158.bmp,63
32159.bmp,64
32160.bmp,65
32161.bmp,66
32162.bmp,67
32163.bmp,68
32164.bmp,69
32165.bmp,70
32166.bmp,71
32167.bmp,72
32168.bmp,73
32169.bmp,74
32170.bmp,75
32171.bmp,76
32172.bmp,77
32173.bmp,78
32174.bmp,79
32175.bmp,80
32176.bmp,81
32177.bmp,82
32178.bmp,83
32179.bmp,84
32180.bmp,85
32181.bmp,86
32182.bmp,87
32183.bmp,88
32184.bmp,89
32185.bmp,90
32186.bmp,91
32187.bmp,92
32188.bmp,93
32189.bmp,94
32190.bmp,95
32191.bmp,96
32192.bmp,97
32193.bmp,98
32194.bmp,99
32195.bmp,100
32196.bmp,101
32197.bmp,102
32198.bmp,103
32199.bmp,104
32200.bmp,105
32201.bmp,106
32202.bmp,107
32203.bmp,108
32204.bmp,109
32205.bmp,110
32206.bmp,111
32207.bmp,112
32208.bmp,113
32209.bmp,114
32210.bmp,115
32211.bmp,116
32212.bmp,117
32213.bmp,118
32214.bmp,119
32215.bmp,120
32216.bmp,121
32217.bmp,122
32218.bmp,123
32219.bmp,124
32220.bmp,125
32221.bmp,126
32222.bmp,127
32223.bmp,128
32224.bmp,129
32225.bmp,130
32226.bmp,131
32227.bmp,132
32228.bmp,133
32229.bmp,134
32230.bmp,135
32231.bmp,136
32232.bmp,137
32233.bmp,138
32234.bmp,139
32235.bmp,140
32236.bmp,141
32237.bmp,142
32238.bmp,143
32239.bmp,144
32240.bmp,145
32241.bmp,146
32242.bmp,147
32243.bmp,148
32244.bmp,149
32245.bmp,150
32246.bmp,151
32247.bmp,152
32248.bmp,153
32249.bmp,154
32250.bmp,155
32251.bmp,80
32252.bmp,0
32253.bmp,1
32254.bmp,2
32255.bmp,3
32256.bmp,4
32257.bmp,5
32258.bmp,6
32259.bmp,7
32260.bmp,8
32261.bmp,9
32262.bmp,10
32263.bmp,11
32264.bmp,12
32265.bmp,13
32266.bmp,14
32267.bmp,15
32268.bmp,16
32269.bmp,17
32270.bmp,18
32271.bmp,19
32272.bmp,20
32273.bmp,21
32274.bmp,22
32275.bmp,23
32276.bmp,24
32277.bmp,25
32278.bmp,26
32279.bmp,27
32280.bmp,28
32281.bmp,29
32282.bmp,30
32283.bmp,31
32284.bmp,32
32285.bmp,33
32286.bmp,34
32287.bmp,35
32288.bmp,36
32289.bmp,37
32290.bmp,38
32291.bmp,39
32292.bmp,40
32293.bmp,41
32294.bmp,42
32295.bmp,43
32296.bmp,44
32297.bmp,45
32298.bmp,46
32299.bmp,47
32300.bmp,48
32301.bmp,49
32302.bmp,50
32303.bmp,51
32304.bmp,52
32305.bmp,53
32306.bmp,54
32307.bmp,55
32308.bmp,56
32309.bmp,57
32310.bmp,58
32311.bmp,59
32312.bmp,60
32313.bmp,61
32314.bmp,62
32315.bmp,63
32316.bmp,64
32317.bmp,65
32318.bmp,66
32319.bmp,67
32320.bmp,68
32321.bmp,69
32322.bmp,70
32323.bmp,71
32324.bmp,72
32325.bmp,73
32326.bmp,74
32327.bmp,75
32328.bmp,76
32329.bmp,77
32330.bmp,78
32331.bmp,79
32332.bmp,80
32333.bmp,81
32334.bmp,82
32335.bmp,83
32336.bmp,84
32337.bmp,85
32338.bmp,86
32339.bmp,87
32340.bmp,88
32341.bmp,89
32342.bmp,90
32343.bmp,91
32344.bmp,92
32345.bmp,93
32346.bmp,94
32347.bmp,95
32348.bmp,96
32349.bmp,97
32350.bmp,98
32351.bmp,99
32352.bmp,100
32353.bmp,101
32354.bmp,102
32355.bmp,103
32356.bmp,104
32357.bmp,105
32358.bmp,106
32359.bmp,107
32360.bmp,108
32361.bmp,109
32362.bmp,110
32363.bmp,111
32364.bmp,112
32365.bmp,113
32366.bmp,114
32367.bmp,115
32368.bmp,116
32369.bmp,117
32370.bmp,118
32371.bmp,119
32372.bmp,120
32373.bmp,121
32374.bmp,122
32375.bmp,123
32376.bmp,124
32377.bmp,125
32378.bmp,126
32379.bmp,127
32380.bmp,128
32381.bmp,129
32382.bmp,130
32383.bmp,131
32384.bmp,132
32385.bmp,133
32386.bmp,134
32387.bmp,135
32388.bmp,136
32389.bmp,137
32390.bmp,138
32391.bmp,139
32392.bmp,140
32393.bmp,141
32394.bmp,142
32395.bmp,143
32396.bmp,144
32397.bmp,145
32398.bmp,146
32399.bmp,147
32400.bmp,148
32401.bmp,149
32402.bmp,150
32403.bmp,151
32404.bmp,152
32405.bmp,153
32406.bmp,154
32407.bmp,155
32408.bmp,80
32409.bmp,0
32410.bmp,1
32411.bmp,2
32412.bmp,3
32413.bmp,4
32414.bmp,5
32415.bmp,6
32416.bmp,7
32417.bmp,8
32418.bmp,9
32419.bmp,10
32420.bmp,11
32421.bmp,12
32422.bmp,13
32423.bmp,14
32424.bmp,15
32425.bmp,16
32426.bmp,17
32427.bmp,18
32428.bmp,19
32429.bmp,20
32430.bmp,21
32431.bmp,22
32432.bmp,23
32433.bmp,24
32434.bmp,25
32435.bmp,26
32436.bmp,27
32437.bmp,28
32438.bmp,29
32439.bmp,30
32440.bmp,31
32441.bmp,32
32442.bmp,33
32443.bmp,34
32444.bmp,35
32445.bmp,36
32446.bmp,37
32447.bmp,38
32448.bmp,39
32449.bmp,40
32450.bmp,41
32451.bmp,42
32452.bmp,43
32453.bmp,44
32454.bmp,45
32455.bmp,46
32456.bmp,47
32457.bmp,48
32458.bmp,49
32459.bmp,50
32460.bmp,51
32461.bmp,52
32462.bmp,53
32463.bmp,54
32464.bmp,55
32465.bmp,56
32466.bmp,57
32467.bmp,58
32468.bmp,59
32469.bmp,60
32470.bmp,61
32471.bmp,62
32472.bmp,63
32473.bmp,64
32474.bmp,65
32475.bmp,66
32476.bmp,67
32477.bmp,68
32478.bmp,69
32479.bmp,70
32480.bmp,71
32481.bmp,72
32482.bmp,73
32483.bmp,74
32484.bmp,75
32485.bmp,76
32486.bmp,77
32487.bmp,78
32488.bmp,79
32489.bmp,80
32490.bmp,81
32491.bmp,82
32492.bmp,83
32493.bmp,84
32494.bmp,85
32495.bmp,86
32496.bmp,87
32497.bmp,88
32498.bmp,89
32499.bmp,90
32500.bmp,91
32501.bmp,92
32502.bmp,93
32503.bmp,94
32504.bmp,95
32505.bmp,96
32506.bmp,97
32507.bmp,98
32508.bmp,99
32509.bmp,100
32510.bmp,101
32511.bmp,102
32512.bmp,103
32513.bmp,104
32514.bmp,105
32515.bmp,106
32516.bmp,107
32517.bmp,108
32518.bmp,109
32519.bmp,110
32520.bmp,111
32521.bmp,112
32522.bmp,113
32523.bmp,114
32524.bmp,115
32525.bmp,116
32526.bmp,117
32527.bmp,118
32528.bmp,119
32529.bmp,120
32530.bmp,121
32531.bmp,122
32532.bmp,123
32533.bmp,124
32534.bmp,125
32535.bmp,126
32536.bmp,127
32537.bmp,128
32538.bmp,129
32539.bmp,130
32540.bmp,131
32541.bmp,132
32542.bmp,133
32543.bmp,134
32544.bmp,135
32545.bmp,136
32546.bmp,137
32547.bmp,138
32548.bmp,139
32549.bmp,140
32550.bmp,141
32551.bmp,142
32552.bmp,143
32553.bmp,144
32554.bmp,145
32555.bmp,146
32556.bmp,147
32557.bmp,148
32558.bmp,149
32559.bmp,150
32560.bmp,151
32561.bmp,152
32562.bmp,153
32563.bmp,154
32564.bmp,155
32565.bmp,80
32566.bmp,0
32567.bmp,1
32568.bmp,2
32569.bmp,3
32570.bmp,4
32571.bmp,5
32572.bmp,6
32573.bmp,7
32574.bmp,8
32575.bmp,9
32576.bmp,10
32577.bmp,11
32578.bmp,12
32579.bmp,13
32580.bmp,14
32581.bmp,15
32582.bmp,16
32583.bmp,17
32584.bmp,18
32585.bmp,19
32586.bmp,20
32587.bmp,21
32588.bmp,22
32589.bmp,23
32590.bmp,24
32591.bmp,25
32592.bmp,26
32593.bmp,27
32594.bmp,28
32595.bmp,29
32596.bmp,30
32597.bmp,31
32598.bmp,32
32599.bmp,33
32600.bmp,34
32601.bmp,35
32602.bmp,36
32603.bmp,37
32604.bmp,38
32605.bmp,39
32606.bmp,40
32607.bmp,41
32608.bmp,42
32609.bmp,43
32610.bmp,44
32611.bmp,45
32612.bmp,46
32613.bmp,47
32614.bmp,48
32615.bmp,49
32616.bmp,50
32617.bmp,51
32618.bmp,52
32619.bmp,53
32620.bmp,54
32621.bmp,55
32622.bmp,56
32623.bmp,57
32624.bmp,58
32625.bmp,59
32626.bmp,60
32627.bmp,61
32628.bmp,62
32629.bmp,63
32630.bmp,64
32631.bmp,65
32632.bmp,66
32633.bmp,67
32634.bmp,68
32635.bmp,69
32636.bmp,70
32637.bmp,71
32638.bmp,72
32639.bmp,73
32640.bmp,74
32641.bmp,75
32642.bmp,76
32643.bmp,77
32644.bmp,78
32645.bmp,79
32646.bmp,80
32647.bmp,81
32648.bmp,82
32649.bmp,83
32650.bmp,84
32651.bmp,85
32652.bmp,86
32653.bmp,87
32654.bmp,88
32655.bmp,89
32656.bmp,90
32657.bmp,91
32658.bmp,92
32659.bmp,93
32660.bmp,94
32661.bmp,95
32662.bmp,96
32663.bmp,97
32664.bmp,98
32665.bmp,99
32666.bmp,100
32667.bmp,101
32668.bmp,102
32669.bmp,103
32670.bmp,104
32671.bmp,105
32672.bmp,106
32673.bmp,107
32674.bmp,108
32675.bmp,109
32676.bmp,110
32677.bmp,111
32678.bmp,112
32679.bmp,113
32680.bmp,114
32681.bmp,115
32682.bmp,116
32683.bmp,117
32684.bmp,118
32685.bmp,119
32686.bmp,120
32687.bmp,121
32688.bmp,122
32689.bmp,123
32690.bmp,124
32691.bmp,125
32692.bmp,126
32693.bmp,127
32694.bmp,128
32695.bmp,129
32696.bmp,130
32697.bmp,131
32698.bmp,132
32699.bmp,133
32700.bmp,134
32701.bmp,135
32702.bmp,136
32703.bmp,137
32704.bmp,138
32705.bmp,139
32706.bmp,140
32707.bmp,141
32708.bmp,142
32709.bmp,143
32710.bmp,144
32711.bmp,145
32712.bmp,146
32713.bmp,147
32714.bmp,148
32715.bmp,149
32716.bmp,150
32717.bmp,151
32718.bmp,152
32719.bmp,153
32720.bmp,154
32721.bmp,155
32722.bmp,80
32723.bmp,0
32724.bmp,1
32725.bmp,2
32726.bmp,3
32727.bmp,4
32728.bmp,5
32729.bmp,6
32730.bmp,7
32731.bmp,8
32732.bmp,9
32733.bmp,10
32734.bmp,11
32735.bmp,12
32736.bmp,13
32737.bmp,14
32738.bmp,15
32739.bmp,16
32740.bmp,17
32741.bmp,18
32742.bmp,19
32743.bmp,20
32744.bmp,21
32745.bmp,22
32746.bmp,23
32747.bmp,24
32748.bmp,25
32749.bmp,26
32750.bmp,27
32751.bmp,28
32752.bmp,29
32753.bmp,30
32754.bmp,31
32755.bmp,32
32756.bmp,33
32757.bmp,34
32758.bmp,35
32759.bmp,36
32760.bmp,37
32761.bmp,38
32762.bmp,39
32763.bmp,40
32764.bmp,41
32765.bmp,42
32766.bmp,43
32767.bmp,44
32768.bmp,45
32769.bmp,46
32770.bmp,47
32771.bmp,48
32772.bmp,49
32773.bmp,50
32774.bmp,51
32775.bmp,52
32776.bmp,53
32777.bmp,54
32778.bmp,55
32779.bmp,56
32780.bmp,57
32781.bmp,58
32782.bmp,59
32783.bmp,60
32784.bmp,61
32785.bmp,62
32786.bmp,63
32787.bmp,64
32788.bmp,65
32789.bmp,66
32790.bmp,67
32791.bmp,68
32792.bmp,69
32793.bmp,70
32794.bmp,71
32795.bmp,72
32796.bmp,73
32797.bmp,74
32798.bmp,75
32799.bmp,76
32800.bmp,77
32801.bmp,78
32802.bmp,79
32803.bmp,80
32804.bmp,81
32805.bmp,82
32806.bmp,83
32807.bmp,84
32808.bmp,85
32809.bmp,86
32810.bmp,87
32811.bmp,88
32812.bmp,89
32813.bmp,90
32814.bmp,91
32815.bmp,92
32816.bmp,93
32817.bmp,94
32818.bmp,95
32819.bmp,96
32820.bmp,97
32821.bmp,98
32822.bmp,99
32823.bmp,100
32824.bmp,101
32825.bmp,102
32826.bmp,103
32827.bmp,104
32828.bmp,105
32829.bmp,106
32830.bmp,107
32831.bmp,108
32832.bmp,109
32833.bmp,110
32834.bmp,111
32835.bmp,112
32836.bmp,113
32837.bmp,114
32838.bmp,115
32839.bmp,116
32840.bmp,117
32841.bmp,118
32842.bmp,119
32843.bmp,120
32844.bmp,121
32845.bmp,122
32846.bmp,123
32847.bmp,124
32848.bmp,125
32849.bmp,126
32850.bmp,127
32851.bmp,128
32852.bmp,129
32853.bmp,130
32854.bmp,131
32855.bmp,132
32856.bmp,133
32857.bmp,134
32858.bmp,135
32859.bmp,136
32860.bmp,137
32861.bmp,138
32862.bmp,139
32863.bmp,140
32864.bmp,141
32865.bmp,142
32866.bmp,143
32867.bmp,144
32868.bmp,145
32869.bmp,146
32870.bmp,147
32871.bmp,148
32872.bmp,149
32873.bmp,150
32874.bmp,151
32875.bmp,152
32876.bmp,153
32877.bmp,154
32878.bmp,155
32879.bmp,80
32880.bmp,0
32881.bmp,1
32882.bmp,2
32883.bmp,3
32884.bmp,4
32885.bmp,5
32886.bmp,6
32887.bmp,7
32888.bmp,8
32889.bmp,9
32890.bmp,10
32891.bmp,11
32892.bmp,12
32893.bmp,13
32894.bmp,14
32895.bmp,15
32896.bmp,16
32897.bmp,17
32898.bmp,18
32899.bmp,19
32900.bmp,20
32901.bmp,21
32902.bmp,22
32903.bmp,23
32904.bmp,24
32905.bmp,25
32906.bmp,26
32907.bmp,27
32908.bmp,28
32909.bmp,29
32910.bmp,30
32911.bmp,31
32912.bmp,32
32913.bmp,33
32914.bmp,34
32915.bmp,35
32916.bmp,36
32917.bmp,37
32918.bmp,38
32919.bmp,39
32920.bmp,40
32921.bmp,41
32922.bmp,42
32923.bmp,43
32924.bmp,44
32925.bmp,45
32926.bmp,46
32927.bmp,47
32928.bmp,48
32929.bmp,49
32930.bmp,50
32931.bmp,51
32932.bmp,52
32933.bmp,53
32934.bmp,54
32935.bmp,55
32936.bmp,56
32937.bmp,57
32938.bmp,58
32939.bmp,59
32940.bmp,60
32941.bmp,61
32942.bmp,62
32943.bmp,63
32944.bmp,64
32945.bmp,65
32946.bmp,66
32947.bmp,67
32948.bmp,68
32949.bmp,69
32950.bmp,70
32951.bmp,71
32952.bmp,72
32953.bmp,73
32954.bmp,74
32955.bmp,75
32956.bmp,76
32957.bmp,77
32958.bmp,78
32959.bmp,79
32960.bmp,80
32961.bmp,81
32962.bmp,82
32963.bmp,83
32964.bmp,84
32965.bmp,85
32966.bmp,86
32967.bmp,87
32968.bmp,88
32969.bmp,89
32970.bmp,90
32971.bmp,91
32972.bmp,92
32973.bmp,93
32974.bmp,94
32975.bmp,95
32976.bmp,96
32977.bmp,97
32978.bmp,98
32979.bmp,99
32980.bmp,100
32981.bmp,101
32982.bmp,102
32983.bmp,103
32984.bmp,104
32985.bmp,105
32986.bmp,106
32987.bmp,107
32988.bmp,108
32989.bmp,109
32990.bmp,110
32991.bmp,111
32992.bmp,112
32993.bmp,113
32994.bmp,114
32995.bmp,115
32996.bmp,116
32997.bmp,117
32998.bmp,118
32999.bmp,119
33000.bmp,120
33001.bmp,121
33002.bmp,122
33003.bmp,123
33004.bmp,124
33005.bmp,125
33006.bmp,126
33007.bmp,127
33008.bmp,128
33009.bmp,129
33010.bmp,130
33011.bmp,131
33012.bmp,132
33013.bmp,133
33014.bmp,134
33015.bmp,135
33016.bmp,136
33017.bmp,137
33018.bmp,138
33019.bmp,139
33020.bmp,140
33021.bmp,141
33022.bmp,142
33023.bmp,143
33024.bmp,144
33025.bmp,145
33026.bmp,146
33027.bmp,147
33028.bmp,148
33029.bmp,149
33030.bmp,150
33031.bmp,151
33032.bmp,152
33033.bmp,153
33034.bmp,154
33035.bmp,155
33036.bmp,80
33037.bmp,0
33038.bmp,1
33039.bmp,2
33040.bmp,3
33041.bmp,4
33042.bmp,5
33043.bmp,6
33044.bmp,7
33045.bmp,8
33046.bmp,9
33047.bmp,10
33048.bmp,11
33049.bmp,12
33050.bmp,13
33051.bmp,14
33052.bmp,15
33053.bmp,16
33054.bmp,17
33055.bmp,18
33056.bmp,19
33057.bmp,20
33058.bmp,21
33059.bmp,22
33060.bmp,23
33061.bmp,24
33062.bmp,25
33063.bmp,26
33064.bmp,27
33065.bmp,28
33066.bmp,29
33067.bmp,30
33068.bmp,31
33069.bmp,32
33070.bmp,33
33071.bmp,34
33072.bmp,35
33073.bmp,36
33074.bmp,37
33075.bmp,38
33076.bmp,39
33077.bmp,40
33078.bmp,41
33079.bmp,42
33080.bmp,43
33081.bmp,44
33082.bmp,45
33083.bmp,46
33084.bmp,47
33085.bmp,48
33086.bmp,49
33087.bmp,50
33088.bmp,51
33089.bmp,52
33090.bmp,53
33091.bmp,54
33092.bmp,55
33093.bmp,56
33094.bmp,57
33095.bmp,58
33096.bmp,59
33097.bmp,60
33098.bmp,61
33099.bmp,62
33100.bmp,63
33101.bmp,64
33102.bmp,65
33103.bmp,66
33104.bmp,67
33105.bmp,68
33106.bmp,69
33107.bmp,70
33108.bmp,71
33109.bmp,72
33110.bmp,73
33111.bmp,74
33112.bmp,75
33113.bmp,76
33114.bmp,77
33115.bmp,78
33116.bmp,79
33117.bmp,80
33118.bmp,81
33119.bmp,82
33120.bmp,83
33121.bmp,84
33122.bmp,85
33123.bmp,86
33124.bmp,87
33125.bmp,88
33126.bmp,89
33127.bmp,90
33128.bmp,91
33129.bmp,92
33130.bmp,93
33131.bmp,94
33132.bmp,95
33133.bmp,96
33134.bmp,97
33135.bmp,98
33136.bmp,99
33137.bmp,100
33138.bmp,101
33139.bmp,102
33140.bmp,103
33141.bmp,104
33142.bmp,105
33143.bmp,106
33144.bmp,107
33145.bmp,108
33146.bmp,109
33147.bmp,110
33148.bmp,111
33149.bmp,112
33150.bmp,113
33151.bmp,114
33152.bmp,115
33153.bmp,116
33154.bmp,117
33155.bmp,118
33156.bmp,119
33157.bmp,120
33158.bmp,121
33159.bmp,122
33160.bmp,123
33161.bmp,124
33162.bmp,125
33163.bmp,126
33164.bmp,127
33165.bmp,128
33166.bmp,129
33167.bmp,130
33168.bmp,131
33169.bmp,132
33170.bmp,133
33171.bmp,134
33172.bmp,135
33173.bmp,136
33174.bmp,137
33175.bmp,138
33176.bmp,139
33177.bmp,140
33178.bmp,141
33179.bmp,142
33180.bmp,143
33181.bmp,144
33182.bmp,145
33183.bmp,146
33184.bmp,147
33185.bmp,148
33186.bmp,149
33187.bmp,150
33188.bmp,151
33189.bmp,152
33190.bmp,153
33191.bmp,154
33192.bmp,155
33193.bmp,80
33194.bmp,0
33195.bmp,1
33196.bmp,2
33197.bmp,3
33198.bmp,4
33199.bmp,5
33200.bmp,6
33201.bmp,7
33202.bmp,8
33203.bmp,9
33204.bmp,10
33205.bmp,11
33206.bmp,12
33207.bmp,13
33208.bmp,14
33209.bmp,15
33210.bmp,16
33211.bmp,17
33212.bmp,18
33213.bmp,19
33214.bmp,20
33215.bmp,21
33216.bmp,22
33217.bmp,23
33218.bmp,24
33219.bmp,25
33220.bmp,26
33221.bmp,27
33222.bmp,28
33223.bmp,29
33224.bmp,30
33225.bmp,31
33226.bmp,32
33227.bmp,33
33228.bmp,34
33229.bmp,35
33230.bmp,36
33231.bmp,37
33232.bmp,38
33233.bmp,39
33234.bmp,40
33235.bmp,41
33236.bmp,42
33237.bmp,43
33238.bmp,44
33239.bmp,45
33240.bmp,46
33241.bmp,47
33242.bmp,48
33243.bmp,49
33244.bmp,50
33245.bmp,51
33246.bmp,52
33247.bmp,53
33248.bmp,54
33249.bmp,55
33250.bmp,56
33251.bmp,57
33252.bmp,58
33253.bmp,59
33254.bmp,60
33255.bmp,61
33256.bmp,62
33257.bmp,63
33258.bmp,64
33259.bmp,65
33260.bmp,66
33261.bmp,67
33262.bmp,68
33263.bmp,69
33264.bmp,70
33265.bmp,71
33266.bmp,72
33267.bmp,73
33268.bmp,74
33269.bmp,75
33270.bmp,76
33271.bmp,77
33272.bmp,78
33273.bmp,79
33274.bmp,80
33275.bmp,81
33276.bmp,82
33277.bmp,83
33278.bmp,84
33279.bmp,85
33280.bmp,86
33281.bmp,87
33282.bmp,88
33283.bmp,89
33284.bmp,90
33285.bmp,91
33286.bmp,92
33287.bmp,93
33288.bmp,94
33289.bmp,95
33290.bmp,96
33291.bmp,97
33292.bmp,98
33293.bmp,99
33294.bmp,100
33295.bmp,101
33296.bmp,102
33297.bmp,103
33298.bmp,104
33299.bmp,105
33300.bmp,106
33301.bmp,107
33302.bmp,108
33303.bmp,109
33304.bmp,110
33305.bmp,111
33306.bmp,112
33307.bmp,113
33308.bmp,114
33309.bmp,115
33310.bmp,116
33311.bmp,117
33312.bmp,118
33313.bmp,119
33314.bmp,120
33315.bmp,121
33316.bmp,122
33317.bmp,123
33318.bmp,124
33319.bmp,125
33320.bmp,126
33321.bmp,127
33322.bmp,128
33323.bmp,129
33324.bmp,130
33325.bmp,131
33326.bmp,132
33327.bmp,133
33328.bmp,134
33329.bmp,135
33330.bmp,136
33331.bmp,137
33332.bmp,138
33333.bmp,139
33334.bmp,140
33335.bmp,141
33336.bmp,142
33337.bmp,143
33338.bmp,144
33339.bmp,145
33340.bmp,146
33341.bmp,147
33342.bmp,148
33343.bmp,149
33344.bmp,150
33345.bmp,151
33346.bmp,152
33347.bmp,153
33348.bmp,154
33349.bmp,155
33350.bmp,80
33351.bmp,0
33352.bmp,1
33353.bmp,2
33354.bmp,3
33355.bmp,4
33356.bmp,5
33357.bmp,6
33358.bmp,7
33359.bmp,8
33360.bmp,9
33361.bmp,10
33362.bmp,11
33363.bmp,12
33364.bmp,13
33365.bmp,14
33366.bmp,15
33367.bmp,16
33368.bmp,17
33369.bmp,18
33370.bmp,19
33371.bmp,20
33372.bmp,21
33373.bmp,22
33374.bmp,23
33375.bmp,24
33376.bmp,25
33377.bmp,26
33378.bmp,27
33379.bmp,28
33380.bmp,29
33381.bmp,30
33382.bmp,31
33383.bmp,32
33384.bmp,33
33385.bmp,34
33386.bmp,35
33387.bmp,36
33388.bmp,37
33389.bmp,38
33390.bmp,39
33391.bmp,40
33392.bmp,41
33393.bmp,42
33394.bmp,43
33395.bmp,44
33396.bmp,45
33397.bmp,46
33398.bmp,47
33399.bmp,48
33400.bmp,49
33401.bmp,50
33402.bmp,51
33403.bmp,52
33404.bmp,53
33405.bmp,54
33406.bmp,55
33407.bmp,56
33408.bmp,57
33409.bmp,58
33410.bmp,59
33411.bmp,60
33412.bmp,61
33413.bmp,62
33414.bmp,63
33415.bmp,64
33416.bmp,65
33417.bmp,66
33418.bmp,67
33419.bmp,68
33420.bmp,69
33421.bmp,70
33422.bmp,71
33423.bmp,72
33424.bmp,73
33425.bmp,74
33426.bmp,75
33427.bmp,76
33428.bmp,77
33429.bmp,78
33430.bmp,79
33431.bmp,80
33432.bmp,81
33433.bmp,82
33434.bmp,83
33435.bmp,84
33436.bmp,85
33437.bmp,86
33438.bmp,87
33439.bmp,88
33440.bmp,89
33441.bmp,90
33442.bmp,91
33443.bmp,92
33444.bmp,93
33445.bmp,94
33446.bmp,95
33447.bmp,96
33448.bmp,97
33449.bmp,98
33450.bmp,99
33451.bmp,100
33452.bmp,101
33453.bmp,102
33454.bmp,103
33455.bmp,104
33456.bmp,105
33457.bmp,106
33458.bmp,107
33459.bmp,108
33460.bmp,109
33461.bmp,110
33462.bmp,111
33463.bmp,112
33464.bmp,113
33465.bmp,114
33466.bmp,115
33467.bmp,116
33468.bmp,117
33469.bmp,118
33470.bmp,119
33471.bmp,120
33472.bmp,121
33473.bmp,122
33474.bmp,123
33475.bmp,124
33476.bmp,125
33477.bmp,126
33478.bmp,127
33479.bmp,128
33480.bmp,129
33481.bmp,130
33482.bmp,131
33483.bmp,132
33484.bmp,133
33485.bmp,134
33486.bmp,135
33487.bmp,136
33488.bmp,137
33489.bmp,138
33490.bmp,139
33491.bmp,140
33492.bmp,141
33493.bmp,142
33494.bmp,143
33495.bmp,144
33496.bmp,145
33497.bmp,146
33498.bmp,147
33499.bmp,148
33500.bmp,149
33501.bmp,150
33502.bmp,151
33503.bmp,152
33504.bmp,153
33505.bmp,154
33506.bmp,155
33507.bmp,80
33508.bmp,0
33509.bmp,1
33510.bmp,2
33511.bmp,3
33512.bmp,4
33513.bmp,5
33514.bmp,6
33515.bmp,7
33516.bmp,8
33517.bmp,9
33518.bmp,10
33519.bmp,11
33520.bmp,12
33521.bmp,13
33522.bmp,14
33523.bmp,15
33524.bmp,16
33525.bmp,17
33526.bmp,18
33527.bmp,19
33528.bmp,20
33529.bmp,21
33530.bmp,22
33531.bmp,23
33532.bmp,24
33533.bmp,25
33534.bmp,26
33535.bmp,27
33536.bmp,28
33537.bmp,29
33538.bmp,30
33539.bmp,31
33540.bmp,32
33541.bmp,33
33542.bmp,34
33543.bmp,35
33544.bmp,36
33545.bmp,37
33546.bmp,38
33547.bmp,39
33548.bmp,40
33549.bmp,41
33550.bmp,42
33551.bmp,43
33552.bmp,44
33553.bmp,45
33554.bmp,46
33555.bmp,47
33556.bmp,48
33557.bmp,49
33558.bmp,50
33559.bmp,51
33560.bmp,52
33561.bmp,53
33562.bmp,54
33563.bmp,55
33564.bmp,56
33565.bmp,57
33566.bmp,58
33567.bmp,59
33568.bmp,60
33569.bmp,61
33570.bmp,62
33571.bmp,63
33572.bmp,64
33573.bmp,65
33574.bmp,66
33575.bmp,67
33576.bmp,68
33577.bmp,69
33578.bmp,70
33579.bmp,71
33580.bmp,72
33581.bmp,73
33582.bmp,74
33583.bmp,75
33584.bmp,76
33585.bmp,77
33586.bmp,78
33587.bmp,79
33588.bmp,80
33589.bmp,81
33590.bmp,82
33591.bmp,83
33592.bmp,84
33593.bmp,85
33594.bmp,86
33595.bmp,87
33596.bmp,88
33597.bmp,89
33598.bmp,90
33599.bmp,91
33600.bmp,92
33601.bmp,93
33602.bmp,94
33603.bmp,95
33604.bmp,96
33605.bmp,97
33606.bmp,98
33607.bmp,99
33608.bmp,100
33609.bmp,101
33610.bmp,102
33611.bmp,103
33612.bmp,104
33613.bmp,105
33614.bmp,106
33615.bmp,107
33616.bmp,108
33617.bmp,109
33618.bmp,110
33619.bmp,111
33620.bmp,112
33621.bmp,113
33622.bmp,114
33623.bmp,115
33624.bmp,116
33625.bmp,117
33626.bmp,118
33627.bmp,119
33628.bmp,120
33629.bmp,121
33630.bmp,122
33631.bmp,123
33632.bmp,124
33633.bmp,125
33634.bmp,126
33635.bmp,127
33636.bmp,128
33637.bmp,129
33638.bmp,130
33639.bmp,131
33640.bmp,132
33641.bmp,133
33642.bmp,134
33643.bmp,135
33644.bmp,136
33645.bmp,137
33646.bmp,138
33647.bmp,139
33648.bmp,140
33649.bmp,141
33650.bmp,142
33651.bmp,143
33652.bmp,144
33653.bmp,145
33654.bmp,146
33655.bmp,147
33656.bmp,148
33657.bmp,149
33658.bmp,150
33659.bmp,151
33660.bmp,152
33661.bmp,153
33662.bmp,154
33663.bmp,155
33664.bmp,80
33665.bmp,0
33666.bmp,1
33667.bmp,2
33668.bmp,3
33669.bmp,4
33670.bmp,5
33671.bmp,6
33672.bmp,7
33673.bmp,8
33674.bmp,9
33675.bmp,10
33676.bmp,11
33677.bmp,12
33678.bmp,13
33679.bmp,14
33680.bmp,15
33681.bmp,16
33682.bmp,17
33683.bmp,18
33684.bmp,19
33685.bmp,20
33686.bmp,21
33687.bmp,22
33688.bmp,23
33689.bmp,24
33690.bmp,25
33691.bmp,26
33692.bmp,27
33693.bmp,28
33694.bmp,29
33695.bmp,30
33696.bmp,31
33697.bmp,32
33698.bmp,33
33699.bmp,34
33700.bmp,35
33701.bmp,36
33702.bmp,37
33703.bmp,38
33704.bmp,39
33705.bmp,40
33706.bmp,41
33707.bmp,42
33708.bmp,43
33709.bmp,44
33710.bmp,45
33711.bmp,46
33712.bmp,47
33713.bmp,48
33714.bmp,49
33715.bmp,50
33716.bmp,51
33717.bmp,52
33718.bmp,53
33719.bmp,54
33720.bmp,55
33721.bmp,56
33722.bmp,57
33723.bmp,58
33724.bmp,59
33725.bmp,60
33726.bmp,61
33727.bmp,62
33728.bmp,63
33729.bmp,64
33730.bmp,65
33731.bmp,66
33732.bmp,67
33733.bmp,68
33734.bmp,69
33735.bmp,70
33736.bmp,71
33737.bmp,72
33738.bmp,73
33739.bmp,74
33740.bmp,75
33741.bmp,76
33742.bmp,77
33743.bmp,78
33744.bmp,79
33745.bmp,80
33746.bmp,81
33747.bmp,82
33748.bmp,83
33749.bmp,84
33750.bmp,85
33751.bmp,86
33752.bmp,87
33753.bmp,88
33754.bmp,89
33755.bmp,90
33756.bmp,91
33757.bmp,92
33758.bmp,93
33759.bmp,94
33760.bmp,95
33761.bmp,96
33762.bmp,97
33763.bmp,98
33764.bmp,99
33765.bmp,100
33766.bmp,101
33767.bmp,102
33768.bmp,103
33769.bmp,104
33770.bmp,105
33771.bmp,106
33772.bmp,107
33773.bmp,108
33774.bmp,109
33775.bmp,110
33776.bmp,111
33777.bmp,112
33778.bmp,113
33779.bmp,114
33780.bmp,115
33781.bmp,116
33782.bmp,117
33783.bmp,118
33784.bmp,119
33785.bmp,120
33786.bmp,121
33787.bmp,122
33788.bmp,123
33789.bmp,124
33790.bmp,125
33791.bmp,126
33792.bmp,127
33793.bmp,128
33794.bmp,129
33795.bmp,130
33796.bmp,131
33797.bmp,132
33798.bmp,133
33799.bmp,134
33800.bmp,135
33801.bmp,136
33802.bmp,137
33803.bmp,138
33804.bmp,139
33805.bmp,140
33806.bmp,141
33807.bmp,142
33808.bmp,143
33809.bmp,144
33810.bmp,145
33811.bmp,146
33812.bmp,147
33813.bmp,148
33814.bmp,149
33815.bmp,150
33816.bmp,151
33817.bmp,152
33818.bmp,153
33819.bmp,154
33820.bmp,155
33821.bmp,80
33822.bmp,0
33823.bmp,1
33824.bmp,2
33825.bmp,3
33826.bmp,4
33827.bmp,5
33828.bmp,6
33829.bmp,7
33830.bmp,8
33831.bmp,9
33832.bmp,10
33833.bmp,11
33834.bmp,12
33835.bmp,13
33836.bmp,14
33837.bmp,15
33838.bmp,16
33839.bmp,17
33840.bmp,18
33841.bmp,19
33842.bmp,20
33843.bmp,21
33844.bmp,22
33845.bmp,23
33846.bmp,24
33847.bmp,25
33848.bmp,26
33849.bmp,27
33850.bmp,28
33851.bmp,29
33852.bmp,30
33853.bmp,31
33854.bmp,32
33855.bmp,33
33856.bmp,34
33857.bmp,35
33858.bmp,36
33859.bmp,37
33860.bmp,38
33861.bmp,39
33862.bmp,40
33863.bmp,41
33864.bmp,42
33865.bmp,43
33866.bmp,44
33867.bmp,45
33868.bmp,46
33869.bmp,47
33870.bmp,48
33871.bmp,49
33872.bmp,50
33873.bmp,51
33874.bmp,52
33875.bmp,53
33876.bmp,54
33877.bmp,55
33878.bmp,56
33879.bmp,57
33880.bmp,58
33881.bmp,59
33882.bmp,60
33883.bmp,61
33884.bmp,62
33885.bmp,63
33886.bmp,64
33887.bmp,65
33888.bmp,66
33889.bmp,67
33890.bmp,68
33891.bmp,69
33892.bmp,70
33893.bmp,71
33894.bmp,72
33895.bmp,73
33896.bmp,74
33897.bmp,75
33898.bmp,76
33899.bmp,77
33900.bmp,78
33901.bmp,79
33902.bmp,80
33903.bmp,81
33904.bmp,82
33905.bmp,83
33906.bmp,84
33907.bmp,85
33908.bmp,86
33909.bmp,87
33910.bmp,88
33911.bmp,89
33912.bmp,90
33913.bmp,91
33914.bmp,92
33915.bmp,93
33916.bmp,94
33917.bmp,95
33918.bmp,96
33919.bmp,97
33920.bmp,98
33921.bmp,99
33922.bmp,100
33923.bmp,101
33924.bmp,102
33925.bmp,103
33926.bmp,104
33927.bmp,105
33928.bmp,106
33929.bmp,107
33930.bmp,108
33931.bmp,109
33932.bmp,110
33933.bmp,111
33934.bmp,112
33935.bmp,113
33936.bmp,114
33937.bmp,115
33938.bmp,116
33939.bmp,117
33940.bmp,118
33941.bmp,119
33942.bmp,120
33943.bmp,121
33944.bmp,122
33945.bmp,123
33946.bmp,124
33947.bmp,125
33948.bmp,126
33949.bmp,127
33950.bmp,128
33951.bmp,129
33952.bmp,130
33953.bmp,131
33954.bmp,132
33955.bmp,133
33956.bmp,134
33957.bmp,135
33958.bmp,136
33959.bmp,137
33960.bmp,138
33961.bmp,139
33962.bmp,140
33963.bmp,141
33964.bmp,142
33965.bmp,143
33966.bmp,144
33967.bmp,145
33968.bmp,146
33969.bmp,147
33970.bmp,148
33971.bmp,149
33972.bmp,150
33973.bmp,151
33974.bmp,152
33975.bmp,153
33976.bmp,154
33977.bmp,155
33978.bmp,80
33979.bmp,0
33980.bmp,1
33981.bmp,2
33982.bmp,3
33983.bmp,4
33984.bmp,5
33985.bmp,6
33986.bmp,7
33987.bmp,8
33988.bmp,9
33989.bmp,10
33990.bmp,11
33991.bmp,12
33992.bmp,13
33993.bmp,14
33994.bmp,15
33995.bmp,16
33996.bmp,17
33997.bmp,18
33998.bmp,19
33999.bmp,20
34000.bmp,21
34001.bmp,22
34002.bmp,23
34003.bmp,24
34004.bmp,25
34005.bmp,26
34006.bmp,27
34007.bmp,28
34008.bmp,29
34009.bmp,30
34010.bmp,31
34011.bmp,32
34012.bmp,33
34013.bmp,34
34014.bmp,35
34015.bmp,36
34016.bmp,37
34017.bmp,38
34018.bmp,39
34019.bmp,40
34020.bmp,41
34021.bmp,42
34022.bmp,43
34023.bmp,44
34024.bmp,45
34025.bmp,46
34026.bmp,47
34027.bmp,48
34028.bmp,49
34029.bmp,50
34030.bmp,51
34031.bmp,52
34032.bmp,53
34033.bmp,54
34034.bmp,55
34035.bmp,56
34036.bmp,57
34037.bmp,58
34038.bmp,59
34039.bmp,60
34040.bmp,61
34041.bmp,62
34042.bmp,63
34043.bmp,64
34044.bmp,65
34045.bmp,66
34046.bmp,67
34047.bmp,68
34048.bmp,69
34049.bmp,70
34050.bmp,71
34051.bmp,72
34052.bmp,73
34053.bmp,74
34054.bmp,75
34055.bmp,76
34056.bmp,77
34057.bmp,78
34058.bmp,79
34059.bmp,80
34060.bmp,81
34061.bmp,82
34062.bmp,83
34063.bmp,84
34064.bmp,85
34065.bmp,86
34066.bmp,87
34067.bmp,88
34068.bmp,89
34069.bmp,90
34070.bmp,91
34071.bmp,92
34072.bmp,93
34073.bmp,94
34074.bmp,95
34075.bmp,96
34076.bmp,97
34077.bmp,98
34078.bmp,99
34079.bmp,100
34080.bmp,101
34081.bmp,102
34082.bmp,103
34083.bmp,104
34084.bmp,105
34085.bmp,106
34086.bmp,107
34087.bmp,108
34088.bmp,109
34089.bmp,110
34090.bmp,111
34091.bmp,112
34092.bmp,113
34093.bmp,114
34094.bmp,115
34095.bmp,116
34096.bmp,117
34097.bmp,118
34098.bmp,119
34099.bmp,120
34100.bmp,121
34101.bmp,122
34102.bmp,123
34103.bmp,124
34104.bmp,125
34105.bmp,126
34106.bmp,127
34107.bmp,128
34108.bmp,129
34109.bmp,130
34110.bmp,131
34111.bmp,132
34112.bmp,133
34113.bmp,134
34114.bmp,135
34115.bmp,136
34116.bmp,137
34117.bmp,138
34118.bmp,139
34119.bmp,140
34120.bmp,141
34121.bmp,142
34122.bmp,143
34123.bmp,144
34124.bmp,145
34125.bmp,146
34126.bmp,147
34127.bmp,148
34128.bmp,149
34129.bmp,150
34130.bmp,151
34131.bmp,152
34132.bmp,153
34133.bmp,154
34134.bmp,155
34135.bmp,80
34136.bmp,0
34137.bmp,1
34138.bmp,2
34139.bmp,3
34140.bmp,4
34141.bmp,5
34142.bmp,6
34143.bmp,7
34144.bmp,8
34145.bmp,9
34146.bmp,10
34147.bmp,11
34148.bmp,12
34149.bmp,13
34150.bmp,14
34151.bmp,15
34152.bmp,16
34153.bmp,17
34154.bmp,18
34155.bmp,19
34156.bmp,20
34157.bmp,21
34158.bmp,22
34159.bmp,23
34160.bmp,24
34161.bmp,25
34162.bmp,26
34163.bmp,27
34164.bmp,28
34165.bmp,29
34166.bmp,30
34167.bmp,31
34168.bmp,32
34169.bmp,33
34170.bmp,34
34171.bmp,35
34172.bmp,36
34173.bmp,37
34174.bmp,38
34175.bmp,39
34176.bmp,40
34177.bmp,41
34178.bmp,42
34179.bmp,43
34180.bmp,44
34181.bmp,45
34182.bmp,46
34183.bmp,47
34184.bmp,48
34185.bmp,49
34186.bmp,50
34187.bmp,51
34188.bmp,52
34189.bmp,53
34190.bmp,54
34191.bmp,55
34192.bmp,56
34193.bmp,57
34194.bmp,58
34195.bmp,59
34196.bmp,60
34197.bmp,61
34198.bmp,62
34199.bmp,63
34200.bmp,64
34201.bmp,65
34202.bmp,66
34203.bmp,67
34204.bmp,68
34205.bmp,69
34206.bmp,70
34207.bmp,71
34208.bmp,72
34209.bmp,73
34210.bmp,74
34211.bmp,75
34212.bmp,76
34213.bmp,77
34214.bmp,78
34215.bmp,79
34216.bmp,80
34217.bmp,81
34218.bmp,82
34219.bmp,83
34220.bmp,84
34221.bmp,85
34222.bmp,86
34223.bmp,87
34224.bmp,88
34225.bmp,89
34226.bmp,90
34227.bmp,91
34228.bmp,92
34229.bmp,93
34230.bmp,94
34231.bmp,95
34232.bmp,96
34233.bmp,97
34234.bmp,98
34235.bmp,99
34236.bmp,100
34237.bmp,101
34238.bmp,102
34239.bmp,103
34240.bmp,104
34241.bmp,105
34242.bmp,106
34243.bmp,107
34244.bmp,108
34245.bmp,109
34246.bmp,110
34247.bmp,111
34248.bmp,112
34249.bmp,113
34250.bmp,114
34251.bmp,115
34252.bmp,116
34253.bmp,117
34254.bmp,118
34255.bmp,119
34256.bmp,120
34257.bmp,121
34258.bmp,122
34259.bmp,123
34260.bmp,124
34261.bmp,125
34262.bmp,126
34263.bmp,127
34264.bmp,128
34265.bmp,129
34266.bmp,130
34267.bmp,131
34268.bmp,132
34269.bmp,133
34270.bmp,134
34271.bmp,135
34272.bmp,136
34273.bmp,137
34274.bmp,138
34275.bmp,139
34276.bmp,140
34277.bmp,141
34278.bmp,142
34279.bmp,143
34280.bmp,144
34281.bmp,145
34282.bmp,146
34283.bmp,147
34284.bmp,148
34285.bmp,149
34286.bmp,150
34287.bmp,151
34288.bmp,152
34289.bmp,153
34290.bmp,154
34291.bmp,155
34292.bmp,80
34293.bmp,0
34294.bmp,1
34295.bmp,2
34296.bmp,3
34297.bmp,4
34298.bmp,5
34299.bmp,6
34300.bmp,7
34301.bmp,8
34302.bmp,9
34303.bmp,10
34304.bmp,11
34305.bmp,12
34306.bmp,13
34307.bmp,14
34308.bmp,15
34309.bmp,16
34310.bmp,17
34311.bmp,18
34312.bmp,19
34313.bmp,20
34314.bmp,21
34315.bmp,22
34316.bmp,23
34317.bmp,24
34318.bmp,25
34319.bmp,26
34320.bmp,27
34321.bmp,28
34322.bmp,29
34323.bmp,30
34324.bmp,31
34325.bmp,32
34326.bmp,33
34327.bmp,34
34328.bmp,35
34329.bmp,36
34330.bmp,37
34331.bmp,38
34332.bmp,39
34333.bmp,40
34334.bmp,41
34335.bmp,42
34336.bmp,43
34337.bmp,44
34338.bmp,45
34339.bmp,46
34340.bmp,47
34341.bmp,48
34342.bmp,49
34343.bmp,50
34344.bmp,51
34345.bmp,52
34346.bmp,53
34347.bmp,54
34348.bmp,55
34349.bmp,56
34350.bmp,57
34351.bmp,58
34352.bmp,59
34353.bmp,60
34354.bmp,61
34355.bmp,62
34356.bmp,63
34357.bmp,64
34358.bmp,65
34359.bmp,66
34360.bmp,67
34361.bmp,68
34362.bmp,69
34363.bmp,70
34364.bmp,71
34365.bmp,72
34366.bmp,73
34367.bmp,74
34368.bmp,75
34369.bmp,76
34370.bmp,77
34371.bmp,78
34372.bmp,79
34373.bmp,80
34374.bmp,81
34375.bmp,82
34376.bmp,83
34377.bmp,84
34378.bmp,85
34379.bmp,86
34380.bmp,87
34381.bmp,88
34382.bmp,89
34383.bmp,90
34384.bmp,91
34385.bmp,92
34386.bmp,93
34387.bmp,94
34388.bmp,95
34389.bmp,96
34390.bmp,97
34391.bmp,98
34392.bmp,99
34393.bmp,100
34394.bmp,101
34395.bmp,102
34396.bmp,103
34397.bmp,104
34398.bmp,105
34399.bmp,106
34400.bmp,107
34401.bmp,108
34402.bmp,109
34403.bmp,110
34404.bmp,111
34405.bmp,112
34406.bmp,113
34407.bmp,114
34408.bmp,115
34409.bmp,116
34410.bmp,117
34411.bmp,118
34412.bmp,119
34413.bmp,120
34414.bmp,121
34415.bmp,122
34416.bmp,123
34417.bmp,124
34418.bmp,125
34419.bmp,126
34420.bmp,127
34421.bmp,128
34422.bmp,129
34423.bmp,130
34424.bmp,131
34425.bmp,132
34426.bmp,133
34427.bmp,134
34428.bmp,135
34429.bmp,136
34430.bmp,137
34431.bmp,138
34432.bmp,139
34433.bmp,140
34434.bmp,141
34435.bmp,142
34436.bmp,143
34437.bmp,144
34438.bmp,145
34439.bmp,146
34440.bmp,147
34441.bmp,148
34442.bmp,149
34443.bmp,150
34444.bmp,151
34445.bmp,152
34446.bmp,153
34447.bmp,154
34448.bmp,155
34449.bmp,80
34450.bmp,0
34451.bmp,1
34452.bmp,2
34453.bmp,3
34454.bmp,4
34455.bmp,5
34456.bmp,6
34457.bmp,7
34458.bmp,8
34459.bmp,9
34460.bmp,10
34461.bmp,11
34462.bmp,12
34463.bmp,13
34464.bmp,14
34465.bmp,15
34466.bmp,16
34467.bmp,17
34468.bmp,18
34469.bmp,19
34470.bmp,20
34471.bmp,21
34472.bmp,22
34473.bmp,23
34474.bmp,24
34475.bmp,25
34476.bmp,26
34477.bmp,27
34478.bmp,28
34479.bmp,29
34480.bmp,30
34481.bmp,31
34482.bmp,32
34483.bmp,33
34484.bmp,34
34485.bmp,35
34486.bmp,36
34487.bmp,37
34488.bmp,38
34489.bmp,39
34490.bmp,40
34491.bmp,41
34492.bmp,42
34493.bmp,43
34494.bmp,44
34495.bmp,45
34496.bmp,46
34497.bmp,47
34498.bmp,48
34499.bmp,49
34500.bmp,50
34501.bmp,51
34502.bmp,52
34503.bmp,53
34504.bmp,54
34505.bmp,55
34506.bmp,56
34507.bmp,57
34508.bmp,58
34509.bmp,59
34510.bmp,60
34511.bmp,61
34512.bmp,62
34513.bmp,63
34514.bmp,64
34515.bmp,65
34516.bmp,66
34517.bmp,67
34518.bmp,68
34519.bmp,69
34520.bmp,70
34521.bmp,71
34522.bmp,72
34523.bmp,73
34524.bmp,74
34525.bmp,75
34526.bmp,76
34527.bmp,77
34528.bmp,78
34529.bmp,79
34530.bmp,80
34531.bmp,81
34532.bmp,82
34533.bmp,83
34534.bmp,84
34535.bmp,85
34536.bmp,86
34537.bmp,87
34538.bmp,88
34539.bmp,89
34540.bmp,90
34541.bmp,91
34542.bmp,92
34543.bmp,93
34544.bmp,94
34545.bmp,95
34546.bmp,96
34547.bmp,97
34548.bmp,98
34549.bmp,99
34550.bmp,100
34551.bmp,101
34552.bmp,102
34553.bmp,103
34554.bmp,104
34555.bmp,105
34556.bmp,106
34557.bmp,107
34558.bmp,108
34559.bmp,109
34560.bmp,110
34561.bmp,111
34562.bmp,112
34563.bmp,113
34564.bmp,114
34565.bmp,115
34566.bmp,116
34567.bmp,117
34568.bmp,118
34569.bmp,119
34570.bmp,120
34571.bmp,121
34572.bmp,122
34573.bmp,123
34574.bmp,124
34575.bmp,125
34576.bmp,126
34577.bmp,127
34578.bmp,128
34579.bmp,129
34580.bmp,130
34581.bmp,131
34582.bmp,132
34583.bmp,133
34584.bmp,134
34585.bmp,135
34586.bmp,136
34587.bmp,137
34588.bmp,138
34589.bmp,139
34590.bmp,140
34591.bmp,141
34592.bmp,142
34593.bmp,143
34594.bmp,144
34595.bmp,145
34596.bmp,146
34597.bmp,147
34598.bmp,148
34599.bmp,149
34600.bmp,150
34601.bmp,151
34602.bmp,152
34603.bmp,153
34604.bmp,154
34605.bmp,155
34606.bmp,80
34607.bmp,0
34608.bmp,1
34609.bmp,2
34610.bmp,3
34611.bmp,4
34612.bmp,5
34613.bmp,6
34614.bmp,7
34615.bmp,8
34616.bmp,9
34617.bmp,10
34618.bmp,11
34619.bmp,12
34620.bmp,13
34621.bmp,14
34622.bmp,15
34623.bmp,16
34624.bmp,17
34625.bmp,18
34626.bmp,19
34627.bmp,20
34628.bmp,21
34629.bmp,22
34630.bmp,23
34631.bmp,24
34632.bmp,25
34633.bmp,26
34634.bmp,27
34635.bmp,28
34636.bmp,29
34637.bmp,30
34638.bmp,31
34639.bmp,32
34640.bmp,33
34641.bmp,34
34642.bmp,35
34643.bmp,36
34644.bmp,37
34645.bmp,38
34646.bmp,39
34647.bmp,40
34648.bmp,41
34649.bmp,42
34650.bmp,43
34651.bmp,44
34652.bmp,45
34653.bmp,46
34654.bmp,47
34655.bmp,48
34656.bmp,49
34657.bmp,50
34658.bmp,51
34659.bmp,52
34660.bmp,53
34661.bmp,54
34662.bmp,55
34663.bmp,56
34664.bmp,57
34665.bmp,58
34666.bmp,59
34667.bmp,60
34668.bmp,61
34669.bmp,62
34670.bmp,63
34671.bmp,64
34672.bmp,65
34673.bmp,66
34674.bmp,67
34675.bmp,68
34676.bmp,69
34677.bmp,70
34678.bmp,71
34679.bmp,72
34680.bmp,73
34681.bmp,74
34682.bmp,75
34683.bmp,76
34684.bmp,77
34685.bmp,78
34686.bmp,79
34687.bmp,80
34688.bmp,81
34689.bmp,82
34690.bmp,83
34691.bmp,84
34692.bmp,85
34693.bmp,86
34694.bmp,87
34695.bmp,88
34696.bmp,89
34697.bmp,90
34698.bmp,91
34699.bmp,92
34700.bmp,93
34701.bmp,94
34702.bmp,95
34703.bmp,96
34704.bmp,97
34705.bmp,98
34706.bmp,99
34707.bmp,100
34708.bmp,101
34709.bmp,102
34710.bmp,103
34711.bmp,104
34712.bmp,105
34713.bmp,106
34714.bmp,107
34715.bmp,108
34716.bmp,109
34717.bmp,110
34718.bmp,111
34719.bmp,112
34720.bmp,113
34721.bmp,114
34722.bmp,115
34723.bmp,116
34724.bmp,117
34725.bmp,118
34726.bmp,119
34727.bmp,120
34728.bmp,121
34729.bmp,122
34730.bmp,123
34731.bmp,124
34732.bmp,125
34733.bmp,126
34734.bmp,127
34735.bmp,128
34736.bmp,129
34737.bmp,130
34738.bmp,131
34739.bmp,132
34740.bmp,133
34741.bmp,134
34742.bmp,135
34743.bmp,136
34744.bmp,137
34745.bmp,138
34746.bmp,139
34747.bmp,140
34748.bmp,141
34749.bmp,142
34750.bmp,143
34751.bmp,144
34752.bmp,145
34753.bmp,146
34754.bmp,147
34755.bmp,148
34756.bmp,149
34757.bmp,150
34758.bmp,151
34759.bmp,152
34760.bmp,153
34761.bmp,154
34762.bmp,155
34763.bmp,80
34764.bmp,0
34765.bmp,1
34766.bmp,2
34767.bmp,3
34768.bmp,4
34769.bmp,5
34770.bmp,6
34771.bmp,7
34772.bmp,8
34773.bmp,9
34774.bmp,10
34775.bmp,11
34776.bmp,12
34777.bmp,13
34778.bmp,14
34779.bmp,15
34780.bmp,16
34781.bmp,17
34782.bmp,18
34783.bmp,19
34784.bmp,20
34785.bmp,21
34786.bmp,22
34787.bmp,23
34788.bmp,24
34789.bmp,25
34790.bmp,26
34791.bmp,27
34792.bmp,28
34793.bmp,29
34794.bmp,30
34795.bmp,31
34796.bmp,32
34797.bmp,33
34798.bmp,34
34799.bmp,35
34800.bmp,36
34801.bmp,37
34802.bmp,38
34803.bmp,39
34804.bmp,40
34805.bmp,41
34806.bmp,42
34807.bmp,43
34808.bmp,44
34809.bmp,45
34810.bmp,46
34811.bmp,47
34812.bmp,48
34813.bmp,49
34814.bmp,50
34815.bmp,51
34816.bmp,52
34817.bmp,53
34818.bmp,54
34819.bmp,55
34820.bmp,56
34821.bmp,57
34822.bmp,58
34823.bmp,59
34824.bmp,60
34825.bmp,61
34826.bmp,62
34827.bmp,63
34828.bmp,64
34829.bmp,65
34830.bmp,66
34831.bmp,67
34832.bmp,68
34833.bmp,69
34834.bmp,70
34835.bmp,71
34836.bmp,72
34837.bmp,73
34838.bmp,74
34839.bmp,75
34840.bmp,76
34841.bmp,77
34842.bmp,78
34843.bmp,79
34844.bmp,80
34845.bmp,81
34846.bmp,82
34847.bmp,83
34848.bmp,84
34849.bmp,85
34850.bmp,86
34851.bmp,87
34852.bmp,88
34853.bmp,89
34854.bmp,90
34855.bmp,91
34856.bmp,92
34857.bmp,93
34858.bmp,94
34859.bmp,95
34860.bmp,96
34861.bmp,97
34862.bmp,98
34863.bmp,99
34864.bmp,100
34865.bmp,101
34866.bmp,102
34867.bmp,103
34868.bmp,104
34869.bmp,105
34870.bmp,106
34871.bmp,107
34872.bmp,108
34873.bmp,109
34874.bmp,110
34875.bmp,111
34876.bmp,112
34877.bmp,113
34878.bmp,114
34879.bmp,115
34880.bmp,116
34881.bmp,117
34882.bmp,118
34883.bmp,119
34884.bmp,120
34885.bmp,121
34886.bmp,122
34887.bmp,123
34888.bmp,124
34889.bmp,125
34890.bmp,126
34891.bmp,127
34892.bmp,128
34893.bmp,129
34894.bmp,130
34895.bmp,131
34896.bmp,132
34897.bmp,133
34898.bmp,134
34899.bmp,135
34900.bmp,136
34901.bmp,137
34902.bmp,138
34903.bmp,139
34904.bmp,140
34905.bmp,141
34906.bmp,142
34907.bmp,143
34908.bmp,144
34909.bmp,145
34910.bmp,146
34911.bmp,147
34912.bmp,148
34913.bmp,149
34914.bmp,150
34915.bmp,151
34916.bmp,152
34917.bmp,153
34918.bmp,154
34919.bmp,155
34920.bmp,80
34921.bmp,0
34922.bmp,1
34923.bmp,2
34924.bmp,3
34925.bmp,4
34926.bmp,5
34927.bmp,6
34928.bmp,7
34929.bmp,8
34930.bmp,9
34931.bmp,10
34932.bmp,11
34933.bmp,12
34934.bmp,13
34935.bmp,14
34936.bmp,15
34937.bmp,16
34938.bmp,17
34939.bmp,18
34940.bmp,19
34941.bmp,20
34942.bmp,21
34943.bmp,22
34944.bmp,23
34945.bmp,24
34946.bmp,25
34947.bmp,26
34948.bmp,27
34949.bmp,28
34950.bmp,29
34951.bmp,30
34952.bmp,31
34953.bmp,32
34954.bmp,33
34955.bmp,34
34956.bmp,35
34957.bmp,36
34958.bmp,37
34959.bmp,38
34960.bmp,39
34961.bmp,40
34962.bmp,41
34963.bmp,42
34964.bmp,43
34965.bmp,44
34966.bmp,45
34967.bmp,46
34968.bmp,47
34969.bmp,48
34970.bmp,49
34971.bmp,50
34972.bmp,51
34973.bmp,52
34974.bmp,53
34975.bmp,54
34976.bmp,55
34977.bmp,56
34978.bmp,57
34979.bmp,58
34980.bmp,59
34981.bmp,60
34982.bmp,61
34983.bmp,62
34984.bmp,63
34985.bmp,64
34986.bmp,65
34987.bmp,66
34988.bmp,67
34989.bmp,68
34990.bmp,69
34991.bmp,70
34992.bmp,71
34993.bmp,72
34994.bmp,73
34995.bmp,74
34996.bmp,75
34997.bmp,76
34998.bmp,77
34999.bmp,78
35000.bmp,79
35001.bmp,80
35002.bmp,81
35003.bmp,82
35004.bmp,83
35005.bmp,84
35006.bmp,85
35007.bmp,86
35008.bmp,87
35009.bmp,88
35010.bmp,89
35011.bmp,90
35012.bmp,91
35013.bmp,92
35014.bmp,93
35015.bmp,94
35016.bmp,95
35017.bmp,96
35018.bmp,97
35019.bmp,98
35020.bmp,99
35021.bmp,100
35022.bmp,101
35023.bmp,102
35024.bmp,103
35025.bmp,104
35026.bmp,105
35027.bmp,106
35028.bmp,107
35029.bmp,108
35030.bmp,109
35031.bmp,110
35032.bmp,111
35033.bmp,112
35034.bmp,113
35035.bmp,114
35036.bmp,115
35037.bmp,116
35038.bmp,117
35039.bmp,118
35040.bmp,119
35041.bmp,120
35042.bmp,121
35043.bmp,122
35044.bmp,123
35045.bmp,124
35046.bmp,125
35047.bmp,126
35048.bmp,127
35049.bmp,128
35050.bmp,129
35051.bmp,130
35052.bmp,131
35053.bmp,132
35054.bmp,133
35055.bmp,134
35056.bmp,135
35057.bmp,136
35058.bmp,137
35059.bmp,138
35060.bmp,139
35061.bmp,140
35062.bmp,141
35063.bmp,142
35064.bmp,143
35065.bmp,144
35066.bmp,145
35067.bmp,146
35068.bmp,147
35069.bmp,148
35070.bmp,149
35071.bmp,150
35072.bmp,151
35073.bmp,152
35074.bmp,153
35075.bmp,154
35076.bmp,155
35077.bmp,80
35078.bmp,0
35079.bmp,1
35080.bmp,2
35081.bmp,3
35082.bmp,4
35083.bmp,5
35084.bmp,6
35085.bmp,7
35086.bmp,8
35087.bmp,9
35088.bmp,10
35089.bmp,11
35090.bmp,12
35091.bmp,13
35092.bmp,14
35093.bmp,15
35094.bmp,16
35095.bmp,17
35096.bmp,18
35097.bmp,19
35098.bmp,20
35099.bmp,21
35100.bmp,22
35101.bmp,23
35102.bmp,24
35103.bmp,25
35104.bmp,26
35105.bmp,27
35106.bmp,28
35107.bmp,29
35108.bmp,30
35109.bmp,31
35110.bmp,32
35111.bmp,33
35112.bmp,34
35113.bmp,35
35114.bmp,36
35115.bmp,37
35116.bmp,38
35117.bmp,39
35118.bmp,40
35119.bmp,41
35120.bmp,42
35121.bmp,43
35122.bmp,44
35123.bmp,45
35124.bmp,46
35125.bmp,47
35126.bmp,48
35127.bmp,49
35128.bmp,50
35129.bmp,51
35130.bmp,52
35131.bmp,53
35132.bmp,54
35133.bmp,55
35134.bmp,56
35135.bmp,57
35136.bmp,58
35137.bmp,59
35138.bmp,60
35139.bmp,61
35140.bmp,62
35141.bmp,63
35142.bmp,64
35143.bmp,65
35144.bmp,66
35145.bmp,67
35146.bmp,68
35147.bmp,69
35148.bmp,70
35149.bmp,71
35150.bmp,72
35151.bmp,73
35152.bmp,74
35153.bmp,75
35154.bmp,76
35155.bmp,77
35156.bmp,78
35157.bmp,79
35158.bmp,80
35159.bmp,81
35160.bmp,82
35161.bmp,83
35162.bmp,84
35163.bmp,85
35164.bmp,86
35165.bmp,87
35166.bmp,88
35167.bmp,89
35168.bmp,90
35169.bmp,91
35170.bmp,92
35171.bmp,93
35172.bmp,94
35173.bmp,95
35174.bmp,96
35175.bmp,97
35176.bmp,98
35177.bmp,99
35178.bmp,100
35179.bmp,101
35180.bmp,102
35181.bmp,103
35182.bmp,104
35183.bmp,105
35184.bmp,106
35185.bmp,107
35186.bmp,108
35187.bmp,109
35188.bmp,110
35189.bmp,111
35190.bmp,112
35191.bmp,113
35192.bmp,114
35193.bmp,115
35194.bmp,116
35195.bmp,117
35196.bmp,118
35197.bmp,119
35198.bmp,120
35199.bmp,121
35200.bmp,122
35201.bmp,123
35202.bmp,124
35203.bmp,125
35204.bmp,126
35205.bmp,127
35206.bmp,128
35207.bmp,129
35208.bmp,130
35209.bmp,131
35210.bmp,132
35211.bmp,133
35212.bmp,134
35213.bmp,135
35214.bmp,136
35215.bmp,137
35216.bmp,138
35217.bmp,139
35218.bmp,140
35219.bmp,141
35220.bmp,142
35221.bmp,143
35222.bmp,144
35223.bmp,145
35224.bmp,146
35225.bmp,147
35226.bmp,148
35227.bmp,149
35228.bmp,150
35229.bmp,151
35230.bmp,152
35231.bmp,153
35232.bmp,154
35233.bmp,155
35234.bmp,80
35235.bmp,0
35236.bmp,1
35237.bmp,2
35238.bmp,3
35239.bmp,4
35240.bmp,5
35241.bmp,6
35242.bmp,7
35243.bmp,8
35244.bmp,9
35245.bmp,10
35246.bmp,11
35247.bmp,12
35248.bmp,13
35249.bmp,14
35250.bmp,15
35251.bmp,16
35252.bmp,17
35253.bmp,18
35254.bmp,19
35255.bmp,20
35256.bmp,21
35257.bmp,22
35258.bmp,23
35259.bmp,24
35260.bmp,25
35261.bmp,26
35262.bmp,27
35263.bmp,28
35264.bmp,29
35265.bmp,30
35266.bmp,31
35267.bmp,32
35268.bmp,33
35269.bmp,34
35270.bmp,35
35271.bmp,36
35272.bmp,37
35273.bmp,38
35274.bmp,39
35275.bmp,40
35276.bmp,41
35277.bmp,42
35278.bmp,43
35279.bmp,44
35280.bmp,45
35281.bmp,46
35282.bmp,47
35283.bmp,48
35284.bmp,49
35285.bmp,50
35286.bmp,51
35287.bmp,52
35288.bmp,53
35289.bmp,54
35290.bmp,55
35291.bmp,56
35292.bmp,57
35293.bmp,58
35294.bmp,59
35295.bmp,60
35296.bmp,61
35297.bmp,62
35298.bmp,63
35299.bmp,64
35300.bmp,65
35301.bmp,66
35302.bmp,67
35303.bmp,68
35304.bmp,69
35305.bmp,70
35306.bmp,71
35307.bmp,72
35308.bmp,73
35309.bmp,74
35310.bmp,75
35311.bmp,76
35312.bmp,77
35313.bmp,78
35314.bmp,79
35315.bmp,80
35316.bmp,81
35317.bmp,82
35318.bmp,83
35319.bmp,84
35320.bmp,85
35321.bmp,86
35322.bmp,87
35323.bmp,88
35324.bmp,89
35325.bmp,90
35326.bmp,91
35327.bmp,92
35328.bmp,93
35329.bmp,94
35330.bmp,95
35331.bmp,96
35332.bmp,97
35333.bmp,98
35334.bmp,99
35335.bmp,100
35336.bmp,101
35337.bmp,102
35338.bmp,103
35339.bmp,104
35340.bmp,105
35341.bmp,106
35342.bmp,107
35343.bmp,108
35344.bmp,109
35345.bmp,110
35346.bmp,111
35347.bmp,112
35348.bmp,113
35349.bmp,114
35350.bmp,115
35351.bmp,116
35352.bmp,117
35353.bmp,118
35354.bmp,119
35355.bmp,120
35356.bmp,121
35357.bmp,122
35358.bmp,123
35359.bmp,124
35360.bmp,125
35361.bmp,126
35362.bmp,127
35363.bmp,128
35364.bmp,129
35365.bmp,130
35366.bmp,131
35367.bmp,132
35368.bmp,133
35369.bmp,134
35370.bmp,135
35371.bmp,136
35372.bmp,137
35373.bmp,138
35374.bmp,139
35375.bmp,140
35376.bmp,141
35377.bmp,142
35378.bmp,143
35379.bmp,144
35380.bmp,145
35381.bmp,146
35382.bmp,147
35383.bmp,148
35384.bmp,149
35385.bmp,150
35386.bmp,151
35387.bmp,152
35388.bmp,153
35389.bmp,154
35390.bmp,155
35391.bmp,80
35392.bmp,0
35393.bmp,1
35394.bmp,2
35395.bmp,3
35396.bmp,4
35397.bmp,5
35398.bmp,6
35399.bmp,7
35400.bmp,8
35401.bmp,9
35402.bmp,10
35403.bmp,11
35404.bmp,12
35405.bmp,13
35406.bmp,14
35407.bmp,15
35408.bmp,16
35409.bmp,17
35410.bmp,18
35411.bmp,19
35412.bmp,20
35413.bmp,21
35414.bmp,22
35415.bmp,23
35416.bmp,24
35417.bmp,25
35418.bmp,26
35419.bmp,27
35420.bmp,28
35421.bmp,29
35422.bmp,30
35423.bmp,31
35424.bmp,32
35425.bmp,33
35426.bmp,34
35427.bmp,35
35428.bmp,36
35429.bmp,37
35430.bmp,38
35431.bmp,39
35432.bmp,40
35433.bmp,41
35434.bmp,42
35435.bmp,43
35436.bmp,44
35437.bmp,45
35438.bmp,46
35439.bmp,47
35440.bmp,48
35441.bmp,49
35442.bmp,50
35443.bmp,51
35444.bmp,52
35445.bmp,53
35446.bmp,54
35447.bmp,55
35448.bmp,56
35449.bmp,57
35450.bmp,58
35451.bmp,59
35452.bmp,60
35453.bmp,61
35454.bmp,62
35455.bmp,63
35456.bmp,64
35457.bmp,65
35458.bmp,66
35459.bmp,67
35460.bmp,68
35461.bmp,69
35462.bmp,70
35463.bmp,71
35464.bmp,72
35465.bmp,73
35466.bmp,74
35467.bmp,75
35468.bmp,76
35469.bmp,77
35470.bmp,78
35471.bmp,79
35472.bmp,80
35473.bmp,81
35474.bmp,82
35475.bmp,83
35476.bmp,84
35477.bmp,85
35478.bmp,86
35479.bmp,87
35480.bmp,88
35481.bmp,89
35482.bmp,90
35483.bmp,91
35484.bmp,92
35485.bmp,93
35486.bmp,94
35487.bmp,95
35488.bmp,96
35489.bmp,97
35490.bmp,98
35491.bmp,99
35492.bmp,100
35493.bmp,101
35494.bmp,102
35495.bmp,103
35496.bmp,104
35497.bmp,105
35498.bmp,106
35499.bmp,107
35500.bmp,108
35501.bmp,109
35502.bmp,110
35503.bmp,111
35504.bmp,112
35505.bmp,113
35506.bmp,114
35507.bmp,115
35508.bmp,116
35509.bmp,117
35510.bmp,118
35511.bmp,119
35512.bmp,120
35513.bmp,121
35514.bmp,122
35515.bmp,123
35516.bmp,124
35517.bmp,125
35518.bmp,126
35519.bmp,127
35520.bmp,128
35521.bmp,129
35522.bmp,130
35523.bmp,131
35524.bmp,132
35525.bmp,133
35526.bmp,134
35527.bmp,135
35528.bmp,136
35529.bmp,137
35530.bmp,138
35531.bmp,139
35532.bmp,140
35533.bmp,141
35534.bmp,142
35535.bmp,143
35536.bmp,144
35537.bmp,145
35538.bmp,146
35539.bmp,147
35540.bmp,148
35541.bmp,149
35542.bmp,150
35543.bmp,151
35544.bmp,152
35545.bmp,153
35546.bmp,154
35547.bmp,155
35548.bmp,80
35549.bmp,0
35550.bmp,1
35551.bmp,2
35552.bmp,3
35553.bmp,4
35554.bmp,5
35555.bmp,6
35556.bmp,7
35557.bmp,8
35558.bmp,9
35559.bmp,10
35560.bmp,11
35561.bmp,12
35562.bmp,13
35563.bmp,14
35564.bmp,15
35565.bmp,16
35566.bmp,17
35567.bmp,18
35568.bmp,19
35569.bmp,20
35570.bmp,21
35571.bmp,22
35572.bmp,23
35573.bmp,24
35574.bmp,25
35575.bmp,26
35576.bmp,27
35577.bmp,28
35578.bmp,29
35579.bmp,30
35580.bmp,31
35581.bmp,32
35582.bmp,33
35583.bmp,34
35584.bmp,35
35585.bmp,36
35586.bmp,37
35587.bmp,38
35588.bmp,39
35589.bmp,40
35590.bmp,41
35591.bmp,42
35592.bmp,43
35593.bmp,44
35594.bmp,45
35595.bmp,46
35596.bmp,47
35597.bmp,48
35598.bmp,49
35599.bmp,50
35600.bmp,51
35601.bmp,52
35602.bmp,53
35603.bmp,54
35604.bmp,55
35605.bmp,56
35606.bmp,57
35607.bmp,58
35608.bmp,59
35609.bmp,60
35610.bmp,61
35611.bmp,62
35612.bmp,63
35613.bmp,64
35614.bmp,65
35615.bmp,66
35616.bmp,67
35617.bmp,68
35618.bmp,69
35619.bmp,70
35620.bmp,71
35621.bmp,72
35622.bmp,73
35623.bmp,74
35624.bmp,75
35625.bmp,76
35626.bmp,77
35627.bmp,78
35628.bmp,79
35629.bmp,80
35630.bmp,81
35631.bmp,82
35632.bmp,83
35633.bmp,84
35634.bmp,85
35635.bmp,86
35636.bmp,87
35637.bmp,88
35638.bmp,89
35639.bmp,90
35640.bmp,91
35641.bmp,92
35642.bmp,93
35643.bmp,94
35644.bmp,95
35645.bmp,96
35646.bmp,97
35647.bmp,98
35648.bmp,99
35649.bmp,100
35650.bmp,101
35651.bmp,102
35652.bmp,103
35653.bmp,104
35654.bmp,105
35655.bmp,106
35656.bmp,107
35657.bmp,108
35658.bmp,109
35659.bmp,110
35660.bmp,111
35661.bmp,112
35662.bmp,113
35663.bmp,114
35664.bmp,115
35665.bmp,116
35666.bmp,117
35667.bmp,118
35668.bmp,119
35669.bmp,120
35670.bmp,121
35671.bmp,122
35672.bmp,123
35673.bmp,124
35674.bmp,125
35675.bmp,126
35676.bmp,127
35677.bmp,128
35678.bmp,129
35679.bmp,130
35680.bmp,131
35681.bmp,132
35682.bmp,133
35683.bmp,134
35684.bmp,135
35685.bmp,136
35686.bmp,137
35687.bmp,138
35688.bmp,139
35689.bmp,140
35690.bmp,141
35691.bmp,142
35692.bmp,143
35693.bmp,144
35694.bmp,145
35695.bmp,146
35696.bmp,147
35697.bmp,148
35698.bmp,149
35699.bmp,150
35700.bmp,151
35701.bmp,152
35702.bmp,153
35703.bmp,154
35704.bmp,155
35705.bmp,80
35706.bmp,0
35707.bmp,1
35708.bmp,2
35709.bmp,3
35710.bmp,4
35711.bmp,5
35712.bmp,6
35713.bmp,7
35714.bmp,8
35715.bmp,9
35716.bmp,10
35717.bmp,11
35718.bmp,12
35719.bmp,13
35720.bmp,14
35721.bmp,15
35722.bmp,16
35723.bmp,17
35724.bmp,18
35725.bmp,19
35726.bmp,20
35727.bmp,21
35728.bmp,22
35729.bmp,23
35730.bmp,24
35731.bmp,25
35732.bmp,26
35733.bmp,27
35734.bmp,28
35735.bmp,29
35736.bmp,30
35737.bmp,31
35738.bmp,32
35739.bmp,33
35740.bmp,34
35741.bmp,35
35742.bmp,36
35743.bmp,37
35744.bmp,38
35745.bmp,39
35746.bmp,40
35747.bmp,41
35748.bmp,42
35749.bmp,43
35750.bmp,44
35751.bmp,45
35752.bmp,46
35753.bmp,47
35754.bmp,48
35755.bmp,49
35756.bmp,50
35757.bmp,51
35758.bmp,52
35759.bmp,53
35760.bmp,54
35761.bmp,55
35762.bmp,56
35763.bmp,57
35764.bmp,58
35765.bmp,59
35766.bmp,60
35767.bmp,61
35768.bmp,62
35769.bmp,63
35770.bmp,64
35771.bmp,65
35772.bmp,66
35773.bmp,67
35774.bmp,68
35775.bmp,69
35776.bmp,70
35777.bmp,71
35778.bmp,72
35779.bmp,73
35780.bmp,74
35781.bmp,75
35782.bmp,76
35783.bmp,77
35784.bmp,78
35785.bmp,79
35786.bmp,80
35787.bmp,81
35788.bmp,82
35789.bmp,83
35790.bmp,84
35791.bmp,85
35792.bmp,86
35793.bmp,87
35794.bmp,88
35795.bmp,89
35796.bmp,90
35797.bmp,91
35798.bmp,92
35799.bmp,93
35800.bmp,94
35801.bmp,95
35802.bmp,96
35803.bmp,97
35804.bmp,98
35805.bmp,99
35806.bmp,100
35807.bmp,101
35808.bmp,102
35809.bmp,103
35810.bmp,104
35811.bmp,105
35812.bmp,106
35813.bmp,107
35814.bmp,108
35815.bmp,109
35816.bmp,110
35817.bmp,111
35818.bmp,112
35819.bmp,113
35820.bmp,114
35821.bmp,115
35822.bmp,116
35823.bmp,117
35824.bmp,118
35825.bmp,119
35826.bmp,120
35827.bmp,121
35828.bmp,122
35829.bmp,123
35830.bmp,124
35831.bmp,125
35832.bmp,126
35833.bmp,127
35834.bmp,128
35835.bmp,129
35836.bmp,130
35837.bmp,131
35838.bmp,132
35839.bmp,133
35840.bmp,134
35841.bmp,135
35842.bmp,136
35843.bmp,137
35844.bmp,138
35845.bmp,139
35846.bmp,140
35847.bmp,141
35848.bmp,142
35849.bmp,143
35850.bmp,144
35851.bmp,145
35852.bmp,146
35853.bmp,147
35854.bmp,148
35855.bmp,149
35856.bmp,150
35857.bmp,151
35858.bmp,152
35859.bmp,153
35860.bmp,154
35861.bmp,155
35862.bmp,80
35863.bmp,0
35864.bmp,1
35865.bmp,2
35866.bmp,3
35867.bmp,4
35868.bmp,5
35869.bmp,6
35870.bmp,7
35871.bmp,8
35872.bmp,9
35873.bmp,10
35874.bmp,11
35875.bmp,12
35876.bmp,13
35877.bmp,14
35878.bmp,15
35879.bmp,16
35880.bmp,17
35881.bmp,18
35882.bmp,19
35883.bmp,20
35884.bmp,21
35885.bmp,22
35886.bmp,23
35887.bmp,24
35888.bmp,25
35889.bmp,26
35890.bmp,27
35891.bmp,28
35892.bmp,29
35893.bmp,30
35894.bmp,31
35895.bmp,32
35896.bmp,33
35897.bmp,34
35898.bmp,35
35899.bmp,36
35900.bmp,37
35901.bmp,38
35902.bmp,39
35903.bmp,40
35904.bmp,41
35905.bmp,42
35906.bmp,43
35907.bmp,44
35908.bmp,45
35909.bmp,46
35910.bmp,47
35911.bmp,48
35912.bmp,49
35913.bmp,50
35914.bmp,51
35915.bmp,52
35916.bmp,53
35917.bmp,54
35918.bmp,55
35919.bmp,56
35920.bmp,57
35921.bmp,58
35922.bmp,59
35923.bmp,60
35924.bmp,61
35925.bmp,62
35926.bmp,63
35927.bmp,64
35928.bmp,65
35929.bmp,66
35930.bmp,67
35931.bmp,68
35932.bmp,69
35933.bmp,70
35934.bmp,71
35935.bmp,72
35936.bmp,73
35937.bmp,74
35938.bmp,75
35939.bmp,76
35940.bmp,77
35941.bmp,78
35942.bmp,79
35943.bmp,80
35944.bmp,81
35945.bmp,82
35946.bmp,83
35947.bmp,84
35948.bmp,85
35949.bmp,86
35950.bmp,87
35951.bmp,88
35952.bmp,89
35953.bmp,90
35954.bmp,91
35955.bmp,92
35956.bmp,93
35957.bmp,94
35958.bmp,95
35959.bmp,96
35960.bmp,97
35961.bmp,98
35962.bmp,99
35963.bmp,100
35964.bmp,101
35965.bmp,102
35966.bmp,103
35967.bmp,104
35968.bmp,105
35969.bmp,106
35970.bmp,107
35971.bmp,108
35972.bmp,109
35973.bmp,110
35974.bmp,111
35975.bmp,112
35976.bmp,113
35977.bmp,114
35978.bmp,115
35979.bmp,116
35980.bmp,117
35981.bmp,118
35982.bmp,119
35983.bmp,120
35984.bmp,121
35985.bmp,122
35986.bmp,123
35987.bmp,124
35988.bmp,125
35989.bmp,126
35990.bmp,127
35991.bmp,128
35992.bmp,129
35993.bmp,130
35994.bmp,131
35995.bmp,132
35996.bmp,133
35997.bmp,134
35998.bmp,135
35999.bmp,136
36000.bmp,137
36001.bmp,138
36002.bmp,139
36003.bmp,140
36004.bmp,141
36005.bmp,142
36006.bmp,143
36007.bmp,144
36008.bmp,145
36009.bmp,146
36010.bmp,147
36011.bmp,148
36012.bmp,149
36013.bmp,150
36014.bmp,151
36015.bmp,152
36016.bmp,153
36017.bmp,154
36018.bmp,155
36019.bmp,80
36020.bmp,0
36021.bmp,1
36022.bmp,2
36023.bmp,3
36024.bmp,4
36025.bmp,5
36026.bmp,6
36027.bmp,7
36028.bmp,8
36029.bmp,9
36030.bmp,10
36031.bmp,11
36032.bmp,12
36033.bmp,13
36034.bmp,14
36035.bmp,15
36036.bmp,16
36037.bmp,17
36038.bmp,18
36039.bmp,19
36040.bmp,20
36041.bmp,21
36042.bmp,22
36043.bmp,23
36044.bmp,24
36045.bmp,25
36046.bmp,26
36047.bmp,27
36048.bmp,28
36049.bmp,29
36050.bmp,30
36051.bmp,31
36052.bmp,32
36053.bmp,33
36054.bmp,34
36055.bmp,35
36056.bmp,36
36057.bmp,37
36058.bmp,38
36059.bmp,39
36060.bmp,40
36061.bmp,41
36062.bmp,42
36063.bmp,43
36064.bmp,44
36065.bmp,45
36066.bmp,46
36067.bmp,47
36068.bmp,48
36069.bmp,49
36070.bmp,50
36071.bmp,51
36072.bmp,52
36073.bmp,53
36074.bmp,54
36075.bmp,55
36076.bmp,56
36077.bmp,57
36078.bmp,58
36079.bmp,59
36080.bmp,60
36081.bmp,61
36082.bmp,62
36083.bmp,63
36084.bmp,64
36085.bmp,65
36086.bmp,66
36087.bmp,67
36088.bmp,68
36089.bmp,69
36090.bmp,70
36091.bmp,71
36092.bmp,72
36093.bmp,73
36094.bmp,74
36095.bmp,75
36096.bmp,76
36097.bmp,77
36098.bmp,78
36099.bmp,79
36100.bmp,80
36101.bmp,81
36102.bmp,82
36103.bmp,83
36104.bmp,84
36105.bmp,85
36106.bmp,86
36107.bmp,87
36108.bmp,88
36109.bmp,89
36110.bmp,90
36111.bmp,91
36112.bmp,92
36113.bmp,93
36114.bmp,94
36115.bmp,95
36116.bmp,96
36117.bmp,97
36118.bmp,98
36119.bmp,99
36120.bmp,100
36121.bmp,101
36122.bmp,102
36123.bmp,103
36124.bmp,104
36125.bmp,105
36126.bmp,106
36127.bmp,107
36128.bmp,108
36129.bmp,109
36130.bmp,110
36131.bmp,111
36132.bmp,112
36133.bmp,113
36134.bmp,114
36135.bmp,115
36136.bmp,116
36137.bmp,117
36138.bmp,118
36139.bmp,119
36140.bmp,120
36141.bmp,121
36142.bmp,122
36143.bmp,123
36144.bmp,124
36145.bmp,125
36146.bmp,126
36147.bmp,127
36148.bmp,128
36149.bmp,129
36150.bmp,130
36151.bmp,131
36152.bmp,132
36153.bmp,133
36154.bmp,134
36155.bmp,135
36156.bmp,136
36157.bmp,137
36158.bmp,138
36159.bmp,139
36160.bmp,140
36161.bmp,141
36162.bmp,142
36163.bmp,143
36164.bmp,144
36165.bmp,145
36166.bmp,146
36167.bmp,147
36168.bmp,148
36169.bmp,149
36170.bmp,150
36171.bmp,151
36172.bmp,152
36173.bmp,153
36174.bmp,154
36175.bmp,155
36176.bmp,80
36177.bmp,0
36178.bmp,1
36179.bmp,2
36180.bmp,3
36181.bmp,4
36182.bmp,5
36183.bmp,6
36184.bmp,7
36185.bmp,8
36186.bmp,9
36187.bmp,10
36188.bmp,11
36189.bmp,12
36190.bmp,13
36191.bmp,14
36192.bmp,15
36193.bmp,16
36194.bmp,17
36195.bmp,18
36196.bmp,19
36197.bmp,20
36198.bmp,21
36199.bmp,22
36200.bmp,23
36201.bmp,24
36202.bmp,25
36203.bmp,26
36204.bmp,27
36205.bmp,28
36206.bmp,29
36207.bmp,30
36208.bmp,31
36209.bmp,32
36210.bmp,33
36211.bmp,34
36212.bmp,35
36213.bmp,36
36214.bmp,37
36215.bmp,38
36216.bmp,39
36217.bmp,40
36218.bmp,41
36219.bmp,42
36220.bmp,43
36221.bmp,44
36222.bmp,45
36223.bmp,46
36224.bmp,47
36225.bmp,48
36226.bmp,49
36227.bmp,50
36228.bmp,51
36229.bmp,52
36230.bmp,53
36231.bmp,54
36232.bmp,55
36233.bmp,56
36234.bmp,57
36235.bmp,58
36236.bmp,59
36237.bmp,60
36238.bmp,61
36239.bmp,62
36240.bmp,63
36241.bmp,64
36242.bmp,65
36243.bmp,66
36244.bmp,67
36245.bmp,68
36246.bmp,69
36247.bmp,70
36248.bmp,71
36249.bmp,72
36250.bmp,73
36251.bmp,74
36252.bmp,75
36253.bmp,76
36254.bmp,77
36255.bmp,78
36256.bmp,79
36257.bmp,80
36258.bmp,81
36259.bmp,82
36260.bmp,83
36261.bmp,84
36262.bmp,85
36263.bmp,86
36264.bmp,87
36265.bmp,88
36266.bmp,89
36267.bmp,90
36268.bmp,91
36269.bmp,92
36270.bmp,93
36271.bmp,94
36272.bmp,95
36273.bmp,96
36274.bmp,97
36275.bmp,98
36276.bmp,99
36277.bmp,100
36278.bmp,101
36279.bmp,102
36280.bmp,103
36281.bmp,104
36282.bmp,105
36283.bmp,106
36284.bmp,107
36285.bmp,108
36286.bmp,109
36287.bmp,110
36288.bmp,111
36289.bmp,112
36290.bmp,113
36291.bmp,114
36292.bmp,115
36293.bmp,116
36294.bmp,117
36295.bmp,118
36296.bmp,119
36297.bmp,120
36298.bmp,121
36299.bmp,122
36300.bmp,123
36301.bmp,124
36302.bmp,125
36303.bmp,126
36304.bmp,127
36305.bmp,128
36306.bmp,129
36307.bmp,130
36308.bmp,131
36309.bmp,132
36310.bmp,133
36311.bmp,134
36312.bmp,135
36313.bmp,136
36314.bmp,137
36315.bmp,138
36316.bmp,139
36317.bmp,140
36318.bmp,141
36319.bmp,142
36320.bmp,143
36321.bmp,144
36322.bmp,145
36323.bmp,146
36324.bmp,147
36325.bmp,148
36326.bmp,149
36327.bmp,150
36328.bmp,151
36329.bmp,152
36330.bmp,153
36331.bmp,154
36332.bmp,155
36333.bmp,80
36334.bmp,0
36335.bmp,1
36336.bmp,2
36337.bmp,3
36338.bmp,4
36339.bmp,5
36340.bmp,6
36341.bmp,7
36342.bmp,8
36343.bmp,9
36344.bmp,10
36345.bmp,11
36346.bmp,12
36347.bmp,13
36348.bmp,14
36349.bmp,15
36350.bmp,16
36351.bmp,17
36352.bmp,18
36353.bmp,19
36354.bmp,20
36355.bmp,21
36356.bmp,22
36357.bmp,23
36358.bmp,24
36359.bmp,25
36360.bmp,26
36361.bmp,27
36362.bmp,28
36363.bmp,29
36364.bmp,30
36365.bmp,31
36366.bmp,32
36367.bmp,33
36368.bmp,34
36369.bmp,35
36370.bmp,36
36371.bmp,37
36372.bmp,38
36373.bmp,39
36374.bmp,40
36375.bmp,41
36376.bmp,42
36377.bmp,43
36378.bmp,44
36379.bmp,45
36380.bmp,46
36381.bmp,47
36382.bmp,48
36383.bmp,49
36384.bmp,50
36385.bmp,51
36386.bmp,52
36387.bmp,53
36388.bmp,54
36389.bmp,55
36390.bmp,56
36391.bmp,57
36392.bmp,58
36393.bmp,59
36394.bmp,60
36395.bmp,61
36396.bmp,62
36397.bmp,63
36398.bmp,64
36399.bmp,65
36400.bmp,66
36401.bmp,67
36402.bmp,68
36403.bmp,69
36404.bmp,70
36405.bmp,71
36406.bmp,72
36407.bmp,73
36408.bmp,74
36409.bmp,75
36410.bmp,76
36411.bmp,77
36412.bmp,78
36413.bmp,79
36414.bmp,80
36415.bmp,81
36416.bmp,82
36417.bmp,83
36418.bmp,84
36419.bmp,85
36420.bmp,86
36421.bmp,87
36422.bmp,88
36423.bmp,89
36424.bmp,90
36425.bmp,91
36426.bmp,92
36427.bmp,93
36428.bmp,94
36429.bmp,95
36430.bmp,96
36431.bmp,97
36432.bmp,98
36433.bmp,99
36434.bmp,100
36435.bmp,101
36436.bmp,102
36437.bmp,103
36438.bmp,104
36439.bmp,105
36440.bmp,106
36441.bmp,107
36442.bmp,108
36443.bmp,109
36444.bmp,110
36445.bmp,111
36446.bmp,112
36447.bmp,113
36448.bmp,114
36449.bmp,115
36450.bmp,116
36451.bmp,117
36452.bmp,118
36453.bmp,119
36454.bmp,120
36455.bmp,121
36456.bmp,122
36457.bmp,123
36458.bmp,124
36459.bmp,125
36460.bmp,126
36461.bmp,127
36462.bmp,128
36463.bmp,129
36464.bmp,130
36465.bmp,131
36466.bmp,132
36467.bmp,133
36468.bmp,134
36469.bmp,135
36470.bmp,136
36471.bmp,137
36472.bmp,138
36473.bmp,139
36474.bmp,140
36475.bmp,141
36476.bmp,142
36477.bmp,143
36478.bmp,144
36479.bmp,145
36480.bmp,146
36481.bmp,147
36482.bmp,148
36483.bmp,149
36484.bmp,150
36485.bmp,151
36486.bmp,152
36487.bmp,153
36488.bmp,154
36489.bmp,155
36490.bmp,80
36491.bmp,0
36492.bmp,1
36493.bmp,2
36494.bmp,3
36495.bmp,4
36496.bmp,5
36497.bmp,6
36498.bmp,7
36499.bmp,8
36500.bmp,9
36501.bmp,10
36502.bmp,11
36503.bmp,12
36504.bmp,13
36505.bmp,14
36506.bmp,15
36507.bmp,16
36508.bmp,17
36509.bmp,18
36510.bmp,19
36511.bmp,20
36512.bmp,21
36513.bmp,22
36514.bmp,23
36515.bmp,24
36516.bmp,25
36517.bmp,26
36518.bmp,27
36519.bmp,28
36520.bmp,29
36521.bmp,30
36522.bmp,31
36523.bmp,32
36524.bmp,33
36525.bmp,34
36526.bmp,35
36527.bmp,36
36528.bmp,37
36529.bmp,38
36530.bmp,39
36531.bmp,40
36532.bmp,41
36533.bmp,42
36534.bmp,43
36535.bmp,44
36536.bmp,45
36537.bmp,46
36538.bmp,47
36539.bmp,48
36540.bmp,49
36541.bmp,50
36542.bmp,51
36543.bmp,52
36544.bmp,53
36545.bmp,54
36546.bmp,55
36547.bmp,56
36548.bmp,57
36549.bmp,58
36550.bmp,59
36551.bmp,60
36552.bmp,61
36553.bmp,62
36554.bmp,63
36555.bmp,64
36556.bmp,65
36557.bmp,66
36558.bmp,67
36559.bmp,68
36560.bmp,69
36561.bmp,70
36562.bmp,71
36563.bmp,72
36564.bmp,73
36565.bmp,74
36566.bmp,75
36567.bmp,76
36568.bmp,77
36569.bmp,78
36570.bmp,79
36571.bmp,80
36572.bmp,81
36573.bmp,82
36574.bmp,83
36575.bmp,84
36576.bmp,85
36577.bmp,86
36578.bmp,87
36579.bmp,88
36580.bmp,89
36581.bmp,90
36582.bmp,91
36583.bmp,92
36584.bmp,93
36585.bmp,94
36586.bmp,95
36587.bmp,96
36588.bmp,97
36589.bmp,98
36590.bmp,99
36591.bmp,100
36592.bmp,101
36593.bmp,102
36594.bmp,103
36595.bmp,104
36596.bmp,105
36597.bmp,106
36598.bmp,107
36599.bmp,108
36600.bmp,109
36601.bmp,110
36602.bmp,111
36603.bmp,112
36604.bmp,113
36605.bmp,114
36606.bmp,115
36607.bmp,116
36608.bmp,117
36609.bmp,118
36610.bmp,119
36611.bmp,120
36612.bmp,121
36613.bmp,122
36614.bmp,123
36615.bmp,124
36616.bmp,125
36617.bmp,126
36618.bmp,127
36619.bmp,128
36620.bmp,129
36621.bmp,130
36622.bmp,131
36623.bmp,132
36624.bmp,133
36625.bmp,134
36626.bmp,135
36627.bmp,136
36628.bmp,137
36629.bmp,138
36630.bmp,139
36631.bmp,140
36632.bmp,141
36633.bmp,142
36634.bmp,143
36635.bmp,144
36636.bmp,145
36637.bmp,146
36638.bmp,147
36639.bmp,148
36640.bmp,149
36641.bmp,150
36642.bmp,151
36643.bmp,152
36644.bmp,153
36645.bmp,154
36646.bmp,155
36647.bmp,80
36648.bmp,0
36649.bmp,1
36650.bmp,2
36651.bmp,3
36652.bmp,4
36653.bmp,5
36654.bmp,6
36655.bmp,7
36656.bmp,8
36657.bmp,9
36658.bmp,10
36659.bmp,11
36660.bmp,12
36661.bmp,13
36662.bmp,14
36663.bmp,15
36664.bmp,16
36665.bmp,17
36666.bmp,18
36667.bmp,19
36668.bmp,20
36669.bmp,21
36670.bmp,22
36671.bmp,23
36672.bmp,24
36673.bmp,25
36674.bmp,26
36675.bmp,27
36676.bmp,28
36677.bmp,29
36678.bmp,30
36679.bmp,31
36680.bmp,32
36681.bmp,33
36682.bmp,34
36683.bmp,35
36684.bmp,36
36685.bmp,37
36686.bmp,38
36687.bmp,39
36688.bmp,40
36689.bmp,41
36690.bmp,42
36691.bmp,43
36692.bmp,44
36693.bmp,45
36694.bmp,46
36695.bmp,47
36696.bmp,48
36697.bmp,49
36698.bmp,50
36699.bmp,51
36700.bmp,52
36701.bmp,53
36702.bmp,54
36703.bmp,55
36704.bmp,56
36705.bmp,57
36706.bmp,58
36707.bmp,59
36708.bmp,60
36709.bmp,61
36710.bmp,62
36711.bmp,63
36712.bmp,64
36713.bmp,65
36714.bmp,66
36715.bmp,67
36716.bmp,68
36717.bmp,69
36718.bmp,70
36719.bmp,71
36720.bmp,72
36721.bmp,73
36722.bmp,74
36723.bmp,75
36724.bmp,76
36725.bmp,77
36726.bmp,78
36727.bmp,79
36728.bmp,80
36729.bmp,81
36730.bmp,82
36731.bmp,83
36732.bmp,84
36733.bmp,85
36734.bmp,86
36735.bmp,87
36736.bmp,88
36737.bmp,89
36738.bmp,90
36739.bmp,91
36740.bmp,92
36741.bmp,93
36742.bmp,94
36743.bmp,95
36744.bmp,96
36745.bmp,97
36746.bmp,98
36747.bmp,99
36748.bmp,100
36749.bmp,101
36750.bmp,102
36751.bmp,103
36752.bmp,104
36753.bmp,105
36754.bmp,106
36755.bmp,107
36756.bmp,108
36757.bmp,109
36758.bmp,110
36759.bmp,111
36760.bmp,112
36761.bmp,113
36762.bmp,114
36763.bmp,115
36764.bmp,116
36765.bmp,117
36766.bmp,118
36767.bmp,119
36768.bmp,120
36769.bmp,121
36770.bmp,122
36771.bmp,123
36772.bmp,124
36773.bmp,125
36774.bmp,126
36775.bmp,127
36776.bmp,128
36777.bmp,129
36778.bmp,130
36779.bmp,131
36780.bmp,132
36781.bmp,133
36782.bmp,134
36783.bmp,135
36784.bmp,136
36785.bmp,137
36786.bmp,138
36787.bmp,139
36788.bmp,140
36789.bmp,141
36790.bmp,142
36791.bmp,143
36792.bmp,144
36793.bmp,145
36794.bmp,146
36795.bmp,147
36796.bmp,148
36797.bmp,149
36798.bmp,150
36799.bmp,151
36800.bmp,152
36801.bmp,153
36802.bmp,154
36803.bmp,155
36804.bmp,80
36805.bmp,0
36806.bmp,1
36807.bmp,2
36808.bmp,3
36809.bmp,4
36810.bmp,5
36811.bmp,6
36812.bmp,7
36813.bmp,8
36814.bmp,9
36815.bmp,10
36816.bmp,11
36817.bmp,12
36818.bmp,13
36819.bmp,14
36820.bmp,15
36821.bmp,16
36822.bmp,17
36823.bmp,18
36824.bmp,19
36825.bmp,20
36826.bmp,21
36827.bmp,22
36828.bmp,23
36829.bmp,24
36830.bmp,25
36831.bmp,26
36832.bmp,27
36833.bmp,28
36834.bmp,29
36835.bmp,30
36836.bmp,31
36837.bmp,32
36838.bmp,33
36839.bmp,34
36840.bmp,35
36841.bmp,36
36842.bmp,37
36843.bmp,38
36844.bmp,39
36845.bmp,40
36846.bmp,41
36847.bmp,42
36848.bmp,43
36849.bmp,44
36850.bmp,45
36851.bmp,46
36852.bmp,47
36853.bmp,48
36854.bmp,49
36855.bmp,50
36856.bmp,51
36857.bmp,52
36858.bmp,53
36859.bmp,54
36860.bmp,55
36861.bmp,56
36862.bmp,57
36863.bmp,58
36864.bmp,59
36865.bmp,60
36866.bmp,61
36867.bmp,62
36868.bmp,63
36869.bmp,64
36870.bmp,65
36871.bmp,66
36872.bmp,67
36873.bmp,68
36874.bmp,69
36875.bmp,70
36876.bmp,71
36877.bmp,72
36878.bmp,73
36879.bmp,74
36880.bmp,75
36881.bmp,76
36882.bmp,77
36883.bmp,78
36884.bmp,79
36885.bmp,80
36886.bmp,81
36887.bmp,82
36888.bmp,83
36889.bmp,84
36890.bmp,85
36891.bmp,86
36892.bmp,87
36893.bmp,88
36894.bmp,89
36895.bmp,90
36896.bmp,91
36897.bmp,92
36898.bmp,93
36899.bmp,94
36900.bmp,95
36901.bmp,96
36902.bmp,97
36903.bmp,98
36904.bmp,99
36905.bmp,100
36906.bmp,101
36907.bmp,102
36908.bmp,103
36909.bmp,104
36910.bmp,105
36911.bmp,106
36912.bmp,107
36913.bmp,108
36914.bmp,109
36915.bmp,110
36916.bmp,111
36917.bmp,112
36918.bmp,113
36919.bmp,114
36920.bmp,115
36921.bmp,116
36922.bmp,117
36923.bmp,118
36924.bmp,119
36925.bmp,120
36926.bmp,121
36927.bmp,122
36928.bmp,123
36929.bmp,124
36930.bmp,125
36931.bmp,126
36932.bmp,127
36933.bmp,128
36934.bmp,129
36935.bmp,130
36936.bmp,131
36937.bmp,132
36938.bmp,133
36939.bmp,134
36940.bmp,135
36941.bmp,136
36942.bmp,137
36943.bmp,138
36944.bmp,139
36945.bmp,140
36946.bmp,141
36947.bmp,142
36948.bmp,143
36949.bmp,144
36950.bmp,145
36951.bmp,146
36952.bmp,147
36953.bmp,148
36954.bmp,149
36955.bmp,150
36956.bmp,151
36957.bmp,152
36958.bmp,153
36959.bmp,154
36960.bmp,155
36961.bmp,80
36962.bmp,0
36963.bmp,1
36964.bmp,2
36965.bmp,3
36966.bmp,4
36967.bmp,5
36968.bmp,6
36969.bmp,7
36970.bmp,8
36971.bmp,9
36972.bmp,10
36973.bmp,11
36974.bmp,12
36975.bmp,13
36976.bmp,14
36977.bmp,15
36978.bmp,16
36979.bmp,17
36980.bmp,18
36981.bmp,19
36982.bmp,20
36983.bmp,21
36984.bmp,22
36985.bmp,23
36986.bmp,24
36987.bmp,25
36988.bmp,26
36989.bmp,27
36990.bmp,28
36991.bmp,29
36992.bmp,30
36993.bmp,31
36994.bmp,32
36995.bmp,33
36996.bmp,34
36997.bmp,35
36998.bmp,36
36999.bmp,37
37000.bmp,38
37001.bmp,39
37002.bmp,40
37003.bmp,41
37004.bmp,42
37005.bmp,43
37006.bmp,44
37007.bmp,45
37008.bmp,46
37009.bmp,47
37010.bmp,48
37011.bmp,49
37012.bmp,50
37013.bmp,51
37014.bmp,52
37015.bmp,53
37016.bmp,54
37017.bmp,55
37018.bmp,56
37019.bmp,57
37020.bmp,58
37021.bmp,59
37022.bmp,60
37023.bmp,61
37024.bmp,62
37025.bmp,63
37026.bmp,64
37027.bmp,65
37028.bmp,66
37029.bmp,67
37030.bmp,68
37031.bmp,69
37032.bmp,70
37033.bmp,71
37034.bmp,72
37035.bmp,73
37036.bmp,74
37037.bmp,75
37038.bmp,76
37039.bmp,77
37040.bmp,78
37041.bmp,79
37042.bmp,80
37043.bmp,81
37044.bmp,82
37045.bmp,83
37046.bmp,84
37047.bmp,85
37048.bmp,86
37049.bmp,87
37050.bmp,88
37051.bmp,89
37052.bmp,90
37053.bmp,91
37054.bmp,92
37055.bmp,93
37056.bmp,94
37057.bmp,95
37058.bmp,96
37059.bmp,97
37060.bmp,98
37061.bmp,99
37062.bmp,100
37063.bmp,101
37064.bmp,102
37065.bmp,103
37066.bmp,104
37067.bmp,105
37068.bmp,106
37069.bmp,107
37070.bmp,108
37071.bmp,109
37072.bmp,110
37073.bmp,111
37074.bmp,112
37075.bmp,113
37076.bmp,114
37077.bmp,115
37078.bmp,116
37079.bmp,117
37080.bmp,118
37081.bmp,119
37082.bmp,120
37083.bmp,121
37084.bmp,122
37085.bmp,123
37086.bmp,124
37087.bmp,125
37088.bmp,126
37089.bmp,127
37090.bmp,128
37091.bmp,129
37092.bmp,130
37093.bmp,131
37094.bmp,132
37095.bmp,133
37096.bmp,134
37097.bmp,135
37098.bmp,136
37099.bmp,137
37100.bmp,138
37101.bmp,139
37102.bmp,140
37103.bmp,141
37104.bmp,142
37105.bmp,143
37106.bmp,144
37107.bmp,145
37108.bmp,146
37109.bmp,147
37110.bmp,148
37111.bmp,149
37112.bmp,150
37113.bmp,151
37114.bmp,152
37115.bmp,153
37116.bmp,154
37117.bmp,155
37118.bmp,80
37119.bmp,0
37120.bmp,1
37121.bmp,2
37122.bmp,3
37123.bmp,4
37124.bmp,5
37125.bmp,6
37126.bmp,7
37127.bmp,8
37128.bmp,9
37129.bmp,10
37130.bmp,11
37131.bmp,12
37132.bmp,13
37133.bmp,14
37134.bmp,15
37135.bmp,16
37136.bmp,17
37137.bmp,18
37138.bmp,19
37139.bmp,20
37140.bmp,21
37141.bmp,22
37142.bmp,23
37143.bmp,24
37144.bmp,25
37145.bmp,26
37146.bmp,27
37147.bmp,28
37148.bmp,29
37149.bmp,30
37150.bmp,31
37151.bmp,32
37152.bmp,33
37153.bmp,34
37154.bmp,35
37155.bmp,36
37156.bmp,37
37157.bmp,38
37158.bmp,39
37159.bmp,40
37160.bmp,41
37161.bmp,42
37162.bmp,43
37163.bmp,44
37164.bmp,45
37165.bmp,46
37166.bmp,47
37167.bmp,48
37168.bmp,49
37169.bmp,50
37170.bmp,51
37171.bmp,52
37172.bmp,53
37173.bmp,54
37174.bmp,55
37175.bmp,56
37176.bmp,57
37177.bmp,58
37178.bmp,59
37179.bmp,60
37180.bmp,61
37181.bmp,62
37182.bmp,63
37183.bmp,64
37184.bmp,65
37185.bmp,66
37186.bmp,67
37187.bmp,68
37188.bmp,69
37189.bmp,70
37190.bmp,71
37191.bmp,72
37192.bmp,73
37193.bmp,74
37194.bmp,75
37195.bmp,76
37196.bmp,77
37197.bmp,78
37198.bmp,79
37199.bmp,80
37200.bmp,81
37201.bmp,82
37202.bmp,83
37203.bmp,84
37204.bmp,85
37205.bmp,86
37206.bmp,87
37207.bmp,88
37208.bmp,89
37209.bmp,90
37210.bmp,91
37211.bmp,92
37212.bmp,93
37213.bmp,94
37214.bmp,95
37215.bmp,96
37216.bmp,97
37217.bmp,98
37218.bmp,99
37219.bmp,100
37220.bmp,101
37221.bmp,102
37222.bmp,103
37223.bmp,104
37224.bmp,105
37225.bmp,106
37226.bmp,107
37227.bmp,108
37228.bmp,109
37229.bmp,110
37230.bmp,111
37231.bmp,112
37232.bmp,113
37233.bmp,114
37234.bmp,115
37235.bmp,116
37236.bmp,117
37237.bmp,118
37238.bmp,119
37239.bmp,120
37240.bmp,121
37241.bmp,122
37242.bmp,123
37243.bmp,124
37244.bmp,125
37245.bmp,126
37246.bmp,127
37247.bmp,128
37248.bmp,129
37249.bmp,130
37250.bmp,131
37251.bmp,132
37252.bmp,133
37253.bmp,134
37254.bmp,135
37255.bmp,136
37256.bmp,137
37257.bmp,138
37258.bmp,139
37259.bmp,140
37260.bmp,141
37261.bmp,142
37262.bmp,143
37263.bmp,144
37264.bmp,145
37265.bmp,146
37266.bmp,147
37267.bmp,148
37268.bmp,149
37269.bmp,150
37270.bmp,151
37271.bmp,152
37272.bmp,153
37273.bmp,154
37274.bmp,155
37275.bmp,80
37276.bmp,0
37277.bmp,1
37278.bmp,2
37279.bmp,3
37280.bmp,4
37281.bmp,5
37282.bmp,6
37283.bmp,7
37284.bmp,8
37285.bmp,9
37286.bmp,10
37287.bmp,11
37288.bmp,12
37289.bmp,13
37290.bmp,14
37291.bmp,15
37292.bmp,16
37293.bmp,17
37294.bmp,18
37295.bmp,19
37296.bmp,20
37297.bmp,21
37298.bmp,22
37299.bmp,23
37300.bmp,24
37301.bmp,25
37302.bmp,26
37303.bmp,27
37304.bmp,28
37305.bmp,29
37306.bmp,30
37307.bmp,31
37308.bmp,32
37309.bmp,33
37310.bmp,34
37311.bmp,35
37312.bmp,36
37313.bmp,37
37314.bmp,38
37315.bmp,39
37316.bmp,40
37317.bmp,41
37318.bmp,42
37319.bmp,43
37320.bmp,44
37321.bmp,45
37322.bmp,46
37323.bmp,47
37324.bmp,48
37325.bmp,49
37326.bmp,50
37327.bmp,51
37328.bmp,52
37329.bmp,53
37330.bmp,54
37331.bmp,55
37332.bmp,56
37333.bmp,57
37334.bmp,58
37335.bmp,59
37336.bmp,60
37337.bmp,61
37338.bmp,62
37339.bmp,63
37340.bmp,64
37341.bmp,65
37342.bmp,66
37343.bmp,67
37344.bmp,68
37345.bmp,69
37346.bmp,70
37347.bmp,71
37348.bmp,72
37349.bmp,73
37350.bmp,74
37351.bmp,75
37352.bmp,76
37353.bmp,77
37354.bmp,78
37355.bmp,79
37356.bmp,80
37357.bmp,81
37358.bmp,82
37359.bmp,83
37360.bmp,84
37361.bmp,85
37362.bmp,86
37363.bmp,87
37364.bmp,88
37365.bmp,89
37366.bmp,90
37367.bmp,91
37368.bmp,92
37369.bmp,93
37370.bmp,94
37371.bmp,95
37372.bmp,96
37373.bmp,97
37374.bmp,98
37375.bmp,99
37376.bmp,100
37377.bmp,101
37378.bmp,102
37379.bmp,103
37380.bmp,104
37381.bmp,105
37382.bmp,106
37383.bmp,107
37384.bmp,108
37385.bmp,109
37386.bmp,110
37387.bmp,111
37388.bmp,112
37389.bmp,113
37390.bmp,114
37391.bmp,115
37392.bmp,116
37393.bmp,117
37394.bmp,118
37395.bmp,119
37396.bmp,120
37397.bmp,121
37398.bmp,122
37399.bmp,123
37400.bmp,124
37401.bmp,125
37402.bmp,126
37403.bmp,127
37404.bmp,128
37405.bmp,129
37406.bmp,130
37407.bmp,131
37408.bmp,132
37409.bmp,133
37410.bmp,134
37411.bmp,135
37412.bmp,136
37413.bmp,137
37414.bmp,138
37415.bmp,139
37416.bmp,140
37417.bmp,141
37418.bmp,142
37419.bmp,143
37420.bmp,144
37421.bmp,145
37422.bmp,146
37423.bmp,147
37424.bmp,148
37425.bmp,149
37426.bmp,150
37427.bmp,151
37428.bmp,152
37429.bmp,153
37430.bmp,154
37431.bmp,155
37432.bmp,80
37433.bmp,0
37434.bmp,1
37435.bmp,2
37436.bmp,3
37437.bmp,4
37438.bmp,5
37439.bmp,6
37440.bmp,7
37441.bmp,8
37442.bmp,9
37443.bmp,10
37444.bmp,11
37445.bmp,12
37446.bmp,13
37447.bmp,14
37448.bmp,15
37449.bmp,16
37450.bmp,17
37451.bmp,18
37452.bmp,19
37453.bmp,20
37454.bmp,21
37455.bmp,22
37456.bmp,23
37457.bmp,24
37458.bmp,25
37459.bmp,26
37460.bmp,27
37461.bmp,28
37462.bmp,29
37463.bmp,30
37464.bmp,31
37465.bmp,32
37466.bmp,33
37467.bmp,34
37468.bmp,35
37469.bmp,36
37470.bmp,37
37471.bmp,38
37472.bmp,39
37473.bmp,40
37474.bmp,41
37475.bmp,42
37476.bmp,43
37477.bmp,44
37478.bmp,45
37479.bmp,46
37480.bmp,47
37481.bmp,48
37482.bmp,49
37483.bmp,50
37484.bmp,51
37485.bmp,52
37486.bmp,53
37487.bmp,54
37488.bmp,55
37489.bmp,56
37490.bmp,57
37491.bmp,58
37492.bmp,59
37493.bmp,60
37494.bmp,61
37495.bmp,62
37496.bmp,63
37497.bmp,64
37498.bmp,65
37499.bmp,66
37500.bmp,67
37501.bmp,68
37502.bmp,69
37503.bmp,70
37504.bmp,71
37505.bmp,72
37506.bmp,73
37507.bmp,74
37508.bmp,75
37509.bmp,76
37510.bmp,77
37511.bmp,78
37512.bmp,79
37513.bmp,80
37514.bmp,81
37515.bmp,82
37516.bmp,83
37517.bmp,84
37518.bmp,85
37519.bmp,86
37520.bmp,87
37521.bmp,88
37522.bmp,89
37523.bmp,90
37524.bmp,91
37525.bmp,92
37526.bmp,93
37527.bmp,94
37528.bmp,95
37529.bmp,96
37530.bmp,97
37531.bmp,98
37532.bmp,99
37533.bmp,100
37534.bmp,101
37535.bmp,102
37536.bmp,103
37537.bmp,104
37538.bmp,105
37539.bmp,106
37540.bmp,107
37541.bmp,108
37542.bmp,109
37543.bmp,110
37544.bmp,111
37545.bmp,112
37546.bmp,113
37547.bmp,114
37548.bmp,115
37549.bmp,116
37550.bmp,117
37551.bmp,118
37552.bmp,119
37553.bmp,120
37554.bmp,121
37555.bmp,122
37556.bmp,123
37557.bmp,124
37558.bmp,125
37559.bmp,126
37560.bmp,127
37561.bmp,128
37562.bmp,129
37563.bmp,130
37564.bmp,131
37565.bmp,132
37566.bmp,133
37567.bmp,134
37568.bmp,135
37569.bmp,136
37570.bmp,137
37571.bmp,138
37572.bmp,139
37573.bmp,140
37574.bmp,141
37575.bmp,142
37576.bmp,143
37577.bmp,144
37578.bmp,145
37579.bmp,146
37580.bmp,147
37581.bmp,148
37582.bmp,149
37583.bmp,150
37584.bmp,151
37585.bmp,152
37586.bmp,153
37587.bmp,154
37588.bmp,155
37589.bmp,80
37590.bmp,0
37591.bmp,1
37592.bmp,2
37593.bmp,3
37594.bmp,4
37595.bmp,5
37596.bmp,6
37597.bmp,7
37598.bmp,8
37599.bmp,9
37600.bmp,10
37601.bmp,11
37602.bmp,12
37603.bmp,13
37604.bmp,14
37605.bmp,15
37606.bmp,16
37607.bmp,17
37608.bmp,18
37609.bmp,19
37610.bmp,20
37611.bmp,21
37612.bmp,22
37613.bmp,23
37614.bmp,24
37615.bmp,25
37616.bmp,26
37617.bmp,27
37618.bmp,28
37619.bmp,29
37620.bmp,30
37621.bmp,31
37622.bmp,32
37623.bmp,33
37624.bmp,34
37625.bmp,35
37626.bmp,36
37627.bmp,37
37628.bmp,38
37629.bmp,39
37630.bmp,40
37631.bmp,41
37632.bmp,42
37633.bmp,43
37634.bmp,44
37635.bmp,45
37636.bmp,46
37637.bmp,47
37638.bmp,48
37639.bmp,49
37640.bmp,50
37641.bmp,51
37642.bmp,52
37643.bmp,53
37644.bmp,54
37645.bmp,55
37646.bmp,56
37647.bmp,57
37648.bmp,58
37649.bmp,59
37650.bmp,60
37651.bmp,61
37652.bmp,62
37653.bmp,63
37654.bmp,64
37655.bmp,65
37656.bmp,66
37657.bmp,67
37658.bmp,68
37659.bmp,69
37660.bmp,70
37661.bmp,71
37662.bmp,72
37663.bmp,73
37664.bmp,74
37665.bmp,75
37666.bmp,76
37667.bmp,77
37668.bmp,78
37669.bmp,79
37670.bmp,80
37671.bmp,81
37672.bmp,82
37673.bmp,83
37674.bmp,84
37675.bmp,85
37676.bmp,86
37677.bmp,87
37678.bmp,88
37679.bmp,89
37680.bmp,90
37681.bmp,91
37682.bmp,92
37683.bmp,93
37684.bmp,94
37685.bmp,95
37686.bmp,96
37687.bmp,97
37688.bmp,98
37689.bmp,99
37690.bmp,100
37691.bmp,101
37692.bmp,102
37693.bmp,103
37694.bmp,104
37695.bmp,105
37696.bmp,106
37697.bmp,107
37698.bmp,108
37699.bmp,109
37700.bmp,110
37701.bmp,111
37702.bmp,112
37703.bmp,113
37704.bmp,114
37705.bmp,115
37706.bmp,116
37707.bmp,117
37708.bmp,118
37709.bmp,119
37710.bmp,120
37711.bmp,121
37712.bmp,122
37713.bmp,123
37714.bmp,124
37715.bmp,125
37716.bmp,126
37717.bmp,127
37718.bmp,128
37719.bmp,129
37720.bmp,130
37721.bmp,131
37722.bmp,132
37723.bmp,133
37724.bmp,134
37725.bmp,135
37726.bmp,136
37727.bmp,137
37728.bmp,138
37729.bmp,139
37730.bmp,140
37731.bmp,141
37732.bmp,142
37733.bmp,143
37734.bmp,144
37735.bmp,145
37736.bmp,146
37737.bmp,147
37738.bmp,148
37739.bmp,149
37740.bmp,150
37741.bmp,151
37742.bmp,152
37743.bmp,153
37744.bmp,154
37745.bmp,155
37746.bmp,80
37747.bmp,0
37748.bmp,1
37749.bmp,2
37750.bmp,3
37751.bmp,4
37752.bmp,5
37753.bmp,6
37754.bmp,7
37755.bmp,8
37756.bmp,9
37757.bmp,10
37758.bmp,11
37759.bmp,12
37760.bmp,13
37761.bmp,14
37762.bmp,15
37763.bmp,16
37764.bmp,17
37765.bmp,18
37766.bmp,19
37767.bmp,20
37768.bmp,21
37769.bmp,22
37770.bmp,23
37771.bmp,24
37772.bmp,25
37773.bmp,26
37774.bmp,27
37775.bmp,28
37776.bmp,29
37777.bmp,30
37778.bmp,31
37779.bmp,32
37780.bmp,33
37781.bmp,34
37782.bmp,35
37783.bmp,36
37784.bmp,37
37785.bmp,38
37786.bmp,39
37787.bmp,40
37788.bmp,41
37789.bmp,42
37790.bmp,43
37791.bmp,44
37792.bmp,45
37793.bmp,46
37794.bmp,47
37795.bmp,48
37796.bmp,49
37797.bmp,50
37798.bmp,51
37799.bmp,52
37800.bmp,53
37801.bmp,54
37802.bmp,55
37803.bmp,56
37804.bmp,57
37805.bmp,58
37806.bmp,59
37807.bmp,60
37808.bmp,61
37809.bmp,62
37810.bmp,63
37811.bmp,64
37812.bmp,65
37813.bmp,66
37814.bmp,67
37815.bmp,68
37816.bmp,69
37817.bmp,70
37818.bmp,71
37819.bmp,72
37820.bmp,73
37821.bmp,74
37822.bmp,75
37823.bmp,76
37824.bmp,77
37825.bmp,78
37826.bmp,79
37827.bmp,80
37828.bmp,81
37829.bmp,82
37830.bmp,83
37831.bmp,84
37832.bmp,85
37833.bmp,86
37834.bmp,87
37835.bmp,88
37836.bmp,89
37837.bmp,90
37838.bmp,91
37839.bmp,92
37840.bmp,93
37841.bmp,94
37842.bmp,95
37843.bmp,96
37844.bmp,97
37845.bmp,98
37846.bmp,99
37847.bmp,100
37848.bmp,101
37849.bmp,102
37850.bmp,103
37851.bmp,104
37852.bmp,105
37853.bmp,106
37854.bmp,107
37855.bmp,108
37856.bmp,109
37857.bmp,110
37858.bmp,111
37859.bmp,112
37860.bmp,113
37861.bmp,114
37862.bmp,115
37863.bmp,116
37864.bmp,117
37865.bmp,118
37866.bmp,119
37867.bmp,120
37868.bmp,121
37869.bmp,122
37870.bmp,123
37871.bmp,124
37872.bmp,125
37873.bmp,126
37874.bmp,127
37875.bmp,128
37876.bmp,129
37877.bmp,130
37878.bmp,131
37879.bmp,132
37880.bmp,133
37881.bmp,134
37882.bmp,135
37883.bmp,136
37884.bmp,137
37885.bmp,138
37886.bmp,139
37887.bmp,140
37888.bmp,141
37889.bmp,142
37890.bmp,143
37891.bmp,144
37892.bmp,145
37893.bmp,146
37894.bmp,147
37895.bmp,148
37896.bmp,149
37897.bmp,150
37898.bmp,151
37899.bmp,152
37900.bmp,153
37901.bmp,154
37902.bmp,155
37903.bmp,80
37904.bmp,0
37905.bmp,1
37906.bmp,2
37907.bmp,3
37908.bmp,4
37909.bmp,5
37910.bmp,6
37911.bmp,7
37912.bmp,8
37913.bmp,9
37914.bmp,10
37915.bmp,11
37916.bmp,12
37917.bmp,13
37918.bmp,14
37919.bmp,15
37920.bmp,16
37921.bmp,17
37922.bmp,18
37923.bmp,19
37924.bmp,20
37925.bmp,21
37926.bmp,22
37927.bmp,23
37928.bmp,24
37929.bmp,25
37930.bmp,26
37931.bmp,27
37932.bmp,28
37933.bmp,29
37934.bmp,30
37935.bmp,31
37936.bmp,32
37937.bmp,33
37938.bmp,34
37939.bmp,35
37940.bmp,36
37941.bmp,37
37942.bmp,38
37943.bmp,39
37944.bmp,40
37945.bmp,41
37946.bmp,42
37947.bmp,43
37948.bmp,44
37949.bmp,45
37950.bmp,46
37951.bmp,47
37952.bmp,48
37953.bmp,49
37954.bmp,50
37955.bmp,51
37956.bmp,52
37957.bmp,53
37958.bmp,54
37959.bmp,55
37960.bmp,56
37961.bmp,57
37962.bmp,58
37963.bmp,59
37964.bmp,60
37965.bmp,61
37966.bmp,62
37967.bmp,63
37968.bmp,64
37969.bmp,65
37970.bmp,66
37971.bmp,67
37972.bmp,68
37973.bmp,69
37974.bmp,70
37975.bmp,71
37976.bmp,72
37977.bmp,73
37978.bmp,74
37979.bmp,75
37980.bmp,76
37981.bmp,77
37982.bmp,78
37983.bmp,79
37984.bmp,80
37985.bmp,81
37986.bmp,82
37987.bmp,83
37988.bmp,84
37989.bmp,85
37990.bmp,86
37991.bmp,87
37992.bmp,88
37993.bmp,89
37994.bmp,90
37995.bmp,91
37996.bmp,92
37997.bmp,93
37998.bmp,94
37999.bmp,95
38000.bmp,96
38001.bmp,97
38002.bmp,98
38003.bmp,99
38004.bmp,100
38005.bmp,101
38006.bmp,102
38007.bmp,103
38008.bmp,104
38009.bmp,105
38010.bmp,106
38011.bmp,107
38012.bmp,108
38013.bmp,109
38014.bmp,110
38015.bmp,111
38016.bmp,112
38017.bmp,113
38018.bmp,114
38019.bmp,115
38020.bmp,116
38021.bmp,117
38022.bmp,118
38023.bmp,119
38024.bmp,120
38025.bmp,121
38026.bmp,122
38027.bmp,123
38028.bmp,124
38029.bmp,125
38030.bmp,126
38031.bmp,127
38032.bmp,128
38033.bmp,129
38034.bmp,130
38035.bmp,131
38036.bmp,132
38037.bmp,133
38038.bmp,134
38039.bmp,135
38040.bmp,136
38041.bmp,137
38042.bmp,138
38043.bmp,139
38044.bmp,140
38045.bmp,141
38046.bmp,142
38047.bmp,143
38048.bmp,144
38049.bmp,145
38050.bmp,146
38051.bmp,147
38052.bmp,148
38053.bmp,149
38054.bmp,150
38055.bmp,151
38056.bmp,152
38057.bmp,153
38058.bmp,154
38059.bmp,155
38060.bmp,80
38061.bmp,0
38062.bmp,1
38063.bmp,2
38064.bmp,3
38065.bmp,4
38066.bmp,5
38067.bmp,6
38068.bmp,7
38069.bmp,8
38070.bmp,9
38071.bmp,10
38072.bmp,11
38073.bmp,12
38074.bmp,13
38075.bmp,14
38076.bmp,15
38077.bmp,16
38078.bmp,17
38079.bmp,18
38080.bmp,19
38081.bmp,20
38082.bmp,21
38083.bmp,22
38084.bmp,23
38085.bmp,24
38086.bmp,25
38087.bmp,26
38088.bmp,27
38089.bmp,28
38090.bmp,29
38091.bmp,30
38092.bmp,31
38093.bmp,32
38094.bmp,33
38095.bmp,34
38096.bmp,35
38097.bmp,36
38098.bmp,37
38099.bmp,38
38100.bmp,39
38101.bmp,40
38102.bmp,41
38103.bmp,42
38104.bmp,43
38105.bmp,44
38106.bmp,45
38107.bmp,46
38108.bmp,47
38109.bmp,48
38110.bmp,49
38111.bmp,50
38112.bmp,51
38113.bmp,52
38114.bmp,53
38115.bmp,54
38116.bmp,55
38117.bmp,56
38118.bmp,57
38119.bmp,58
38120.bmp,59
38121.bmp,60
38122.bmp,61
38123.bmp,62
38124.bmp,63
38125.bmp,64
38126.bmp,65
38127.bmp,66
38128.bmp,67
38129.bmp,68
38130.bmp,69
38131.bmp,70
38132.bmp,71
38133.bmp,72
38134.bmp,73
38135.bmp,74
38136.bmp,75
38137.bmp,76
38138.bmp,77
38139.bmp,78
38140.bmp,79
38141.bmp,80
38142.bmp,81
38143.bmp,82
38144.bmp,83
38145.bmp,84
38146.bmp,85
38147.bmp,86
38148.bmp,87
38149.bmp,88
38150.bmp,89
38151.bmp,90
38152.bmp,91
38153.bmp,92
38154.bmp,93
38155.bmp,94
38156.bmp,95
38157.bmp,96
38158.bmp,97
38159.bmp,98
38160.bmp,99
38161.bmp,100
38162.bmp,101
38163.bmp,102
38164.bmp,103
38165.bmp,104
38166.bmp,105
38167.bmp,106
38168.bmp,107
38169.bmp,108
38170.bmp,109
38171.bmp,110
38172.bmp,111
38173.bmp,112
38174.bmp,113
38175.bmp,114
38176.bmp,115
38177.bmp,116
38178.bmp,117
38179.bmp,118
38180.bmp,119
38181.bmp,120
38182.bmp,121
38183.bmp,122
38184.bmp,123
38185.bmp,124
38186.bmp,125
38187.bmp,126
38188.bmp,127
38189.bmp,128
38190.bmp,129
38191.bmp,130
38192.bmp,131
38193.bmp,132
38194.bmp,133
38195.bmp,134
38196.bmp,135
38197.bmp,136
38198.bmp,137
38199.bmp,138
38200.bmp,139
38201.bmp,140
38202.bmp,141
38203.bmp,142
38204.bmp,143
38205.bmp,144
38206.bmp,145
38207.bmp,146
38208.bmp,147
38209.bmp,148
38210.bmp,149
38211.bmp,150
38212.bmp,151
38213.bmp,152
38214.bmp,153
38215.bmp,154
38216.bmp,155
38217.bmp,80
38218.bmp,0
38219.bmp,1
38220.bmp,2
38221.bmp,3
38222.bmp,4
38223.bmp,5
38224.bmp,6
38225.bmp,7
38226.bmp,8
38227.bmp,9
38228.bmp,10
38229.bmp,11
38230.bmp,12
38231.bmp,13
38232.bmp,14
38233.bmp,15
38234.bmp,16
38235.bmp,17
38236.bmp,18
38237.bmp,19
38238.bmp,20
38239.bmp,21
38240.bmp,22
38241.bmp,23
38242.bmp,24
38243.bmp,25
38244.bmp,26
38245.bmp,27
38246.bmp,28
38247.bmp,29
38248.bmp,30
38249.bmp,31
38250.bmp,32
38251.bmp,33
38252.bmp,34
38253.bmp,35
38254.bmp,36
38255.bmp,37
38256.bmp,38
38257.bmp,39
38258.bmp,40
38259.bmp,41
38260.bmp,42
38261.bmp,43
38262.bmp,44
38263.bmp,45
38264.bmp,46
38265.bmp,47
38266.bmp,48
38267.bmp,49
38268.bmp,50
38269.bmp,51
38270.bmp,52
38271.bmp,53
38272.bmp,54
38273.bmp,55
38274.bmp,56
38275.bmp,57
38276.bmp,58
38277.bmp,59
38278.bmp,60
38279.bmp,61
38280.bmp,62
38281.bmp,63
38282.bmp,64
38283.bmp,65
38284.bmp,66
38285.bmp,67
38286.bmp,68
38287.bmp,69
38288.bmp,70
38289.bmp,71
38290.bmp,72
38291.bmp,73
38292.bmp,74
38293.bmp,75
38294.bmp,76
38295.bmp,77
38296.bmp,78
38297.bmp,79
38298.bmp,80
38299.bmp,81
38300.bmp,82
38301.bmp,83
38302.bmp,84
38303.bmp,85
38304.bmp,86
38305.bmp,87
38306.bmp,88
38307.bmp,89
38308.bmp,90
38309.bmp,91
38310.bmp,92
38311.bmp,93
38312.bmp,94
38313.bmp,95
38314.bmp,96
38315.bmp,97
38316.bmp,98
38317.bmp,99
38318.bmp,100
38319.bmp,101
38320.bmp,102
38321.bmp,103
38322.bmp,104
38323.bmp,105
38324.bmp,106
38325.bmp,107
38326.bmp,108
38327.bmp,109
38328.bmp,110
38329.bmp,111
38330.bmp,112
38331.bmp,113
38332.bmp,114
38333.bmp,115
38334.bmp,116
38335.bmp,117
38336.bmp,118
38337.bmp,119
38338.bmp,120
38339.bmp,121
38340.bmp,122
38341.bmp,123
38342.bmp,124
38343.bmp,125
38344.bmp,126
38345.bmp,127
38346.bmp,128
38347.bmp,129
38348.bmp,130
38349.bmp,131
38350.bmp,132
38351.bmp,133
38352.bmp,134
38353.bmp,135
38354.bmp,136
38355.bmp,137
38356.bmp,138
38357.bmp,139
38358.bmp,140
38359.bmp,141
38360.bmp,142
38361.bmp,143
38362.bmp,144
38363.bmp,145
38364.bmp,146
38365.bmp,147
38366.bmp,148
38367.bmp,149
38368.bmp,150
38369.bmp,151
38370.bmp,152
38371.bmp,153
38372.bmp,154
38373.bmp,155
38374.bmp,80
38375.bmp,0
38376.bmp,1
38377.bmp,2
38378.bmp,3
38379.bmp,4
38380.bmp,5
38381.bmp,6
38382.bmp,7
38383.bmp,8
38384.bmp,9
38385.bmp,10
38386.bmp,11
38387.bmp,12
38388.bmp,13
38389.bmp,14
38390.bmp,15
38391.bmp,16
38392.bmp,17
38393.bmp,18
38394.bmp,19
38395.bmp,20
38396.bmp,21
38397.bmp,22
38398.bmp,23
38399.bmp,24
38400.bmp,25
38401.bmp,26
38402.bmp,27
38403.bmp,28
38404.bmp,29
38405.bmp,30
38406.bmp,31
38407.bmp,32
38408.bmp,33
38409.bmp,34
38410.bmp,35
38411.bmp,36
38412.bmp,37
38413.bmp,38
38414.bmp,39
38415.bmp,40
38416.bmp,41
38417.bmp,42
38418.bmp,43
38419.bmp,44
38420.bmp,45
38421.bmp,46
38422.bmp,47
38423.bmp,48
38424.bmp,49
38425.bmp,50
38426.bmp,51
38427.bmp,52
38428.bmp,53
38429.bmp,54
38430.bmp,55
38431.bmp,56
38432.bmp,57
38433.bmp,58
38434.bmp,59
38435.bmp,60
38436.bmp,61
38437.bmp,62
38438.bmp,63
38439.bmp,64
38440.bmp,65
38441.bmp,66
38442.bmp,67
38443.bmp,68
38444.bmp,69
38445.bmp,70
38446.bmp,71
38447.bmp,72
38448.bmp,73
38449.bmp,74
38450.bmp,75
38451.bmp,76
38452.bmp,77
38453.bmp,78
38454.bmp,79
38455.bmp,80
38456.bmp,81
38457.bmp,82
38458.bmp,83
38459.bmp,84
38460.bmp,85
38461.bmp,86
38462.bmp,87
38463.bmp,88
38464.bmp,89
38465.bmp,90
38466.bmp,91
38467.bmp,92
38468.bmp,93
38469.bmp,94
38470.bmp,95
38471.bmp,96
38472.bmp,97
38473.bmp,98
38474.bmp,99
38475.bmp,100
38476.bmp,101
38477.bmp,102
38478.bmp,103
38479.bmp,104
38480.bmp,105
38481.bmp,106
38482.bmp,107
38483.bmp,108
38484.bmp,109
38485.bmp,110
38486.bmp,111
38487.bmp,112
38488.bmp,113
38489.bmp,114
38490.bmp,115
38491.bmp,116
38492.bmp,117
38493.bmp,118
38494.bmp,119
38495.bmp,120
38496.bmp,121
38497.bmp,122
38498.bmp,123
38499.bmp,124
38500.bmp,125
38501.bmp,126
38502.bmp,127
38503.bmp,128
38504.bmp,129
38505.bmp,130
38506.bmp,131
38507.bmp,132
38508.bmp,133
38509.bmp,134
38510.bmp,135
38511.bmp,136
38512.bmp,137
38513.bmp,138
38514.bmp,139
38515.bmp,140
38516.bmp,141
38517.bmp,142
38518.bmp,143
38519.bmp,144
38520.bmp,145
38521.bmp,146
38522.bmp,147
38523.bmp,148
38524.bmp,149
38525.bmp,150
38526.bmp,151
38527.bmp,152
38528.bmp,153
38529.bmp,154
38530.bmp,155
38531.bmp,80
38532.bmp,0
38533.bmp,1
38534.bmp,2
38535.bmp,3
38536.bmp,4
38537.bmp,5
38538.bmp,6
38539.bmp,7
38540.bmp,8
38541.bmp,9
38542.bmp,10
38543.bmp,11
38544.bmp,12
38545.bmp,13
38546.bmp,14
38547.bmp,15
38548.bmp,16
38549.bmp,17
38550.bmp,18
38551.bmp,19
38552.bmp,20
38553.bmp,21
38554.bmp,22
38555.bmp,23
38556.bmp,24
38557.bmp,25
38558.bmp,26
38559.bmp,27
38560.bmp,28
38561.bmp,29
38562.bmp,30
38563.bmp,31
38564.bmp,32
38565.bmp,33
38566.bmp,34
38567.bmp,35
38568.bmp,36
38569.bmp,37
38570.bmp,38
38571.bmp,39
38572.bmp,40
38573.bmp,41
38574.bmp,42
38575.bmp,43
38576.bmp,44
38577.bmp,45
38578.bmp,46
38579.bmp,47
38580.bmp,48
38581.bmp,49
38582.bmp,50
38583.bmp,51
38584.bmp,52
38585.bmp,53
38586.bmp,54
38587.bmp,55
38588.bmp,56
38589.bmp,57
38590.bmp,58
38591.bmp,59
38592.bmp,60
38593.bmp,61
38594.bmp,62
38595.bmp,63
38596.bmp,64
38597.bmp,65
38598.bmp,66
38599.bmp,67
38600.bmp,68
38601.bmp,69
38602.bmp,70
38603.bmp,71
38604.bmp,72
38605.bmp,73
38606.bmp,74
38607.bmp,75
38608.bmp,76
38609.bmp,77
38610.bmp,78
38611.bmp,79
38612.bmp,80
38613.bmp,81
38614.bmp,82
38615.bmp,83
38616.bmp,84
38617.bmp,85
38618.bmp,86
38619.bmp,87
38620.bmp,88
38621.bmp,89
38622.bmp,90
38623.bmp,91
38624.bmp,92
38625.bmp,93
38626.bmp,94
38627.bmp,95
38628.bmp,96
38629.bmp,97
38630.bmp,98
38631.bmp,99
38632.bmp,100
38633.bmp,101
38634.bmp,102
38635.bmp,103
38636.bmp,104
38637.bmp,105
38638.bmp,106
38639.bmp,107
38640.bmp,108
38641.bmp,109
38642.bmp,110
38643.bmp,111
38644.bmp,112
38645.bmp,113
38646.bmp,114
38647.bmp,115
38648.bmp,116
38649.bmp,117
38650.bmp,118
38651.bmp,119
38652.bmp,120
38653.bmp,121
38654.bmp,122
38655.bmp,123
38656.bmp,124
38657.bmp,125
38658.bmp,126
38659.bmp,127
38660.bmp,128
38661.bmp,129
38662.bmp,130
38663.bmp,131
38664.bmp,132
38665.bmp,133
38666.bmp,134
38667.bmp,135
38668.bmp,136
38669.bmp,137
38670.bmp,138
38671.bmp,139
38672.bmp,140
38673.bmp,141
38674.bmp,142
38675.bmp,143
38676.bmp,144
38677.bmp,145
38678.bmp,146
38679.bmp,147
38680.bmp,148
38681.bmp,149
38682.bmp,150
38683.bmp,151
38684.bmp,152
38685.bmp,153
38686.bmp,154
38687.bmp,155
38688.bmp,80
38689.bmp,0
38690.bmp,1
38691.bmp,2
38692.bmp,3
38693.bmp,4
38694.bmp,5
38695.bmp,6
38696.bmp,7
38697.bmp,8
38698.bmp,9
38699.bmp,10
38700.bmp,11
38701.bmp,12
38702.bmp,13
38703.bmp,14
38704.bmp,15
38705.bmp,16
38706.bmp,17
38707.bmp,18
38708.bmp,19
38709.bmp,20
38710.bmp,21
38711.bmp,22
38712.bmp,23
38713.bmp,24
38714.bmp,25
38715.bmp,26
38716.bmp,27
38717.bmp,28
38718.bmp,29
38719.bmp,30
38720.bmp,31
38721.bmp,32
38722.bmp,33
38723.bmp,34
38724.bmp,35
38725.bmp,36
38726.bmp,37
38727.bmp,38
38728.bmp,39
38729.bmp,40
38730.bmp,41
38731.bmp,42
38732.bmp,43
38733.bmp,44
38734.bmp,45
38735.bmp,46
38736.bmp,47
38737.bmp,48
38738.bmp,49
38739.bmp,50
38740.bmp,51
38741.bmp,52
38742.bmp,53
38743.bmp,54
38744.bmp,55
38745.bmp,56
38746.bmp,57
38747.bmp,58
38748.bmp,59
38749.bmp,60
38750.bmp,61
38751.bmp,62
38752.bmp,63
38753.bmp,64
38754.bmp,65
38755.bmp,66
38756.bmp,67
38757.bmp,68
38758.bmp,69
38759.bmp,70
38760.bmp,71
38761.bmp,72
38762.bmp,73
38763.bmp,74
38764.bmp,75
38765.bmp,76
38766.bmp,77
38767.bmp,78
38768.bmp,79
38769.bmp,80
38770.bmp,81
38771.bmp,82
38772.bmp,83
38773.bmp,84
38774.bmp,85
38775.bmp,86
38776.bmp,87
38777.bmp,88
38778.bmp,89
38779.bmp,90
38780.bmp,91
38781.bmp,92
38782.bmp,93
38783.bmp,94
38784.bmp,95
38785.bmp,96
38786.bmp,97
38787.bmp,98
38788.bmp,99
38789.bmp,100
38790.bmp,101
38791.bmp,102
38792.bmp,103
38793.bmp,104
38794.bmp,105
38795.bmp,106
38796.bmp,107
38797.bmp,108
38798.bmp,109
38799.bmp,110
38800.bmp,111
38801.bmp,112
38802.bmp,113
38803.bmp,114
38804.bmp,115
38805.bmp,116
38806.bmp,117
38807.bmp,118
38808.bmp,119
38809.bmp,120
38810.bmp,121
38811.bmp,122
38812.bmp,123
38813.bmp,124
38814.bmp,125
38815.bmp,126
38816.bmp,127
38817.bmp,128
38818.bmp,129
38819.bmp,130
38820.bmp,131
38821.bmp,132
38822.bmp,133
38823.bmp,134
38824.bmp,135
38825.bmp,136
38826.bmp,137
38827.bmp,138
38828.bmp,139
38829.bmp,140
38830.bmp,141
38831.bmp,142
38832.bmp,143
38833.bmp,144
38834.bmp,145
38835.bmp,146
38836.bmp,147
38837.bmp,148
38838.bmp,149
38839.bmp,150
38840.bmp,151
38841.bmp,152
38842.bmp,153
38843.bmp,154
38844.bmp,155
38845.bmp,80
38846.bmp,0
38847.bmp,1
38848.bmp,2
38849.bmp,3
38850.bmp,4
38851.bmp,5
38852.bmp,6
38853.bmp,7
38854.bmp,8
38855.bmp,9
38856.bmp,10
38857.bmp,11
38858.bmp,12
38859.bmp,13
38860.bmp,14
38861.bmp,15
38862.bmp,16
38863.bmp,17
38864.bmp,18
38865.bmp,19
38866.bmp,20
38867.bmp,21
38868.bmp,22
38869.bmp,23
38870.bmp,24
38871.bmp,25
38872.bmp,26
38873.bmp,27
38874.bmp,28
38875.bmp,29
38876.bmp,30
38877.bmp,31
38878.bmp,32
38879.bmp,33
38880.bmp,34
38881.bmp,35
38882.bmp,36
38883.bmp,37
38884.bmp,38
38885.bmp,39
38886.bmp,40
38887.bmp,41
38888.bmp,42
38889.bmp,43
38890.bmp,44
38891.bmp,45
38892.bmp,46
38893.bmp,47
38894.bmp,48
38895.bmp,49
38896.bmp,50
38897.bmp,51
38898.bmp,52
38899.bmp,53
38900.bmp,54
38901.bmp,55
38902.bmp,56
38903.bmp,57
38904.bmp,58
38905.bmp,59
38906.bmp,60
38907.bmp,61
38908.bmp,62
38909.bmp,63
38910.bmp,64
38911.bmp,65
38912.bmp,66
38913.bmp,67
38914.bmp,68
38915.bmp,69
38916.bmp,70
38917.bmp,71
38918.bmp,72
38919.bmp,73
38920.bmp,74
38921.bmp,75
38922.bmp,76
38923.bmp,77
38924.bmp,78
38925.bmp,79
38926.bmp,80
38927.bmp,81
38928.bmp,82
38929.bmp,83
38930.bmp,84
38931.bmp,85
38932.bmp,86
38933.bmp,87
38934.bmp,88
38935.bmp,89
38936.bmp,90
38937.bmp,91
38938.bmp,92
38939.bmp,93
38940.bmp,94
38941.bmp,95
38942.bmp,96
38943.bmp,97
38944.bmp,98
38945.bmp,99
38946.bmp,100
38947.bmp,101
38948.bmp,102
38949.bmp,103
38950.bmp,104
38951.bmp,105
38952.bmp,106
38953.bmp,107
38954.bmp,108
38955.bmp,109
38956.bmp,110
38957.bmp,111
38958.bmp,112
38959.bmp,113
38960.bmp,114
38961.bmp,115
38962.bmp,116
38963.bmp,117
38964.bmp,118
38965.bmp,119
38966.bmp,120
38967.bmp,121
38968.bmp,122
38969.bmp,123
38970.bmp,124
38971.bmp,125
38972.bmp,126
38973.bmp,127
38974.bmp,128
38975.bmp,129
38976.bmp,130
38977.bmp,131
38978.bmp,132
38979.bmp,133
38980.bmp,134
38981.bmp,135
38982.bmp,136
38983.bmp,137
38984.bmp,138
38985.bmp,139
38986.bmp,140
38987.bmp,141
38988.bmp,142
38989.bmp,143
38990.bmp,144
38991.bmp,145
38992.bmp,146
38993.bmp,147
38994.bmp,148
38995.bmp,149
38996.bmp,150
38997.bmp,151
38998.bmp,152
38999.bmp,153
39000.bmp,154
39001.bmp,155
39002.bmp,80
39003.bmp,0
39004.bmp,1
39005.bmp,2
39006.bmp,3
39007.bmp,4
39008.bmp,5
39009.bmp,6
39010.bmp,7
39011.bmp,8
39012.bmp,9
39013.bmp,10
39014.bmp,11
39015.bmp,12
39016.bmp,13
39017.bmp,14
39018.bmp,15
39019.bmp,16
39020.bmp,17
39021.bmp,18
39022.bmp,19
39023.bmp,20
39024.bmp,21
39025.bmp,22
39026.bmp,23
39027.bmp,24
39028.bmp,25
39029.bmp,26
39030.bmp,27
39031.bmp,28
39032.bmp,29
39033.bmp,30
39034.bmp,31
39035.bmp,32
39036.bmp,33
39037.bmp,34
39038.bmp,35
39039.bmp,36
39040.bmp,37
39041.bmp,38
39042.bmp,39
39043.bmp,40
39044.bmp,41
39045.bmp,42
39046.bmp,43
39047.bmp,44
39048.bmp,45
39049.bmp,46
39050.bmp,47
39051.bmp,48
39052.bmp,49
39053.bmp,50
39054.bmp,51
39055.bmp,52
39056.bmp,53
39057.bmp,54
39058.bmp,55
39059.bmp,56
39060.bmp,57
39061.bmp,58
39062.bmp,59
39063.bmp,60
39064.bmp,61
39065.bmp,62
39066.bmp,63
39067.bmp,64
39068.bmp,65
39069.bmp,66
39070.bmp,67
39071.bmp,68
39072.bmp,69
39073.bmp,70
39074.bmp,71
39075.bmp,72
39076.bmp,73
39077.bmp,74
39078.bmp,75
39079.bmp,76
39080.bmp,77
39081.bmp,78
39082.bmp,79
39083.bmp,80
39084.bmp,81
39085.bmp,82
39086.bmp,83
39087.bmp,84
39088.bmp,85
39089.bmp,86
39090.bmp,87
39091.bmp,88
39092.bmp,89
39093.bmp,90
39094.bmp,91
39095.bmp,92
39096.bmp,93
39097.bmp,94
39098.bmp,95
39099.bmp,96
39100.bmp,97
39101.bmp,98
39102.bmp,99
39103.bmp,100
39104.bmp,101
39105.bmp,102
39106.bmp,103
39107.bmp,104
39108.bmp,105
39109.bmp,106
39110.bmp,107
39111.bmp,108
39112.bmp,109
39113.bmp,110
39114.bmp,111
39115.bmp,112
39116.bmp,113
39117.bmp,114
39118.bmp,115
39119.bmp,116
39120.bmp,117
39121.bmp,118
39122.bmp,119
39123.bmp,120
39124.bmp,121
39125.bmp,122
39126.bmp,123
39127.bmp,124
39128.bmp,125
39129.bmp,126
39130.bmp,127
39131.bmp,128
39132.bmp,129
39133.bmp,130
39134.bmp,131
39135.bmp,132
39136.bmp,133
39137.bmp,134
39138.bmp,135
39139.bmp,136
39140.bmp,137
39141.bmp,138
39142.bmp,139
39143.bmp,140
39144.bmp,141
39145.bmp,142
39146.bmp,143
39147.bmp,144
39148.bmp,145
39149.bmp,146
39150.bmp,147
39151.bmp,148
39152.bmp,149
39153.bmp,150
39154.bmp,151
39155.bmp,152
39156.bmp,153
39157.bmp,154
39158.bmp,155
39159.bmp,80
39160.bmp,0
39161.bmp,1
39162.bmp,2
39163.bmp,3
39164.bmp,4
39165.bmp,5
39166.bmp,6
39167.bmp,7
39168.bmp,8
39169.bmp,9
39170.bmp,10
39171.bmp,11
39172.bmp,12
39173.bmp,13
39174.bmp,14
39175.bmp,15
39176.bmp,16
39177.bmp,17
39178.bmp,18
39179.bmp,19
39180.bmp,20
39181.bmp,21
39182.bmp,22
39183.bmp,23
39184.bmp,24
39185.bmp,25
39186.bmp,26
39187.bmp,27
39188.bmp,28
39189.bmp,29
39190.bmp,30
39191.bmp,31
39192.bmp,32
39193.bmp,33
39194.bmp,34
39195.bmp,35
39196.bmp,36
39197.bmp,37
39198.bmp,38
39199.bmp,39
39200.bmp,40
39201.bmp,41
39202.bmp,42
39203.bmp,43
39204.bmp,44
39205.bmp,45
39206.bmp,46
39207.bmp,47
39208.bmp,48
39209.bmp,49
39210.bmp,50
39211.bmp,51
39212.bmp,52
39213.bmp,53
39214.bmp,54
39215.bmp,55
39216.bmp,56
39217.bmp,57
39218.bmp,58
39219.bmp,59
39220.bmp,60
39221.bmp,61
39222.bmp,62
39223.bmp,63
39224.bmp,64
39225.bmp,65
39226.bmp,66
39227.bmp,67
39228.bmp,68
39229.bmp,69
39230.bmp,70
39231.bmp,71
39232.bmp,72
39233.bmp,73
39234.bmp,74
39235.bmp,75
39236.bmp,76
39237.bmp,77
39238.bmp,78
39239.bmp,79
39240.bmp,80
39241.bmp,81
39242.bmp,82
39243.bmp,83
39244.bmp,84
39245.bmp,85
39246.bmp,86
39247.bmp,87
39248.bmp,88
39249.bmp,89
39250.bmp,90
39251.bmp,91
39252.bmp,92
39253.bmp,93
39254.bmp,94
39255.bmp,95
39256.bmp,96
39257.bmp,97
39258.bmp,98
39259.bmp,99
39260.bmp,100
39261.bmp,101
39262.bmp,102
39263.bmp,103
39264.bmp,104
39265.bmp,105
39266.bmp,106
39267.bmp,107
39268.bmp,108
39269.bmp,109
39270.bmp,110
39271.bmp,111
39272.bmp,112
39273.bmp,113
39274.bmp,114
39275.bmp,115
39276.bmp,116
39277.bmp,117
39278.bmp,118
39279.bmp,119
39280.bmp,120
39281.bmp,121
39282.bmp,122
39283.bmp,123
39284.bmp,124
39285.bmp,125
39286.bmp,126
39287.bmp,127
39288.bmp,128
39289.bmp,129
39290.bmp,130
39291.bmp,131
39292.bmp,132
39293.bmp,133
39294.bmp,134
39295.bmp,135
39296.bmp,136
39297.bmp,137
39298.bmp,138
39299.bmp,139
39300.bmp,140
39301.bmp,141
39302.bmp,142
39303.bmp,143
39304.bmp,144
39305.bmp,145
39306.bmp,146
39307.bmp,147
39308.bmp,148
39309.bmp,149
39310.bmp,150
39311.bmp,151
39312.bmp,152
39313.bmp,153
39314.bmp,154
39315.bmp,155
39316.bmp,80
39317.bmp,0
39318.bmp,1
39319.bmp,2
39320.bmp,3
39321.bmp,4
39322.bmp,5
39323.bmp,6
39324.bmp,7
39325.bmp,8
39326.bmp,9
39327.bmp,10
39328.bmp,11
39329.bmp,12
39330.bmp,13
39331.bmp,14
39332.bmp,15
39333.bmp,16
39334.bmp,17
39335.bmp,18
39336.bmp,19
39337.bmp,20
39338.bmp,21
39339.bmp,22
39340.bmp,23
39341.bmp,24
39342.bmp,25
39343.bmp,26
39344.bmp,27
39345.bmp,28
39346.bmp,29
39347.bmp,30
39348.bmp,31
39349.bmp,32
39350.bmp,33
39351.bmp,34
39352.bmp,35
39353.bmp,36
39354.bmp,37
39355.bmp,38
39356.bmp,39
39357.bmp,40
39358.bmp,41
39359.bmp,42
39360.bmp,43
39361.bmp,44
39362.bmp,45
39363.bmp,46
39364.bmp,47
39365.bmp,48
39366.bmp,49
39367.bmp,50
39368.bmp,51
39369.bmp,52
39370.bmp,53
39371.bmp,54
39372.bmp,55
39373.bmp,56
39374.bmp,57
39375.bmp,58
39376.bmp,59
39377.bmp,60
39378.bmp,61
39379.bmp,62
39380.bmp,63
39381.bmp,64
39382.bmp,65
39383.bmp,66
39384.bmp,67
39385.bmp,68
39386.bmp,69
39387.bmp,70
39388.bmp,71
39389.bmp,72
39390.bmp,73
39391.bmp,74
39392.bmp,75
39393.bmp,76
39394.bmp,77
39395.bmp,78
39396.bmp,79
39397.bmp,80
39398.bmp,81
39399.bmp,82
39400.bmp,83
39401.bmp,84
39402.bmp,85
39403.bmp,86
39404.bmp,87
39405.bmp,88
39406.bmp,89
39407.bmp,90
39408.bmp,91
39409.bmp,92
39410.bmp,93
39411.bmp,94
39412.bmp,95
39413.bmp,96
39414.bmp,97
39415.bmp,98
39416.bmp,99
39417.bmp,100
39418.bmp,101
39419.bmp,102
39420.bmp,103
39421.bmp,104
39422.bmp,105
39423.bmp,106
39424.bmp,107
39425.bmp,108
39426.bmp,109
39427.bmp,110
39428.bmp,111
39429.bmp,112
39430.bmp,113
39431.bmp,114
39432.bmp,115
39433.bmp,116
39434.bmp,117
39435.bmp,118
39436.bmp,119
39437.bmp,120
39438.bmp,121
39439.bmp,122
39440.bmp,123
39441.bmp,124
39442.bmp,125
39443.bmp,126
39444.bmp,127
39445.bmp,128
39446.bmp,129
39447.bmp,130
39448.bmp,131
39449.bmp,132
39450.bmp,133
39451.bmp,134
39452.bmp,135
39453.bmp,136
39454.bmp,137
39455.bmp,138
39456.bmp,139
39457.bmp,140
39458.bmp,141
39459.bmp,142
39460.bmp,143
39461.bmp,144
39462.bmp,145
39463.bmp,146
39464.bmp,147
39465.bmp,148
39466.bmp,149
39467.bmp,150
39468.bmp,151
39469.bmp,152
39470.bmp,153
39471.bmp,154
39472.bmp,155
39473.bmp,80
39474.bmp,0
39475.bmp,1
39476.bmp,2
39477.bmp,3
39478.bmp,4
39479.bmp,5
39480.bmp,6
39481.bmp,7
39482.bmp,8
39483.bmp,9
39484.bmp,10
39485.bmp,11
39486.bmp,12
39487.bmp,13
39488.bmp,14
39489.bmp,15
39490.bmp,16
39491.bmp,17
39492.bmp,18
39493.bmp,19
39494.bmp,20
39495.bmp,21
39496.bmp,22
39497.bmp,23
39498.bmp,24
39499.bmp,25
39500.bmp,26
39501.bmp,27
39502.bmp,28
39503.bmp,29
39504.bmp,30
39505.bmp,31
39506.bmp,32
39507.bmp,33
39508.bmp,34
39509.bmp,35
39510.bmp,36
39511.bmp,37
39512.bmp,38
39513.bmp,39
39514.bmp,40
39515.bmp,41
39516.bmp,42
39517.bmp,43
39518.bmp,44
39519.bmp,45
39520.bmp,46
39521.bmp,47
39522.bmp,48
39523.bmp,49
39524.bmp,50
39525.bmp,51
39526.bmp,52
39527.bmp,53
39528.bmp,54
39529.bmp,55
39530.bmp,56
39531.bmp,57
39532.bmp,58
39533.bmp,59
39534.bmp,60
39535.bmp,61
39536.bmp,62
39537.bmp,63
39538.bmp,64
39539.bmp,65
39540.bmp,66
39541.bmp,67
39542.bmp,68
39543.bmp,69
39544.bmp,70
39545.bmp,71
39546.bmp,72
39547.bmp,73
39548.bmp,74
39549.bmp,75
39550.bmp,76
39551.bmp,77
39552.bmp,78
39553.bmp,79
39554.bmp,80
39555.bmp,81
39556.bmp,82
39557.bmp,83
39558.bmp,84
39559.bmp,85
39560.bmp,86
39561.bmp,87
39562.bmp,88
39563.bmp,89
39564.bmp,90
39565.bmp,91
39566.bmp,92
39567.bmp,93
39568.bmp,94
39569.bmp,95
39570.bmp,96
39571.bmp,97
39572.bmp,98
39573.bmp,99
39574.bmp,100
39575.bmp,101
39576.bmp,102
39577.bmp,103
39578.bmp,104
39579.bmp,105
39580.bmp,106
39581.bmp,107
39582.bmp,108
39583.bmp,109
39584.bmp,110
39585.bmp,111
39586.bmp,112
39587.bmp,113
39588.bmp,114
39589.bmp,115
39590.bmp,116
39591.bmp,117
39592.bmp,118
39593.bmp,119
39594.bmp,120
39595.bmp,121
39596.bmp,122
39597.bmp,123
39598.bmp,124
39599.bmp,125
39600.bmp,126
39601.bmp,127
39602.bmp,128
39603.bmp,129
39604.bmp,130
39605.bmp,131
39606.bmp,132
39607.bmp,133
39608.bmp,134
39609.bmp,135
39610.bmp,136
39611.bmp,137
39612.bmp,138
39613.bmp,139
39614.bmp,140
39615.bmp,141
39616.bmp,142
39617.bmp,143
39618.bmp,144
39619.bmp,145
39620.bmp,146
39621.bmp,147
39622.bmp,148
39623.bmp,149
39624.bmp,150
39625.bmp,151
39626.bmp,152
39627.bmp,153
39628.bmp,154
39629.bmp,155
39630.bmp,80
39631.bmp,0
39632.bmp,1
39633.bmp,2
39634.bmp,3
39635.bmp,4
39636.bmp,5
39637.bmp,6
39638.bmp,7
39639.bmp,8
39640.bmp,9
39641.bmp,10
39642.bmp,11
39643.bmp,12
39644.bmp,13
39645.bmp,14
39646.bmp,15
39647.bmp,16
39648.bmp,17
39649.bmp,18
39650.bmp,19
39651.bmp,20
39652.bmp,21
39653.bmp,22
39654.bmp,23
39655.bmp,24
39656.bmp,25
39657.bmp,26
39658.bmp,27
39659.bmp,28
39660.bmp,29
39661.bmp,30
39662.bmp,31
39663.bmp,32
39664.bmp,33
39665.bmp,34
39666.bmp,35
39667.bmp,36
39668.bmp,37
39669.bmp,38
39670.bmp,39
39671.bmp,40
39672.bmp,41
39673.bmp,42
39674.bmp,43
39675.bmp,44
39676.bmp,45
39677.bmp,46
39678.bmp,47
39679.bmp,48
39680.bmp,49
39681.bmp,50
39682.bmp,51
39683.bmp,52
39684.bmp,53
39685.bmp,54
39686.bmp,55
39687.bmp,56
39688.bmp,57
39689.bmp,58
39690.bmp,59
39691.bmp,60
39692.bmp,61
39693.bmp,62
39694.bmp,63
39695.bmp,64
39696.bmp,65
39697.bmp,66
39698.bmp,67
39699.bmp,68
39700.bmp,69
39701.bmp,70
39702.bmp,71
39703.bmp,72
39704.bmp,73
39705.bmp,74
39706.bmp,75
39707.bmp,76
39708.bmp,77
39709.bmp,78
39710.bmp,79
39711.bmp,80
39712.bmp,81
39713.bmp,82
39714.bmp,83
39715.bmp,84
39716.bmp,85
39717.bmp,86
39718.bmp,87
39719.bmp,88
39720.bmp,89
39721.bmp,90
39722.bmp,91
39723.bmp,92
39724.bmp,93
39725.bmp,94
39726.bmp,95
39727.bmp,96
39728.bmp,97
39729.bmp,98
39730.bmp,99
39731.bmp,100
39732.bmp,101
39733.bmp,102
39734.bmp,103
39735.bmp,104
39736.bmp,105
39737.bmp,106
39738.bmp,107
39739.bmp,108
39740.bmp,109
39741.bmp,110
39742.bmp,111
39743.bmp,112
39744.bmp,113
39745.bmp,114
39746.bmp,115
39747.bmp,116
39748.bmp,117
39749.bmp,118
39750.bmp,119
39751.bmp,120
39752.bmp,121
39753.bmp,122
39754.bmp,123
39755.bmp,124
39756.bmp,125
39757.bmp,126
39758.bmp,127
39759.bmp,128
39760.bmp,129
39761.bmp,130
39762.bmp,131
39763.bmp,132
39764.bmp,133
39765.bmp,134
39766.bmp,135
39767.bmp,136
39768.bmp,137
39769.bmp,138
39770.bmp,139
39771.bmp,140
39772.bmp,141
39773.bmp,142
39774.bmp,143
39775.bmp,144
39776.bmp,145
39777.bmp,146
39778.bmp,147
39779.bmp,148
39780.bmp,149
39781.bmp,150
39782.bmp,151
39783.bmp,152
39784.bmp,153
39785.bmp,154
39786.bmp,155
39787.bmp,80
39788.bmp,0
39789.bmp,1
39790.bmp,2
39791.bmp,3
39792.bmp,4
39793.bmp,5
39794.bmp,6
39795.bmp,7
39796.bmp,8
39797.bmp,9
39798.bmp,10
39799.bmp,11
39800.bmp,12
39801.bmp,13
39802.bmp,14
39803.bmp,15
39804.bmp,16
39805.bmp,17
39806.bmp,18
39807.bmp,19
39808.bmp,20
39809.bmp,21
39810.bmp,22
39811.bmp,23
39812.bmp,24
39813.bmp,25
39814.bmp,26
39815.bmp,27
39816.bmp,28
39817.bmp,29
39818.bmp,30
39819.bmp,31
39820.bmp,32
39821.bmp,33
39822.bmp,34
39823.bmp,35
39824.bmp,36
39825.bmp,37
39826.bmp,38
39827.bmp,39
39828.bmp,40
39829.bmp,41
39830.bmp,42
39831.bmp,43
39832.bmp,44
39833.bmp,45
39834.bmp,46
39835.bmp,47
39836.bmp,48
39837.bmp,49
39838.bmp,50
39839.bmp,51
39840.bmp,52
39841.bmp,53
39842.bmp,54
39843.bmp,55
39844.bmp,56
39845.bmp,57
39846.bmp,58
39847.bmp,59
39848.bmp,60
39849.bmp,61
39850.bmp,62
39851.bmp,63
39852.bmp,64
39853.bmp,65
39854.bmp,66
39855.bmp,67
39856.bmp,68
39857.bmp,69
39858.bmp,70
39859.bmp,71
39860.bmp,72
39861.bmp,73
39862.bmp,74
39863.bmp,75
39864.bmp,76
39865.bmp,77
39866.bmp,78
39867.bmp,79
39868.bmp,80
39869.bmp,81
39870.bmp,82
39871.bmp,83
39872.bmp,84
39873.bmp,85
39874.bmp,86
39875.bmp,87
39876.bmp,88
39877.bmp,89
39878.bmp,90
39879.bmp,91
39880.bmp,92
39881.bmp,93
39882.bmp,94
39883.bmp,95
39884.bmp,96
39885.bmp,97
39886.bmp,98
39887.bmp,99
39888.bmp,100
39889.bmp,101
39890.bmp,102
39891.bmp,103
39892.bmp,104
39893.bmp,105
39894.bmp,106
39895.bmp,107
39896.bmp,108
39897.bmp,109
39898.bmp,110
39899.bmp,111
39900.bmp,112
39901.bmp,113
39902.bmp,114
39903.bmp,115
39904.bmp,116
39905.bmp,117
39906.bmp,118
39907.bmp,119
39908.bmp,120
39909.bmp,121
39910.bmp,122
39911.bmp,123
39912.bmp,124
39913.bmp,125
39914.bmp,126
39915.bmp,127
39916.bmp,128
39917.bmp,129
39918.bmp,130
39919.bmp,131
39920.bmp,132
39921.bmp,133
39922.bmp,134
39923.bmp,135
39924.bmp,136
39925.bmp,137
39926.bmp,138
39927.bmp,139
39928.bmp,140
39929.bmp,141
39930.bmp,142
39931.bmp,143
39932.bmp,144
39933.bmp,145
39934.bmp,146
39935.bmp,147
39936.bmp,148
39937.bmp,149
39938.bmp,150
39939.bmp,151
39940.bmp,152
39941.bmp,153
39942.bmp,154
39943.bmp,155
39944.bmp,80
39945.bmp,0
39946.bmp,1
39947.bmp,2
39948.bmp,3
39949.bmp,4
39950.bmp,5
39951.bmp,6
39952.bmp,7
39953.bmp,8
39954.bmp,9
39955.bmp,10
39956.bmp,11
39957.bmp,12
39958.bmp,13
39959.bmp,14
39960.bmp,15
39961.bmp,16
39962.bmp,17
39963.bmp,18
39964.bmp,19
39965.bmp,20
39966.bmp,21
39967.bmp,22
39968.bmp,23
39969.bmp,24
39970.bmp,25
39971.bmp,26
39972.bmp,27
39973.bmp,28
39974.bmp,29
39975.bmp,30
39976.bmp,31
39977.bmp,32
39978.bmp,33
39979.bmp,34
39980.bmp,35
39981.bmp,36
39982.bmp,37
39983.bmp,38
39984.bmp,39
39985.bmp,40
39986.bmp,41
39987.bmp,42
39988.bmp,43
39989.bmp,44
39990.bmp,45
39991.bmp,46
39992.bmp,47
39993.bmp,48
39994.bmp,49
39995.bmp,50
39996.bmp,51
39997.bmp,52
39998.bmp,53
39999.bmp,54
40000.bmp,55
40001.bmp,56
40002.bmp,57
40003.bmp,58
40004.bmp,59
40005.bmp,60
40006.bmp,61
40007.bmp,62
40008.bmp,63
40009.bmp,64
40010.bmp,65
40011.bmp,66
40012.bmp,67
40013.bmp,68
40014.bmp,69
40015.bmp,70
40016.bmp,71
40017.bmp,72
40018.bmp,73
40019.bmp,74
40020.bmp,75
40021.bmp,76
40022.bmp,77
40023.bmp,78
40024.bmp,79
40025.bmp,80
40026.bmp,81
40027.bmp,82
40028.bmp,83
40029.bmp,84
40030.bmp,85
40031.bmp,86
40032.bmp,87
40033.bmp,88
40034.bmp,89
40035.bmp,90
40036.bmp,91
40037.bmp,92
40038.bmp,93
40039.bmp,94
40040.bmp,95
40041.bmp,96
40042.bmp,97
40043.bmp,98
40044.bmp,99
40045.bmp,100
40046.bmp,101
40047.bmp,102
40048.bmp,103
40049.bmp,104
40050.bmp,105
40051.bmp,106
40052.bmp,107
40053.bmp,108
40054.bmp,109
40055.bmp,110
40056.bmp,111
40057.bmp,112
40058.bmp,113
40059.bmp,114
40060.bmp,115
40061.bmp,116
40062.bmp,117
40063.bmp,118
40064.bmp,119
40065.bmp,120
40066.bmp,121
40067.bmp,122
40068.bmp,123
40069.bmp,124
40070.bmp,125
40071.bmp,126
40072.bmp,127
40073.bmp,128
40074.bmp,129
40075.bmp,130
40076.bmp,131
40077.bmp,132
40078.bmp,133
40079.bmp,134
40080.bmp,135
40081.bmp,136
40082.bmp,137
40083.bmp,138
40084.bmp,139
40085.bmp,140
40086.bmp,141
40087.bmp,142
40088.bmp,143
40089.bmp,144
40090.bmp,145
40091.bmp,146
40092.bmp,147
40093.bmp,148
40094.bmp,149
40095.bmp,150
40096.bmp,151
40097.bmp,152
40098.bmp,153
40099.bmp,154
40100.bmp,155
40101.bmp,80
40102.bmp,0
40103.bmp,1
40104.bmp,2
40105.bmp,3
40106.bmp,4
40107.bmp,5
40108.bmp,6
40109.bmp,7
40110.bmp,8
40111.bmp,9
40112.bmp,10
40113.bmp,11
40114.bmp,12
40115.bmp,13
40116.bmp,14
40117.bmp,15
40118.bmp,16
40119.bmp,17
40120.bmp,18
40121.bmp,19
40122.bmp,20
40123.bmp,21
40124.bmp,22
40125.bmp,23
40126.bmp,24
40127.bmp,25
40128.bmp,26
40129.bmp,27
40130.bmp,28
40131.bmp,29
40132.bmp,30
40133.bmp,31
40134.bmp,32
40135.bmp,33
40136.bmp,34
40137.bmp,35
40138.bmp,36
40139.bmp,37
40140.bmp,38
40141.bmp,39
40142.bmp,40
40143.bmp,41
40144.bmp,42
40145.bmp,43
40146.bmp,44
40147.bmp,45
40148.bmp,46
40149.bmp,47
40150.bmp,48
40151.bmp,49
40152.bmp,50
40153.bmp,51
40154.bmp,52
40155.bmp,53
40156.bmp,54
40157.bmp,55
40158.bmp,56
40159.bmp,57
40160.bmp,58
40161.bmp,59
40162.bmp,60
40163.bmp,61
40164.bmp,62
40165.bmp,63
40166.bmp,64
40167.bmp,65
40168.bmp,66
40169.bmp,67
40170.bmp,68
40171.bmp,69
40172.bmp,70
40173.bmp,71
40174.bmp,72
40175.bmp,73
40176.bmp,74
40177.bmp,75
40178.bmp,76
40179.bmp,77
40180.bmp,78
40181.bmp,79
40182.bmp,80
40183.bmp,81
40184.bmp,82
40185.bmp,83
40186.bmp,84
40187.bmp,85
40188.bmp,86
40189.bmp,87
40190.bmp,88
40191.bmp,89
40192.bmp,90
40193.bmp,91
40194.bmp,92
40195.bmp,93
40196.bmp,94
40197.bmp,95
40198.bmp,96
40199.bmp,97
40200.bmp,98
40201.bmp,99
40202.bmp,100
40203.bmp,101
40204.bmp,102
40205.bmp,103
40206.bmp,104
40207.bmp,105
40208.bmp,106
40209.bmp,107
40210.bmp,108
40211.bmp,109
40212.bmp,110
40213.bmp,111
40214.bmp,112
40215.bmp,113
40216.bmp,114
40217.bmp,115
40218.bmp,116
40219.bmp,117
40220.bmp,118
40221.bmp,119
40222.bmp,120
40223.bmp,121
40224.bmp,122
40225.bmp,123
40226.bmp,124
40227.bmp,125
40228.bmp,126
40229.bmp,127
40230.bmp,128
40231.bmp,129
40232.bmp,130
40233.bmp,131
40234.bmp,132
40235.bmp,133
40236.bmp,134
40237.bmp,135
40238.bmp,136
40239.bmp,137
40240.bmp,138
40241.bmp,139
40242.bmp,140
40243.bmp,141
40244.bmp,142
40245.bmp,143
40246.bmp,144
40247.bmp,145
40248.bmp,146
40249.bmp,147
40250.bmp,148
40251.bmp,149
40252.bmp,150
40253.bmp,151
40254.bmp,152
40255.bmp,153
40256.bmp,154
40257.bmp,155
40258.bmp,80
40259.bmp,0
40260.bmp,1
40261.bmp,2
40262.bmp,3
40263.bmp,4
40264.bmp,5
40265.bmp,6
40266.bmp,7
40267.bmp,8
40268.bmp,9
40269.bmp,10
40270.bmp,11
40271.bmp,12
40272.bmp,13
40273.bmp,14
40274.bmp,15
40275.bmp,16
40276.bmp,17
40277.bmp,18
40278.bmp,19
40279.bmp,20
40280.bmp,21
40281.bmp,22
40282.bmp,23
40283.bmp,24
40284.bmp,25
40285.bmp,26
40286.bmp,27
40287.bmp,28
40288.bmp,29
40289.bmp,30
40290.bmp,31
40291.bmp,32
40292.bmp,33
40293.bmp,34
40294.bmp,35
40295.bmp,36
40296.bmp,37
40297.bmp,38
40298.bmp,39
40299.bmp,40
40300.bmp,41
40301.bmp,42
40302.bmp,43
40303.bmp,44
40304.bmp,45
40305.bmp,46
40306.bmp,47
40307.bmp,48
40308.bmp,49
40309.bmp,50
40310.bmp,51
40311.bmp,52
40312.bmp,53
40313.bmp,54
40314.bmp,55
40315.bmp,56
40316.bmp,57
40317.bmp,58
40318.bmp,59
40319.bmp,60
40320.bmp,61
40321.bmp,62
40322.bmp,63
40323.bmp,64
40324.bmp,65
40325.bmp,66
40326.bmp,67
40327.bmp,68
40328.bmp,69
40329.bmp,70
40330.bmp,71
40331.bmp,72
40332.bmp,73
40333.bmp,74
40334.bmp,75
40335.bmp,76
40336.bmp,77
40337.bmp,78
40338.bmp,79
40339.bmp,80
40340.bmp,81
40341.bmp,82
40342.bmp,83
40343.bmp,84
40344.bmp,85
40345.bmp,86
40346.bmp,87
40347.bmp,88
40348.bmp,89
40349.bmp,90
40350.bmp,91
40351.bmp,92
40352.bmp,93
40353.bmp,94
40354.bmp,95
40355.bmp,96
40356.bmp,97
40357.bmp,98
40358.bmp,99
40359.bmp,100
40360.bmp,101
40361.bmp,102
40362.bmp,103
40363.bmp,104
40364.bmp,105
40365.bmp,106
40366.bmp,107
40367.bmp,108
40368.bmp,109
40369.bmp,110
40370.bmp,111
40371.bmp,112
40372.bmp,113
40373.bmp,114
40374.bmp,115
40375.bmp,116
40376.bmp,117
40377.bmp,118
40378.bmp,119
40379.bmp,120
40380.bmp,121
40381.bmp,122
40382.bmp,123
40383.bmp,124
40384.bmp,125
40385.bmp,126
40386.bmp,127
40387.bmp,128
40388.bmp,129
40389.bmp,130
40390.bmp,131
40391.bmp,132
40392.bmp,133
40393.bmp,134
40394.bmp,135
40395.bmp,136
40396.bmp,137
40397.bmp,138
40398.bmp,139
40399.bmp,140
40400.bmp,141
40401.bmp,142
40402.bmp,143
40403.bmp,144
40404.bmp,145
40405.bmp,146
40406.bmp,147
40407.bmp,148
40408.bmp,149
40409.bmp,150
40410.bmp,151
40411.bmp,152
40412.bmp,153
40413.bmp,154
40414.bmp,155
40415.bmp,80
40416.bmp,0
40417.bmp,1
40418.bmp,2
40419.bmp,3
40420.bmp,4
40421.bmp,5
40422.bmp,6
40423.bmp,7
40424.bmp,8
40425.bmp,9
40426.bmp,10
40427.bmp,11
40428.bmp,12
40429.bmp,13
40430.bmp,14
40431.bmp,15
40432.bmp,16
40433.bmp,17
40434.bmp,18
40435.bmp,19
40436.bmp,20
40437.bmp,21
40438.bmp,22
40439.bmp,23
40440.bmp,24
40441.bmp,25
40442.bmp,26
40443.bmp,27
40444.bmp,28
40445.bmp,29
40446.bmp,30
40447.bmp,31
40448.bmp,32
40449.bmp,33
40450.bmp,34
40451.bmp,35
40452.bmp,36
40453.bmp,37
40454.bmp,38
40455.bmp,39
40456.bmp,40
40457.bmp,41
40458.bmp,42
40459.bmp,43
40460.bmp,44
40461.bmp,45
40462.bmp,46
40463.bmp,47
40464.bmp,48
40465.bmp,49
40466.bmp,50
40467.bmp,51
40468.bmp,52
40469.bmp,53
40470.bmp,54
40471.bmp,55
40472.bmp,56
40473.bmp,57
40474.bmp,58
40475.bmp,59
40476.bmp,60
40477.bmp,61
40478.bmp,62
40479.bmp,63
40480.bmp,64
40481.bmp,65
40482.bmp,66
40483.bmp,67
40484.bmp,68
40485.bmp,69
40486.bmp,70
40487.bmp,71
40488.bmp,72
40489.bmp,73
40490.bmp,74
40491.bmp,75
40492.bmp,76
40493.bmp,77
40494.bmp,78
40495.bmp,79
40496.bmp,80
40497.bmp,81
40498.bmp,82
40499.bmp,83
40500.bmp,84
40501.bmp,85
40502.bmp,86
40503.bmp,87
40504.bmp,88
40505.bmp,89
40506.bmp,90
40507.bmp,91
40508.bmp,92
40509.bmp,93
40510.bmp,94
40511.bmp,95
40512.bmp,96
40513.bmp,97
40514.bmp,98
40515.bmp,99
40516.bmp,100
40517.bmp,101
40518.bmp,102
40519.bmp,103
40520.bmp,104
40521.bmp,105
40522.bmp,106
40523.bmp,107
40524.bmp,108
40525.bmp,109
40526.bmp,110
40527.bmp,111
40528.bmp,112
40529.bmp,113
40530.bmp,114
40531.bmp,115
40532.bmp,116
40533.bmp,117
40534.bmp,118
40535.bmp,119
40536.bmp,120
40537.bmp,121
40538.bmp,122
40539.bmp,123
40540.bmp,124
40541.bmp,125
40542.bmp,126
40543.bmp,127
40544.bmp,128
40545.bmp,129
40546.bmp,130
40547.bmp,131
40548.bmp,132
40549.bmp,133
40550.bmp,134
40551.bmp,135
40552.bmp,136
40553.bmp,137
40554.bmp,138
40555.bmp,139
40556.bmp,140
40557.bmp,141
40558.bmp,142
40559.bmp,143
40560.bmp,144
40561.bmp,145
40562.bmp,146
40563.bmp,147
40564.bmp,148
40565.bmp,149
40566.bmp,150
40567.bmp,151
40568.bmp,152
40569.bmp,153
40570.bmp,154
40571.bmp,155
40572.bmp,80
40573.bmp,0
40574.bmp,1
40575.bmp,2
40576.bmp,3
40577.bmp,4
40578.bmp,5
40579.bmp,6
40580.bmp,7
40581.bmp,8
40582.bmp,9
40583.bmp,10
40584.bmp,11
40585.bmp,12
40586.bmp,13
40587.bmp,14
40588.bmp,15
40589.bmp,16
40590.bmp,17
40591.bmp,18
40592.bmp,19
40593.bmp,20
40594.bmp,21
40595.bmp,22
40596.bmp,23
40597.bmp,24
40598.bmp,25
40599.bmp,26
40600.bmp,27
40601.bmp,28
40602.bmp,29
40603.bmp,30
40604.bmp,31
40605.bmp,32
40606.bmp,33
40607.bmp,34
40608.bmp,35
40609.bmp,36
40610.bmp,37
40611.bmp,38
40612.bmp,39
40613.bmp,40
40614.bmp,41
40615.bmp,42
40616.bmp,43
40617.bmp,44
40618.bmp,45
40619.bmp,46
40620.bmp,47
40621.bmp,48
40622.bmp,49
40623.bmp,50
40624.bmp,51
40625.bmp,52
40626.bmp,53
40627.bmp,54
40628.bmp,55
40629.bmp,56
40630.bmp,57
40631.bmp,58
40632.bmp,59
40633.bmp,60
40634.bmp,61
40635.bmp,62
40636.bmp,63
40637.bmp,64
40638.bmp,65
40639.bmp,66
40640.bmp,67
40641.bmp,68
40642.bmp,69
40643.bmp,70
40644.bmp,71
40645.bmp,72
40646.bmp,73
40647.bmp,74
40648.bmp,75
40649.bmp,76
40650.bmp,77
40651.bmp,78
40652.bmp,79
40653.bmp,80
40654.bmp,81
40655.bmp,82
40656.bmp,83
40657.bmp,84
40658.bmp,85
40659.bmp,86
40660.bmp,87
40661.bmp,88
40662.bmp,89
40663.bmp,90
40664.bmp,91
40665.bmp,92
40666.bmp,93
40667.bmp,94
40668.bmp,95
40669.bmp,96
40670.bmp,97
40671.bmp,98
40672.bmp,99
40673.bmp,100
40674.bmp,101
40675.bmp,102
40676.bmp,103
40677.bmp,104
40678.bmp,105
40679.bmp,106
40680.bmp,107
40681.bmp,108
40682.bmp,109
40683.bmp,110
40684.bmp,111
40685.bmp,112
40686.bmp,113
40687.bmp,114
40688.bmp,115
40689.bmp,116
40690.bmp,117
40691.bmp,118
40692.bmp,119
40693.bmp,120
40694.bmp,121
40695.bmp,122
40696.bmp,123
40697.bmp,124
40698.bmp,125
40699.bmp,126
40700.bmp,127
40701.bmp,128
40702.bmp,129
40703.bmp,130
40704.bmp,131
40705.bmp,132
40706.bmp,133
40707.bmp,134
40708.bmp,135
40709.bmp,136
40710.bmp,137
40711.bmp,138
40712.bmp,139
40713.bmp,140
40714.bmp,141
40715.bmp,142
40716.bmp,143
40717.bmp,144
40718.bmp,145
40719.bmp,146
40720.bmp,147
40721.bmp,148
40722.bmp,149
40723.bmp,150
40724.bmp,151
40725.bmp,152
40726.bmp,153
40727.bmp,154
40728.bmp,155
40729.bmp,80
40730.bmp,0
40731.bmp,1
40732.bmp,2
40733.bmp,3
40734.bmp,4
40735.bmp,5
40736.bmp,6
40737.bmp,7
40738.bmp,8
40739.bmp,9
40740.bmp,10
40741.bmp,11
40742.bmp,12
40743.bmp,13
40744.bmp,14
40745.bmp,15
40746.bmp,16
40747.bmp,17
40748.bmp,18
40749.bmp,19
40750.bmp,20
40751.bmp,21
40752.bmp,22
40753.bmp,23
40754.bmp,24
40755.bmp,25
40756.bmp,26
40757.bmp,27
40758.bmp,28
40759.bmp,29
40760.bmp,30
40761.bmp,31
40762.bmp,32
40763.bmp,33
40764.bmp,34
40765.bmp,35
40766.bmp,36
40767.bmp,37
40768.bmp,38
40769.bmp,39
40770.bmp,40
40771.bmp,41
40772.bmp,42
40773.bmp,43
40774.bmp,44
40775.bmp,45
40776.bmp,46
40777.bmp,47
40778.bmp,48
40779.bmp,49
40780.bmp,50
40781.bmp,51
40782.bmp,52
40783.bmp,53
40784.bmp,54
40785.bmp,55
40786.bmp,56
40787.bmp,57
40788.bmp,58
40789.bmp,59
40790.bmp,60
40791.bmp,61
40792.bmp,62
40793.bmp,63
40794.bmp,64
40795.bmp,65
40796.bmp,66
40797.bmp,67
40798.bmp,68
40799.bmp,69
40800.bmp,70
40801.bmp,71
40802.bmp,72
40803.bmp,73
40804.bmp,74
40805.bmp,75
40806.bmp,76
40807.bmp,77
40808.bmp,78
40809.bmp,79
40810.bmp,80
40811.bmp,81
40812.bmp,82
40813.bmp,83
40814.bmp,84
40815.bmp,85
40816.bmp,86
40817.bmp,87
40818.bmp,88
40819.bmp,89
40820.bmp,90
40821.bmp,91
40822.bmp,92
40823.bmp,93
40824.bmp,94
40825.bmp,95
40826.bmp,96
40827.bmp,97
40828.bmp,98
40829.bmp,99
40830.bmp,100
40831.bmp,101
40832.bmp,102
40833.bmp,103
40834.bmp,104
40835.bmp,105
40836.bmp,106
40837.bmp,107
40838.bmp,108
40839.bmp,109
40840.bmp,110
40841.bmp,111
40842.bmp,112
40843.bmp,113
40844.bmp,114
40845.bmp,115
40846.bmp,116
40847.bmp,117
40848.bmp,118
40849.bmp,119
40850.bmp,120
40851.bmp,121
40852.bmp,122
40853.bmp,123
40854.bmp,124
40855.bmp,125
40856.bmp,126
40857.bmp,127
40858.bmp,128
40859.bmp,129
40860.bmp,130
40861.bmp,131
40862.bmp,132
40863.bmp,133
40864.bmp,134
40865.bmp,135
40866.bmp,136
40867.bmp,137
40868.bmp,138
40869.bmp,139
40870.bmp,140
40871.bmp,141
40872.bmp,142
40873.bmp,143
40874.bmp,144
40875.bmp,145
40876.bmp,146
40877.bmp,147
40878.bmp,148
40879.bmp,149
40880.bmp,150
40881.bmp,151
40882.bmp,152
40883.bmp,153
40884.bmp,154
40885.bmp,155
40886.bmp,80
40887.bmp,0
40888.bmp,1
40889.bmp,2
40890.bmp,3
40891.bmp,4
40892.bmp,5
40893.bmp,6
40894.bmp,7
40895.bmp,8
40896.bmp,9
40897.bmp,10
40898.bmp,11
40899.bmp,12
40900.bmp,13
40901.bmp,14
40902.bmp,15
40903.bmp,16
40904.bmp,17
40905.bmp,18
40906.bmp,19
40907.bmp,20
40908.bmp,21
40909.bmp,22
40910.bmp,23
40911.bmp,24
40912.bmp,25
40913.bmp,26
40914.bmp,27
40915.bmp,28
40916.bmp,29
40917.bmp,30
40918.bmp,31
40919.bmp,32
40920.bmp,33
40921.bmp,34
40922.bmp,35
40923.bmp,36
40924.bmp,37
40925.bmp,38
40926.bmp,39
40927.bmp,40
40928.bmp,41
40929.bmp,42
40930.bmp,43
40931.bmp,44
40932.bmp,45
40933.bmp,46
40934.bmp,47
40935.bmp,48
40936.bmp,49
40937.bmp,50
40938.bmp,51
40939.bmp,52
40940.bmp,53
40941.bmp,54
40942.bmp,55
40943.bmp,56
40944.bmp,57
40945.bmp,58
40946.bmp,59
40947.bmp,60
40948.bmp,61
40949.bmp,62
40950.bmp,63
40951.bmp,64
40952.bmp,65
40953.bmp,66
40954.bmp,67
40955.bmp,68
40956.bmp,69
40957.bmp,70
40958.bmp,71
40959.bmp,72
40960.bmp,73
40961.bmp,74
40962.bmp,75
40963.bmp,76
40964.bmp,77
40965.bmp,78
40966.bmp,79
40967.bmp,80
40968.bmp,81
40969.bmp,82
40970.bmp,83
40971.bmp,84
40972.bmp,85
40973.bmp,86
40974.bmp,87
40975.bmp,88
40976.bmp,89
40977.bmp,90
40978.bmp,91
40979.bmp,92
40980.bmp,93
40981.bmp,94
40982.bmp,95
40983.bmp,96
40984.bmp,97
40985.bmp,98
40986.bmp,99
40987.bmp,100
40988.bmp,101
40989.bmp,102
40990.bmp,103
40991.bmp,104
40992.bmp,105
40993.bmp,106
40994.bmp,107
40995.bmp,108
40996.bmp,109
40997.bmp,110
40998.bmp,111
40999.bmp,112
41000.bmp,113
41001.bmp,114
41002.bmp,115
41003.bmp,116
41004.bmp,117
41005.bmp,118
41006.bmp,119
41007.bmp,120
41008.bmp,121
41009.bmp,122
41010.bmp,123
41011.bmp,124
41012.bmp,125
41013.bmp,126
41014.bmp,127
41015.bmp,128
41016.bmp,129
41017.bmp,130
41018.bmp,131
41019.bmp,132
41020.bmp,133
41021.bmp,134
41022.bmp,135
41023.bmp,136
41024.bmp,137
41025.bmp,138
41026.bmp,139
41027.bmp,140
41028.bmp,141
41029.bmp,142
41030.bmp,143
41031.bmp,144
41032.bmp,145
41033.bmp,146
41034.bmp,147
41035.bmp,148
41036.bmp,149
41037.bmp,150
41038.bmp,151
41039.bmp,152
41040.bmp,153
41041.bmp,154
41042.bmp,155
41043.bmp,80
41044.bmp,0
41045.bmp,1
41046.bmp,2
41047.bmp,3
41048.bmp,4
41049.bmp,5
41050.bmp,6
41051.bmp,7
41052.bmp,8
41053.bmp,9
41054.bmp,10
41055.bmp,11
41056.bmp,12
41057.bmp,13
41058.bmp,14
41059.bmp,15
41060.bmp,16
41061.bmp,17
41062.bmp,18
41063.bmp,19
41064.bmp,20
41065.bmp,21
41066.bmp,22
41067.bmp,23
41068.bmp,24
41069.bmp,25
41070.bmp,26
41071.bmp,27
41072.bmp,28
41073.bmp,29
41074.bmp,30
41075.bmp,31
41076.bmp,32
41077.bmp,33
41078.bmp,34
41079.bmp,35
41080.bmp,36
41081.bmp,37
41082.bmp,38
41083.bmp,39
41084.bmp,40
41085.bmp,41
41086.bmp,42
41087.bmp,43
41088.bmp,44
41089.bmp,45
41090.bmp,46
41091.bmp,47
41092.bmp,48
41093.bmp,49
41094.bmp,50
41095.bmp,51
41096.bmp,52
41097.bmp,53
41098.bmp,54
41099.bmp,55
41100.bmp,56
41101.bmp,57
41102.bmp,58
41103.bmp,59
41104.bmp,60
41105.bmp,61
41106.bmp,62
41107.bmp,63
41108.bmp,64
41109.bmp,65
41110.bmp,66
41111.bmp,67
41112.bmp,68
41113.bmp,69
41114.bmp,70
41115.bmp,71
41116.bmp,72
41117.bmp,73
41118.bmp,74
41119.bmp,75
41120.bmp,76
41121.bmp,77
41122.bmp,78
41123.bmp,79
41124.bmp,80
41125.bmp,81
41126.bmp,82
41127.bmp,83
41128.bmp,84
41129.bmp,85
41130.bmp,86
41131.bmp,87
41132.bmp,88
41133.bmp,89
41134.bmp,90
41135.bmp,91
41136.bmp,92
41137.bmp,93
41138.bmp,94
41139.bmp,95
41140.bmp,96
41141.bmp,97
41142.bmp,98
41143.bmp,99
41144.bmp,100
41145.bmp,101
41146.bmp,102
41147.bmp,103
41148.bmp,104
41149.bmp,105
41150.bmp,106
41151.bmp,107
41152.bmp,108
41153.bmp,109
41154.bmp,110
41155.bmp,111
41156.bmp,112
41157.bmp,113
41158.bmp,114
41159.bmp,115
41160.bmp,116
41161.bmp,117
41162.bmp,118
41163.bmp,119
41164.bmp,120
41165.bmp,121
41166.bmp,122
41167.bmp,123
41168.bmp,124
41169.bmp,125
41170.bmp,126
41171.bmp,127
41172.bmp,128
41173.bmp,129
41174.bmp,130
41175.bmp,131
41176.bmp,132
41177.bmp,133
41178.bmp,134
41179.bmp,135
41180.bmp,136
41181.bmp,137
41182.bmp,138
41183.bmp,139
41184.bmp,140
41185.bmp,141
41186.bmp,142
41187.bmp,143
41188.bmp,144
41189.bmp,145
41190.bmp,146
41191.bmp,147
41192.bmp,148
41193.bmp,149
41194.bmp,150
41195.bmp,151
41196.bmp,152
41197.bmp,153
41198.bmp,154
41199.bmp,155
41200.bmp,80
41201.bmp,0
41202.bmp,1
41203.bmp,2
41204.bmp,3
41205.bmp,4
41206.bmp,5
41207.bmp,6
41208.bmp,7
41209.bmp,8
41210.bmp,9
41211.bmp,10
41212.bmp,11
41213.bmp,12
41214.bmp,13
41215.bmp,14
41216.bmp,15
41217.bmp,16
41218.bmp,17
41219.bmp,18
41220.bmp,19
41221.bmp,20
41222.bmp,21
41223.bmp,22
41224.bmp,23
41225.bmp,24
41226.bmp,25
41227.bmp,26
41228.bmp,27
41229.bmp,28
41230.bmp,29
41231.bmp,30
41232.bmp,31
41233.bmp,32
41234.bmp,33
41235.bmp,34
41236.bmp,35
41237.bmp,36
41238.bmp,37
41239.bmp,38
41240.bmp,39
41241.bmp,40
41242.bmp,41
41243.bmp,42
41244.bmp,43
41245.bmp,44
41246.bmp,45
41247.bmp,46
41248.bmp,47
41249.bmp,48
41250.bmp,49
41251.bmp,50
41252.bmp,51
41253.bmp,52
41254.bmp,53
41255.bmp,54
41256.bmp,55
41257.bmp,56
41258.bmp,57
41259.bmp,58
41260.bmp,59
41261.bmp,60
41262.bmp,61
41263.bmp,62
41264.bmp,63
41265.bmp,64
41266.bmp,65
41267.bmp,66
41268.bmp,67
41269.bmp,68
41270.bmp,69
41271.bmp,70
41272.bmp,71
41273.bmp,72
41274.bmp,73
41275.bmp,74
41276.bmp,75
41277.bmp,76
41278.bmp,77
41279.bmp,78
41280.bmp,79
41281.bmp,80
41282.bmp,81
41283.bmp,82
41284.bmp,83
41285.bmp,84
41286.bmp,85
41287.bmp,86
41288.bmp,87
41289.bmp,88
41290.bmp,89
41291.bmp,90
41292.bmp,91
41293.bmp,92
41294.bmp,93
41295.bmp,94
41296.bmp,95
41297.bmp,96
41298.bmp,97
41299.bmp,98
41300.bmp,99
41301.bmp,100
41302.bmp,101
41303.bmp,102
41304.bmp,103
41305.bmp,104
41306.bmp,105
41307.bmp,106
41308.bmp,107
41309.bmp,108
41310.bmp,109
41311.bmp,110
41312.bmp,111
41313.bmp,112
41314.bmp,113
41315.bmp,114
41316.bmp,115
41317.bmp,116
41318.bmp,117
41319.bmp,118
41320.bmp,119
41321.bmp,120
41322.bmp,121
41323.bmp,122
41324.bmp,123
41325.bmp,124
41326.bmp,125
41327.bmp,126
41328.bmp,127
41329.bmp,128
41330.bmp,129
41331.bmp,130
41332.bmp,131
41333.bmp,132
41334.bmp,133
41335.bmp,134
41336.bmp,135
41337.bmp,136
41338.bmp,137
41339.bmp,138
41340.bmp,139
41341.bmp,140
41342.bmp,141
41343.bmp,142
41344.bmp,143
41345.bmp,144
41346.bmp,145
41347.bmp,146
41348.bmp,147
41349.bmp,148
41350.bmp,149
41351.bmp,150
41352.bmp,151
41353.bmp,152
41354.bmp,153
41355.bmp,154
41356.bmp,155
41357.bmp,80
41358.bmp,0
41359.bmp,1
41360.bmp,2
41361.bmp,3
41362.bmp,4
41363.bmp,5
41364.bmp,6
41365.bmp,7
41366.bmp,8
41367.bmp,9
41368.bmp,10
41369.bmp,11
41370.bmp,12
41371.bmp,13
41372.bmp,14
41373.bmp,15
41374.bmp,16
41375.bmp,17
41376.bmp,18
41377.bmp,19
41378.bmp,20
41379.bmp,21
41380.bmp,22
41381.bmp,23
41382.bmp,24
41383.bmp,25
41384.bmp,26
41385.bmp,27
41386.bmp,28
41387.bmp,29
41388.bmp,30
41389.bmp,31
41390.bmp,32
41391.bmp,33
41392.bmp,34
41393.bmp,35
41394.bmp,36
41395.bmp,37
41396.bmp,38
41397.bmp,39
41398.bmp,40
41399.bmp,41
41400.bmp,42
41401.bmp,43
41402.bmp,44
41403.bmp,45
41404.bmp,46
41405.bmp,47
41406.bmp,48
41407.bmp,49
41408.bmp,50
41409.bmp,51
41410.bmp,52
41411.bmp,53
41412.bmp,54
41413.bmp,55
41414.bmp,56
41415.bmp,57
41416.bmp,58
41417.bmp,59
41418.bmp,60
41419.bmp,61
41420.bmp,62
41421.bmp,63
41422.bmp,64
41423.bmp,65
41424.bmp,66
41425.bmp,67
41426.bmp,68
41427.bmp,69
41428.bmp,70
41429.bmp,71
41430.bmp,72
41431.bmp,73
41432.bmp,74
41433.bmp,75
41434.bmp,76
41435.bmp,77
41436.bmp,78
41437.bmp,79
41438.bmp,80
41439.bmp,81
41440.bmp,82
41441.bmp,83
41442.bmp,84
41443.bmp,85
41444.bmp,86
41445.bmp,87
41446.bmp,88
41447.bmp,89
41448.bmp,90
41449.bmp,91
41450.bmp,92
41451.bmp,93
41452.bmp,94
41453.bmp,95
41454.bmp,96
41455.bmp,97
41456.bmp,98
41457.bmp,99
41458.bmp,100
41459.bmp,101
41460.bmp,102
41461.bmp,103
41462.bmp,104
41463.bmp,105
41464.bmp,106
41465.bmp,107
41466.bmp,108
41467.bmp,109
41468.bmp,110
41469.bmp,111
41470.bmp,112
41471.bmp,113
41472.bmp,114
41473.bmp,115
41474.bmp,116
41475.bmp,117
41476.bmp,118
41477.bmp,119
41478.bmp,120
41479.bmp,121
41480.bmp,122
41481.bmp,123
41482.bmp,124
41483.bmp,125
41484.bmp,126
41485.bmp,127
41486.bmp,128
41487.bmp,129
41488.bmp,130
41489.bmp,131
41490.bmp,132
41491.bmp,133
41492.bmp,134
41493.bmp,135
41494.bmp,136
41495.bmp,137
41496.bmp,138
41497.bmp,139
41498.bmp,140
41499.bmp,141
41500.bmp,142
41501.bmp,143
41502.bmp,144
41503.bmp,145
41504.bmp,146
41505.bmp,147
41506.bmp,148
41507.bmp,149
41508.bmp,150
41509.bmp,151
41510.bmp,152
41511.bmp,153
41512.bmp,154
41513.bmp,155
41514.bmp,80
41515.bmp,0
41516.bmp,1
41517.bmp,2
41518.bmp,3
41519.bmp,4
41520.bmp,5
41521.bmp,6
41522.bmp,7
41523.bmp,8
41524.bmp,9
41525.bmp,10
41526.bmp,11
41527.bmp,12
41528.bmp,13
41529.bmp,14
41530.bmp,15
41531.bmp,16
41532.bmp,17
41533.bmp,18
41534.bmp,19
41535.bmp,20
41536.bmp,21
41537.bmp,22
41538.bmp,23
41539.bmp,24
41540.bmp,25
41541.bmp,26
41542.bmp,27
41543.bmp,28
41544.bmp,29
41545.bmp,30
41546.bmp,31
41547.bmp,32
41548.bmp,33
41549.bmp,34
41550.bmp,35
41551.bmp,36
41552.bmp,37
41553.bmp,38
41554.bmp,39
41555.bmp,40
41556.bmp,41
41557.bmp,42
41558.bmp,43
41559.bmp,44
41560.bmp,45
41561.bmp,46
41562.bmp,47
41563.bmp,48
41564.bmp,49
41565.bmp,50
41566.bmp,51
41567.bmp,52
41568.bmp,53
41569.bmp,54
41570.bmp,55
41571.bmp,56
41572.bmp,57
41573.bmp,58
41574.bmp,59
41575.bmp,60
41576.bmp,61
41577.bmp,62
41578.bmp,63
41579.bmp,64
41580.bmp,65
41581.bmp,66
41582.bmp,67
41583.bmp,68
41584.bmp,69
41585.bmp,70
41586.bmp,71
41587.bmp,72
41588.bmp,73
41589.bmp,74
41590.bmp,75
41591.bmp,76
41592.bmp,77
41593.bmp,78
41594.bmp,79
41595.bmp,80
41596.bmp,81
41597.bmp,82
41598.bmp,83
41599.bmp,84
41600.bmp,85
41601.bmp,86
41602.bmp,87
41603.bmp,88
41604.bmp,89
41605.bmp,90
41606.bmp,91
41607.bmp,92
41608.bmp,93
41609.bmp,94
41610.bmp,95
41611.bmp,96
41612.bmp,97
41613.bmp,98
41614.bmp,99
41615.bmp,100
41616.bmp,101
41617.bmp,102
41618.bmp,103
41619.bmp,104
41620.bmp,105
41621.bmp,106
41622.bmp,107
41623.bmp,108
41624.bmp,109
41625.bmp,110
41626.bmp,111
41627.bmp,112
41628.bmp,113
41629.bmp,114
41630.bmp,115
41631.bmp,116
41632.bmp,117
41633.bmp,118
41634.bmp,119
41635.bmp,120
41636.bmp,121
41637.bmp,122
41638.bmp,123
41639.bmp,124
41640.bmp,125
41641.bmp,126
41642.bmp,127
41643.bmp,128
41644.bmp,129
41645.bmp,130
41646.bmp,131
41647.bmp,132
41648.bmp,133
41649.bmp,134
41650.bmp,135
41651.bmp,136
41652.bmp,137
41653.bmp,138
41654.bmp,139
41655.bmp,140
41656.bmp,141
41657.bmp,142
41658.bmp,143
41659.bmp,144
41660.bmp,145
41661.bmp,146
41662.bmp,147
41663.bmp,148
41664.bmp,149
41665.bmp,150
41666.bmp,151
41667.bmp,152
41668.bmp,153
41669.bmp,154
41670.bmp,155
41671.bmp,80
41672.bmp,0
41673.bmp,1
41674.bmp,2
41675.bmp,3
41676.bmp,4
41677.bmp,5
41678.bmp,6
41679.bmp,7
41680.bmp,8
41681.bmp,9
41682.bmp,10
41683.bmp,11
41684.bmp,12
41685.bmp,13
41686.bmp,14
41687.bmp,15
41688.bmp,16
41689.bmp,17
41690.bmp,18
41691.bmp,19
41692.bmp,20
41693.bmp,21
41694.bmp,22
41695.bmp,23
41696.bmp,24
41697.bmp,25
41698.bmp,26
41699.bmp,27
41700.bmp,28
41701.bmp,29
41702.bmp,30
41703.bmp,31
41704.bmp,32
41705.bmp,33
41706.bmp,34
41707.bmp,35
41708.bmp,36
41709.bmp,37
41710.bmp,38
41711.bmp,39
41712.bmp,40
41713.bmp,41
41714.bmp,42
41715.bmp,43
41716.bmp,44
41717.bmp,45
41718.bmp,46
41719.bmp,47
41720.bmp,48
41721.bmp,49
41722.bmp,50
41723.bmp,51
41724.bmp,52
41725.bmp,53
41726.bmp,54
41727.bmp,55
41728.bmp,56
41729.bmp,57
41730.bmp,58
41731.bmp,59
41732.bmp,60
41733.bmp,61
41734.bmp,62
41735.bmp,63
41736.bmp,64
41737.bmp,65
41738.bmp,66
41739.bmp,67
41740.bmp,68
41741.bmp,69
41742.bmp,70
41743.bmp,71
41744.bmp,72
41745.bmp,73
41746.bmp,74
41747.bmp,75
41748.bmp,76
41749.bmp,77
41750.bmp,78
41751.bmp,79
41752.bmp,80
41753.bmp,81
41754.bmp,82
41755.bmp,83
41756.bmp,84
41757.bmp,85
41758.bmp,86
41759.bmp,87
41760.bmp,88
41761.bmp,89
41762.bmp,90
41763.bmp,91
41764.bmp,92
41765.bmp,93
41766.bmp,94
41767.bmp,95
41768.bmp,96
41769.bmp,97
41770.bmp,98
41771.bmp,99
41772.bmp,100
41773.bmp,101
41774.bmp,102
41775.bmp,103
41776.bmp,104
41777.bmp,105
41778.bmp,106
41779.bmp,107
41780.bmp,108
41781.bmp,109
41782.bmp,110
41783.bmp,111
41784.bmp,112
41785.bmp,113
41786.bmp,114
41787.bmp,115
41788.bmp,116
41789.bmp,117
41790.bmp,118
41791.bmp,119
41792.bmp,120
41793.bmp,121
41794.bmp,122
41795.bmp,123
41796.bmp,124
41797.bmp,125
41798.bmp,126
41799.bmp,127
41800.bmp,128
41801.bmp,129
41802.bmp,130
41803.bmp,131
41804.bmp,132
41805.bmp,133
41806.bmp,134
41807.bmp,135
41808.bmp,136
41809.bmp,137
41810.bmp,138
41811.bmp,139
41812.bmp,140
41813.bmp,141
41814.bmp,142
41815.bmp,143
41816.bmp,144
41817.bmp,145
41818.bmp,146
41819.bmp,147
41820.bmp,148
41821.bmp,149
41822.bmp,150
41823.bmp,151
41824.bmp,152
41825.bmp,153
41826.bmp,154
41827.bmp,155
41828.bmp,80
41829.bmp,0
41830.bmp,1
41831.bmp,2
41832.bmp,3
41833.bmp,4
41834.bmp,5
41835.bmp,6
41836.bmp,7
41837.bmp,8
41838.bmp,9
41839.bmp,10
41840.bmp,11
41841.bmp,12
41842.bmp,13
41843.bmp,14
41844.bmp,15
41845.bmp,16
41846.bmp,17
41847.bmp,18
41848.bmp,19
41849.bmp,20
41850.bmp,21
41851.bmp,22
41852.bmp,23
41853.bmp,24
41854.bmp,25
41855.bmp,26
41856.bmp,27
41857.bmp,28
41858.bmp,29
41859.bmp,30
41860.bmp,31
41861.bmp,32
41862.bmp,33
41863.bmp,34
41864.bmp,35
41865.bmp,36
41866.bmp,37
41867.bmp,38
41868.bmp,39
41869.bmp,40
41870.bmp,41
41871.bmp,42
41872.bmp,43
41873.bmp,44
41874.bmp,45
41875.bmp,46
41876.bmp,47
41877.bmp,48
41878.bmp,49
41879.bmp,50
41880.bmp,51
41881.bmp,52
41882.bmp,53
41883.bmp,54
41884.bmp,55
41885.bmp,56
41886.bmp,57
41887.bmp,58
41888.bmp,59
41889.bmp,60
41890.bmp,61
41891.bmp,62
41892.bmp,63
41893.bmp,64
41894.bmp,65
41895.bmp,66
41896.bmp,67
41897.bmp,68
41898.bmp,69
41899.bmp,70
41900.bmp,71
41901.bmp,72
41902.bmp,73
41903.bmp,74
41904.bmp,75
41905.bmp,76
41906.bmp,77
41907.bmp,78
41908.bmp,79
41909.bmp,80
41910.bmp,81
41911.bmp,82
41912.bmp,83
41913.bmp,84
41914.bmp,85
41915.bmp,86
41916.bmp,87
41917.bmp,88
41918.bmp,89
41919.bmp,90
41920.bmp,91
41921.bmp,92
41922.bmp,93
41923.bmp,94
41924.bmp,95
41925.bmp,96
41926.bmp,97
41927.bmp,98
41928.bmp,99
41929.bmp,100
41930.bmp,101
41931.bmp,102
41932.bmp,103
41933.bmp,104
41934.bmp,105
41935.bmp,106
41936.bmp,107
41937.bmp,108
41938.bmp,109
41939.bmp,110
41940.bmp,111
41941.bmp,112
41942.bmp,113
41943.bmp,114
41944.bmp,115
41945.bmp,116
41946.bmp,117
41947.bmp,118
41948.bmp,119
41949.bmp,120
41950.bmp,121
41951.bmp,122
41952.bmp,123
41953.bmp,124
41954.bmp,125
41955.bmp,126
41956.bmp,127
41957.bmp,128
41958.bmp,129
41959.bmp,130
41960.bmp,131
41961.bmp,132
41962.bmp,133
41963.bmp,134
41964.bmp,135
41965.bmp,136
41966.bmp,137
41967.bmp,138
41968.bmp,139
41969.bmp,140
41970.bmp,141
41971.bmp,142
41972.bmp,143
41973.bmp,144
41974.bmp,145
41975.bmp,146
41976.bmp,147
41977.bmp,148
41978.bmp,149
41979.bmp,150
41980.bmp,151
41981.bmp,152
41982.bmp,153
41983.bmp,154
41984.bmp,155
41985.bmp,80
41986.bmp,0
41987.bmp,1
41988.bmp,2
41989.bmp,3
41990.bmp,4
41991.bmp,5
41992.bmp,6
41993.bmp,7
41994.bmp,8
41995.bmp,9
41996.bmp,10
41997.bmp,11
41998.bmp,12
41999.bmp,13
42000.bmp,14
42001.bmp,15
42002.bmp,16
42003.bmp,17
42004.bmp,18
42005.bmp,19
42006.bmp,20
42007.bmp,21
42008.bmp,22
42009.bmp,23
42010.bmp,24
42011.bmp,25
42012.bmp,26
42013.bmp,27
42014.bmp,28
42015.bmp,29
42016.bmp,30
42017.bmp,31
42018.bmp,32
42019.bmp,33
42020.bmp,34
42021.bmp,35
42022.bmp,36
42023.bmp,37
42024.bmp,38
42025.bmp,39
42026.bmp,40
42027.bmp,41
42028.bmp,42
42029.bmp,43
42030.bmp,44
42031.bmp,45
42032.bmp,46
42033.bmp,47
42034.bmp,48
42035.bmp,49
42036.bmp,50
42037.bmp,51
42038.bmp,52
42039.bmp,53
42040.bmp,54
42041.bmp,55
42042.bmp,56
42043.bmp,57
42044.bmp,58
42045.bmp,59
42046.bmp,60
42047.bmp,61
42048.bmp,62
42049.bmp,63
42050.bmp,64
42051.bmp,65
42052.bmp,66
42053.bmp,67
42054.bmp,68
42055.bmp,69
42056.bmp,70
42057.bmp,71
42058.bmp,72
42059.bmp,73
42060.bmp,74
42061.bmp,75
42062.bmp,76
42063.bmp,77
42064.bmp,78
42065.bmp,79
42066.bmp,80
42067.bmp,81
42068.bmp,82
42069.bmp,83
42070.bmp,84
42071.bmp,85
42072.bmp,86
42073.bmp,87
42074.bmp,88
42075.bmp,89
42076.bmp,90
42077.bmp,91
42078.bmp,92
42079.bmp,93
42080.bmp,94
42081.bmp,95
42082.bmp,96
42083.bmp,97
42084.bmp,98
42085.bmp,99
42086.bmp,100
42087.bmp,101
42088.bmp,102
42089.bmp,103
42090.bmp,104
42091.bmp,105
42092.bmp,106
42093.bmp,107
42094.bmp,108
42095.bmp,109
42096.bmp,110
42097.bmp,111
42098.bmp,112
42099.bmp,113
42100.bmp,114
42101.bmp,115
42102.bmp,116
42103.bmp,117
42104.bmp,118
42105.bmp,119
42106.bmp,120
42107.bmp,121
42108.bmp,122
42109.bmp,123
42110.bmp,124
42111.bmp,125
42112.bmp,126
42113.bmp,127
42114.bmp,128
42115.bmp,129
42116.bmp,130
42117.bmp,131
42118.bmp,132
42119.bmp,133
42120.bmp,134
42121.bmp,135
42122.bmp,136
42123.bmp,137
42124.bmp,138
42125.bmp,139
42126.bmp,140
42127.bmp,141
42128.bmp,142
42129.bmp,143
42130.bmp,144
42131.bmp,145
42132.bmp,146
42133.bmp,147
42134.bmp,148
42135.bmp,149
42136.bmp,150
42137.bmp,151
42138.bmp,152
42139.bmp,153
42140.bmp,154
42141.bmp,155
42142.bmp,80
42143.bmp,0
42144.bmp,1
42145.bmp,2
42146.bmp,3
42147.bmp,4
42148.bmp,5
42149.bmp,6
42150.bmp,7
42151.bmp,8
42152.bmp,9
42153.bmp,10
42154.bmp,11
42155.bmp,12
42156.bmp,13
42157.bmp,14
42158.bmp,15
42159.bmp,16
42160.bmp,17
42161.bmp,18
42162.bmp,19
42163.bmp,20
42164.bmp,21
42165.bmp,22
42166.bmp,23
42167.bmp,24
42168.bmp,25
42169.bmp,26
42170.bmp,27
42171.bmp,28
42172.bmp,29
42173.bmp,30
42174.bmp,31
42175.bmp,32
42176.bmp,33
42177.bmp,34
42178.bmp,35
42179.bmp,36
42180.bmp,37
42181.bmp,38
42182.bmp,39
42183.bmp,40
42184.bmp,41
42185.bmp,42
42186.bmp,43
42187.bmp,44
42188.bmp,45
42189.bmp,46
42190.bmp,47
42191.bmp,48
42192.bmp,49
42193.bmp,50
42194.bmp,51
42195.bmp,52
42196.bmp,53
42197.bmp,54
42198.bmp,55
42199.bmp,56
42200.bmp,57
42201.bmp,58
42202.bmp,59
42203.bmp,60
42204.bmp,61
42205.bmp,62
42206.bmp,63
42207.bmp,64
42208.bmp,65
42209.bmp,66
42210.bmp,67
42211.bmp,68
42212.bmp,69
42213.bmp,70
42214.bmp,71
42215.bmp,72
42216.bmp,73
42217.bmp,74
42218.bmp,75
42219.bmp,76
42220.bmp,77
42221.bmp,78
42222.bmp,79
42223.bmp,80
42224.bmp,81
42225.bmp,82
42226.bmp,83
42227.bmp,84
42228.bmp,85
42229.bmp,86
42230.bmp,87
42231.bmp,88
42232.bmp,89
42233.bmp,90
42234.bmp,91
42235.bmp,92
42236.bmp,93
42237.bmp,94
42238.bmp,95
42239.bmp,96
42240.bmp,97
42241.bmp,98
42242.bmp,99
42243.bmp,100
42244.bmp,101
42245.bmp,102
42246.bmp,103
42247.bmp,104
42248.bmp,105
42249.bmp,106
42250.bmp,107
42251.bmp,108
42252.bmp,109
42253.bmp,110
42254.bmp,111
42255.bmp,112
42256.bmp,113
42257.bmp,114
42258.bmp,115
42259.bmp,116
42260.bmp,117
42261.bmp,118
42262.bmp,119
42263.bmp,120
42264.bmp,121
42265.bmp,122
42266.bmp,123
42267.bmp,124
42268.bmp,125
42269.bmp,126
42270.bmp,127
42271.bmp,128
42272.bmp,129
42273.bmp,130
42274.bmp,131
42275.bmp,132
42276.bmp,133
42277.bmp,134
42278.bmp,135
42279.bmp,136
42280.bmp,137
42281.bmp,138
42282.bmp,139
42283.bmp,140
42284.bmp,141
42285.bmp,142
42286.bmp,143
42287.bmp,144
42288.bmp,145
42289.bmp,146
42290.bmp,147
42291.bmp,148
42292.bmp,149
42293.bmp,150
42294.bmp,151
42295.bmp,152
42296.bmp,153
42297.bmp,154
42298.bmp,155
42299.bmp,80
42300.bmp,0
42301.bmp,1
42302.bmp,2
42303.bmp,3
42304.bmp,4
42305.bmp,5
42306.bmp,6
42307.bmp,7
42308.bmp,8
42309.bmp,9
42310.bmp,10
42311.bmp,11
42312.bmp,12
42313.bmp,13
42314.bmp,14
42315.bmp,15
42316.bmp,16
42317.bmp,17
42318.bmp,18
42319.bmp,19
42320.bmp,20
42321.bmp,21
42322.bmp,22
42323.bmp,23
42324.bmp,24
42325.bmp,25
42326.bmp,26
42327.bmp,27
42328.bmp,28
42329.bmp,29
42330.bmp,30
42331.bmp,31
42332.bmp,32
42333.bmp,33
42334.bmp,34
42335.bmp,35
42336.bmp,36
42337.bmp,37
42338.bmp,38
42339.bmp,39
42340.bmp,40
42341.bmp,41
42342.bmp,42
42343.bmp,43
42344.bmp,44
42345.bmp,45
42346.bmp,46
42347.bmp,47
42348.bmp,48
42349.bmp,49
42350.bmp,50
42351.bmp,51
42352.bmp,52
42353.bmp,53
42354.bmp,54
42355.bmp,55
42356.bmp,56
42357.bmp,57
42358.bmp,58
42359.bmp,59
42360.bmp,60
42361.bmp,61
42362.bmp,62
42363.bmp,63
42364.bmp,64
42365.bmp,65
42366.bmp,66
42367.bmp,67
42368.bmp,68
42369.bmp,69
42370.bmp,70
42371.bmp,71
42372.bmp,72
42373.bmp,73
42374.bmp,74
42375.bmp,75
42376.bmp,76
42377.bmp,77
42378.bmp,78
42379.bmp,79
42380.bmp,80
42381.bmp,81
42382.bmp,82
42383.bmp,83
42384.bmp,84
42385.bmp,85
42386.bmp,86
42387.bmp,87
42388.bmp,88
42389.bmp,89
42390.bmp,90
42391.bmp,91
42392.bmp,92
42393.bmp,93
42394.bmp,94
42395.bmp,95
42396.bmp,96
42397.bmp,97
42398.bmp,98
42399.bmp,99
42400.bmp,100
42401.bmp,101
42402.bmp,102
42403.bmp,103
42404.bmp,104
42405.bmp,105
42406.bmp,106
42407.bmp,107
42408.bmp,108
42409.bmp,109
42410.bmp,110
42411.bmp,111
42412.bmp,112
42413.bmp,113
42414.bmp,114
42415.bmp,115
42416.bmp,116
42417.bmp,117
42418.bmp,118
42419.bmp,119
42420.bmp,120
42421.bmp,121
42422.bmp,122
42423.bmp,123
42424.bmp,124
42425.bmp,125
42426.bmp,126
42427.bmp,127
42428.bmp,128
42429.bmp,129
42430.bmp,130
42431.bmp,131
42432.bmp,132
42433.bmp,133
42434.bmp,134
42435.bmp,135
42436.bmp,136
42437.bmp,137
42438.bmp,138
42439.bmp,139
42440.bmp,140
42441.bmp,141
42442.bmp,142
42443.bmp,143
42444.bmp,144
42445.bmp,145
42446.bmp,146
42447.bmp,147
42448.bmp,148
42449.bmp,149
42450.bmp,150
42451.bmp,151
42452.bmp,152
42453.bmp,153
42454.bmp,154
42455.bmp,155
42456.bmp,80
42457.bmp,0
42458.bmp,1
42459.bmp,2
42460.bmp,3
42461.bmp,4
42462.bmp,5
42463.bmp,6
42464.bmp,7
42465.bmp,8
42466.bmp,9
42467.bmp,10
42468.bmp,11
42469.bmp,12
42470.bmp,13
42471.bmp,14
42472.bmp,15
42473.bmp,16
42474.bmp,17
42475.bmp,18
42476.bmp,19
42477.bmp,20
42478.bmp,21
42479.bmp,22
42480.bmp,23
42481.bmp,24
42482.bmp,25
42483.bmp,26
42484.bmp,27
42485.bmp,28
42486.bmp,29
42487.bmp,30
42488.bmp,31
42489.bmp,32
42490.bmp,33
42491.bmp,34
42492.bmp,35
42493.bmp,36
42494.bmp,37
42495.bmp,38
42496.bmp,39
42497.bmp,40
42498.bmp,41
42499.bmp,42
42500.bmp,43
42501.bmp,44
42502.bmp,45
42503.bmp,46
42504.bmp,47
42505.bmp,48
42506.bmp,49
42507.bmp,50
42508.bmp,51
42509.bmp,52
42510.bmp,53
42511.bmp,54
42512.bmp,55
42513.bmp,56
42514.bmp,57
42515.bmp,58
42516.bmp,59
42517.bmp,60
42518.bmp,61
42519.bmp,62
42520.bmp,63
42521.bmp,64
42522.bmp,65
42523.bmp,66
42524.bmp,67
42525.bmp,68
42526.bmp,69
42527.bmp,70
42528.bmp,71
42529.bmp,72
42530.bmp,73
42531.bmp,74
42532.bmp,75
42533.bmp,76
42534.bmp,77
42535.bmp,78
42536.bmp,79
42537.bmp,80
42538.bmp,81
42539.bmp,82
42540.bmp,83
42541.bmp,84
42542.bmp,85
42543.bmp,86
42544.bmp,87
42545.bmp,88
42546.bmp,89
42547.bmp,90
42548.bmp,91
42549.bmp,92
42550.bmp,93
42551.bmp,94
42552.bmp,95
42553.bmp,96
42554.bmp,97
42555.bmp,98
42556.bmp,99
42557.bmp,100
42558.bmp,101
42559.bmp,102
42560.bmp,103
42561.bmp,104
42562.bmp,105
42563.bmp,106
42564.bmp,107
42565.bmp,108
42566.bmp,109
42567.bmp,110
42568.bmp,111
42569.bmp,112
42570.bmp,113
42571.bmp,114
42572.bmp,115
42573.bmp,116
42574.bmp,117
42575.bmp,118
42576.bmp,119
42577.bmp,120
42578.bmp,121
42579.bmp,122
42580.bmp,123
42581.bmp,124
42582.bmp,125
42583.bmp,126
42584.bmp,127
42585.bmp,128
42586.bmp,129
42587.bmp,130
42588.bmp,131
42589.bmp,132
42590.bmp,133
42591.bmp,134
42592.bmp,135
42593.bmp,136
42594.bmp,137
42595.bmp,138
42596.bmp,139
42597.bmp,140
42598.bmp,141
42599.bmp,142
42600.bmp,143
42601.bmp,144
42602.bmp,145
42603.bmp,146
42604.bmp,147
42605.bmp,148
42606.bmp,149
42607.bmp,150
42608.bmp,151
42609.bmp,152
42610.bmp,153
42611.bmp,154
42612.bmp,155
42613.bmp,80
42614.bmp,0
42615.bmp,1
42616.bmp,2
42617.bmp,3
42618.bmp,4
42619.bmp,5
42620.bmp,6
42621.bmp,7
42622.bmp,8
42623.bmp,9
42624.bmp,10
42625.bmp,11
42626.bmp,12
42627.bmp,13
42628.bmp,14
42629.bmp,15
42630.bmp,16
42631.bmp,17
42632.bmp,18
42633.bmp,19
42634.bmp,20
42635.bmp,21
42636.bmp,22
42637.bmp,23
42638.bmp,24
42639.bmp,25
42640.bmp,26
42641.bmp,27
42642.bmp,28
42643.bmp,29
42644.bmp,30
42645.bmp,31
42646.bmp,32
42647.bmp,33
42648.bmp,34
42649.bmp,35
42650.bmp,36
42651.bmp,37
42652.bmp,38
42653.bmp,39
42654.bmp,40
42655.bmp,41
42656.bmp,42
42657.bmp,43
42658.bmp,44
42659.bmp,45
42660.bmp,46
42661.bmp,47
42662.bmp,48
42663.bmp,49
42664.bmp,50
42665.bmp,51
42666.bmp,52
42667.bmp,53
42668.bmp,54
42669.bmp,55
42670.bmp,56
42671.bmp,57
42672.bmp,58
42673.bmp,59
42674.bmp,60
42675.bmp,61
42676.bmp,62
42677.bmp,63
42678.bmp,64
42679.bmp,65
42680.bmp,66
42681.bmp,67
42682.bmp,68
42683.bmp,69
42684.bmp,70
42685.bmp,71
42686.bmp,72
42687.bmp,73
42688.bmp,74
42689.bmp,75
42690.bmp,76
42691.bmp,77
42692.bmp,78
42693.bmp,79
42694.bmp,80
42695.bmp,81
42696.bmp,82
42697.bmp,83
42698.bmp,84
42699.bmp,85
42700.bmp,86
42701.bmp,87
42702.bmp,88
42703.bmp,89
42704.bmp,90
42705.bmp,91
42706.bmp,92
42707.bmp,93
42708.bmp,94
42709.bmp,95
42710.bmp,96
42711.bmp,97
42712.bmp,98
42713.bmp,99
42714.bmp,100
42715.bmp,101
42716.bmp,102
42717.bmp,103
42718.bmp,104
42719.bmp,105
42720.bmp,106
42721.bmp,107
42722.bmp,108
42723.bmp,109
42724.bmp,110
42725.bmp,111
42726.bmp,112
42727.bmp,113
42728.bmp,114
42729.bmp,115
42730.bmp,116
42731.bmp,117
42732.bmp,118
42733.bmp,119
42734.bmp,120
42735.bmp,121
42736.bmp,122
42737.bmp,123
42738.bmp,124
42739.bmp,125
42740.bmp,126
42741.bmp,127
42742.bmp,128
42743.bmp,129
42744.bmp,130
42745.bmp,131
42746.bmp,132
42747.bmp,133
42748.bmp,134
42749.bmp,135
42750.bmp,136
42751.bmp,137
42752.bmp,138
42753.bmp,139
42754.bmp,140
42755.bmp,141
42756.bmp,142
42757.bmp,143
42758.bmp,144
42759.bmp,145
42760.bmp,146
42761.bmp,147
42762.bmp,148
42763.bmp,149
42764.bmp,150
42765.bmp,151
42766.bmp,152
42767.bmp,153
42768.bmp,154
42769.bmp,155
42770.bmp,80
42771.bmp,0
42772.bmp,1
42773.bmp,2
42774.bmp,3
42775.bmp,4
42776.bmp,5
42777.bmp,6
42778.bmp,7
42779.bmp,8
42780.bmp,9
42781.bmp,10
42782.bmp,11
42783.bmp,12
42784.bmp,13
42785.bmp,14
42786.bmp,15
42787.bmp,16
42788.bmp,17
42789.bmp,18
42790.bmp,19
42791.bmp,20
42792.bmp,21
42793.bmp,22
42794.bmp,23
42795.bmp,24
42796.bmp,25
42797.bmp,26
42798.bmp,27
42799.bmp,28
42800.bmp,29
42801.bmp,30
42802.bmp,31
42803.bmp,32
42804.bmp,33
42805.bmp,34
42806.bmp,35
42807.bmp,36
42808.bmp,37
42809.bmp,38
42810.bmp,39
42811.bmp,40
42812.bmp,41
42813.bmp,42
42814.bmp,43
42815.bmp,44
42816.bmp,45
42817.bmp,46
42818.bmp,47
42819.bmp,48
42820.bmp,49
42821.bmp,50
42822.bmp,51
42823.bmp,52
42824.bmp,53
42825.bmp,54
42826.bmp,55
42827.bmp,56
42828.bmp,57
42829.bmp,58
42830.bmp,59
42831.bmp,60
42832.bmp,61
42833.bmp,62
42834.bmp,63
42835.bmp,64
42836.bmp,65
42837.bmp,66
42838.bmp,67
42839.bmp,68
42840.bmp,69
42841.bmp,70
42842.bmp,71
42843.bmp,72
42844.bmp,73
42845.bmp,74
42846.bmp,75
42847.bmp,76
42848.bmp,77
42849.bmp,78
42850.bmp,79
42851.bmp,80
42852.bmp,81
42853.bmp,82
42854.bmp,83
42855.bmp,84
42856.bmp,85
42857.bmp,86
42858.bmp,87
42859.bmp,88
42860.bmp,89
42861.bmp,90
42862.bmp,91
42863.bmp,92
42864.bmp,93
42865.bmp,94
42866.bmp,95
42867.bmp,96
42868.bmp,97
42869.bmp,98
42870.bmp,99
42871.bmp,100
42872.bmp,101
42873.bmp,102
42874.bmp,103
42875.bmp,104
42876.bmp,105
42877.bmp,106
42878.bmp,107
42879.bmp,108
42880.bmp,109
42881.bmp,110
42882.bmp,111
42883.bmp,112
42884.bmp,113
42885.bmp,114
42886.bmp,115
42887.bmp,116
42888.bmp,117
42889.bmp,118
42890.bmp,119
42891.bmp,120
42892.bmp,121
42893.bmp,122
42894.bmp,123
42895.bmp,124
42896.bmp,125
42897.bmp,126
42898.bmp,127
42899.bmp,128
42900.bmp,129
42901.bmp,130
42902.bmp,131
42903.bmp,132
42904.bmp,133
42905.bmp,134
42906.bmp,135
42907.bmp,136
42908.bmp,137
42909.bmp,138
42910.bmp,139
42911.bmp,140
42912.bmp,141
42913.bmp,142
42914.bmp,143
42915.bmp,144
42916.bmp,145
42917.bmp,146
42918.bmp,147
42919.bmp,148
42920.bmp,149
42921.bmp,150
42922.bmp,151
42923.bmp,152
42924.bmp,153
42925.bmp,154
42926.bmp,155
42927.bmp,80
42928.bmp,0
42929.bmp,1
42930.bmp,2
42931.bmp,3
42932.bmp,4
42933.bmp,5
42934.bmp,6
42935.bmp,7
42936.bmp,8
42937.bmp,9
42938.bmp,10
42939.bmp,11
42940.bmp,12
42941.bmp,13
42942.bmp,14
42943.bmp,15
42944.bmp,16
42945.bmp,17
42946.bmp,18
42947.bmp,19
42948.bmp,20
42949.bmp,21
42950.bmp,22
42951.bmp,23
42952.bmp,24
42953.bmp,25
42954.bmp,26
42955.bmp,27
42956.bmp,28
42957.bmp,29
42958.bmp,30
42959.bmp,31
42960.bmp,32
42961.bmp,33
42962.bmp,34
42963.bmp,35
42964.bmp,36
42965.bmp,37
42966.bmp,38
42967.bmp,39
42968.bmp,40
42969.bmp,41
42970.bmp,42
42971.bmp,43
42972.bmp,44
42973.bmp,45
42974.bmp,46
42975.bmp,47
42976.bmp,48
42977.bmp,49
42978.bmp,50
42979.bmp,51
42980.bmp,52
42981.bmp,53
42982.bmp,54
42983.bmp,55
42984.bmp,56
42985.bmp,57
42986.bmp,58
42987.bmp,59
42988.bmp,60
42989.bmp,61
42990.bmp,62
42991.bmp,63
42992.bmp,64
42993.bmp,65
42994.bmp,66
42995.bmp,67
42996.bmp,68
42997.bmp,69
42998.bmp,70
42999.bmp,71
43000.bmp,72
43001.bmp,73
43002.bmp,74
43003.bmp,75
43004.bmp,76
43005.bmp,77
43006.bmp,78
43007.bmp,79
43008.bmp,80
43009.bmp,81
43010.bmp,82
43011.bmp,83
43012.bmp,84
43013.bmp,85
43014.bmp,86
43015.bmp,87
43016.bmp,88
43017.bmp,89
43018.bmp,90
43019.bmp,91
43020.bmp,92
43021.bmp,93
43022.bmp,94
43023.bmp,95
43024.bmp,96
43025.bmp,97
43026.bmp,98
43027.bmp,99
43028.bmp,100
43029.bmp,101
43030.bmp,102
43031.bmp,103
43032.bmp,104
43033.bmp,105
43034.bmp,106
43035.bmp,107
43036.bmp,108
43037.bmp,109
43038.bmp,110
43039.bmp,111
43040.bmp,112
43041.bmp,113
43042.bmp,114
43043.bmp,115
43044.bmp,116
43045.bmp,117
43046.bmp,118
43047.bmp,119
43048.bmp,120
43049.bmp,121
43050.bmp,122
43051.bmp,123
43052.bmp,124
43053.bmp,125
43054.bmp,126
43055.bmp,127
43056.bmp,128
43057.bmp,129
43058.bmp,130
43059.bmp,131
43060.bmp,132
43061.bmp,133
43062.bmp,134
43063.bmp,135
43064.bmp,136
43065.bmp,137
43066.bmp,138
43067.bmp,139
43068.bmp,140
43069.bmp,141
43070.bmp,142
43071.bmp,143
43072.bmp,144
43073.bmp,145
43074.bmp,146
43075.bmp,147
43076.bmp,148
43077.bmp,149
43078.bmp,150
43079.bmp,151
43080.bmp,152
43081.bmp,153
43082.bmp,154
43083.bmp,155
43084.bmp,80
43085.bmp,0
43086.bmp,1
43087.bmp,2
43088.bmp,3
43089.bmp,4
43090.bmp,5
43091.bmp,6
43092.bmp,7
43093.bmp,8
43094.bmp,9
43095.bmp,10
43096.bmp,11
43097.bmp,12
43098.bmp,13
43099.bmp,14
43100.bmp,15
43101.bmp,16
43102.bmp,17
43103.bmp,18
43104.bmp,19
43105.bmp,20
43106.bmp,21
43107.bmp,22
43108.bmp,23
43109.bmp,24
43110.bmp,25
43111.bmp,26
43112.bmp,27
43113.bmp,28
43114.bmp,29
43115.bmp,30
43116.bmp,31
43117.bmp,32
43118.bmp,33
43119.bmp,34
43120.bmp,35
43121.bmp,36
43122.bmp,37
43123.bmp,38
43124.bmp,39
43125.bmp,40
43126.bmp,41
43127.bmp,42
43128.bmp,43
43129.bmp,44
43130.bmp,45
43131.bmp,46
43132.bmp,47
43133.bmp,48
43134.bmp,49
43135.bmp,50
43136.bmp,51
43137.bmp,52
43138.bmp,53
43139.bmp,54
43140.bmp,55
43141.bmp,56
43142.bmp,57
43143.bmp,58
43144.bmp,59
43145.bmp,60
43146.bmp,61
43147.bmp,62
43148.bmp,63
43149.bmp,64
43150.bmp,65
43151.bmp,66
43152.bmp,67
43153.bmp,68
43154.bmp,69
43155.bmp,70
43156.bmp,71
43157.bmp,72
43158.bmp,73
43159.bmp,74
43160.bmp,75
43161.bmp,76
43162.bmp,77
43163.bmp,78
43164.bmp,79
43165.bmp,80
43166.bmp,81
43167.bmp,82
43168.bmp,83
43169.bmp,84
43170.bmp,85
43171.bmp,86
43172.bmp,87
43173.bmp,88
43174.bmp,89
43175.bmp,90
43176.bmp,91
43177.bmp,92
43178.bmp,93
43179.bmp,94
43180.bmp,95
43181.bmp,96
43182.bmp,97
43183.bmp,98
43184.bmp,99
43185.bmp,100
43186.bmp,101
43187.bmp,102
43188.bmp,103
43189.bmp,104
43190.bmp,105
43191.bmp,106
43192.bmp,107
43193.bmp,108
43194.bmp,109
43195.bmp,110
43196.bmp,111
43197.bmp,112
43198.bmp,113
43199.bmp,114
43200.bmp,115
43201.bmp,116
43202.bmp,117
43203.bmp,118
43204.bmp,119
43205.bmp,120
43206.bmp,121
43207.bmp,122
43208.bmp,123
43209.bmp,124
43210.bmp,125
43211.bmp,126
43212.bmp,127
43213.bmp,128
43214.bmp,129
43215.bmp,130
43216.bmp,131
43217.bmp,132
43218.bmp,133
43219.bmp,134
43220.bmp,135
43221.bmp,136
43222.bmp,137
43223.bmp,138
43224.bmp,139
43225.bmp,140
43226.bmp,141
43227.bmp,142
43228.bmp,143
43229.bmp,144
43230.bmp,145
43231.bmp,146
43232.bmp,147
43233.bmp,148
43234.bmp,149
43235.bmp,150
43236.bmp,151
43237.bmp,152
43238.bmp,153
43239.bmp,154
43240.bmp,155
43241.bmp,80
43242.bmp,0
43243.bmp,1
43244.bmp,2
43245.bmp,3
43246.bmp,4
43247.bmp,5
43248.bmp,6
43249.bmp,7
43250.bmp,8
43251.bmp,9
43252.bmp,10
43253.bmp,11
43254.bmp,12
43255.bmp,13
43256.bmp,14
43257.bmp,15
43258.bmp,16
43259.bmp,17
43260.bmp,18
43261.bmp,19
43262.bmp,20
43263.bmp,21
43264.bmp,22
43265.bmp,23
43266.bmp,24
43267.bmp,25
43268.bmp,26
43269.bmp,27
43270.bmp,28
43271.bmp,29
43272.bmp,30
43273.bmp,31
43274.bmp,32
43275.bmp,33
43276.bmp,34
43277.bmp,35
43278.bmp,36
43279.bmp,37
43280.bmp,38
43281.bmp,39
43282.bmp,40
43283.bmp,41
43284.bmp,42
43285.bmp,43
43286.bmp,44
43287.bmp,45
43288.bmp,46
43289.bmp,47
43290.bmp,48
43291.bmp,49
43292.bmp,50
43293.bmp,51
43294.bmp,52
43295.bmp,53
43296.bmp,54
43297.bmp,55
43298.bmp,56
43299.bmp,57
43300.bmp,58
43301.bmp,59
43302.bmp,60
43303.bmp,61
43304.bmp,62
43305.bmp,63
43306.bmp,64
43307.bmp,65
43308.bmp,66
43309.bmp,67
43310.bmp,68
43311.bmp,69
43312.bmp,70
43313.bmp,71
43314.bmp,72
43315.bmp,73
43316.bmp,74
43317.bmp,75
43318.bmp,76
43319.bmp,77
43320.bmp,78
43321.bmp,79
43322.bmp,80
43323.bmp,81
43324.bmp,82
43325.bmp,83
43326.bmp,84
43327.bmp,85
43328.bmp,86
43329.bmp,87
43330.bmp,88
43331.bmp,89
43332.bmp,90
43333.bmp,91
43334.bmp,92
43335.bmp,93
43336.bmp,94
43337.bmp,95
43338.bmp,96
43339.bmp,97
43340.bmp,98
43341.bmp,99
43342.bmp,100
43343.bmp,101
43344.bmp,102
43345.bmp,103
43346.bmp,104
43347.bmp,105
43348.bmp,106
43349.bmp,107
43350.bmp,108
43351.bmp,109
43352.bmp,110
43353.bmp,111
43354.bmp,112
43355.bmp,113
43356.bmp,114
43357.bmp,115
43358.bmp,116
43359.bmp,117
43360.bmp,118
43361.bmp,119
43362.bmp,120
43363.bmp,121
43364.bmp,122
43365.bmp,123
43366.bmp,124
43367.bmp,125
43368.bmp,126
43369.bmp,127
43370.bmp,128
43371.bmp,129
43372.bmp,130
43373.bmp,131
43374.bmp,132
43375.bmp,133
43376.bmp,134
43377.bmp,135
43378.bmp,136
43379.bmp,137
43380.bmp,138
43381.bmp,139
43382.bmp,140
43383.bmp,141
43384.bmp,142
43385.bmp,143
43386.bmp,144
43387.bmp,145
43388.bmp,146
43389.bmp,147
43390.bmp,148
43391.bmp,149
43392.bmp,150
43393.bmp,151
43394.bmp,152
43395.bmp,153
43396.bmp,154
43397.bmp,155
43398.bmp,80
43399.bmp,0
43400.bmp,1
43401.bmp,2
43402.bmp,3
43403.bmp,4
43404.bmp,5
43405.bmp,6
43406.bmp,7
43407.bmp,8
43408.bmp,9
43409.bmp,10
43410.bmp,11
43411.bmp,12
43412.bmp,13
43413.bmp,14
43414.bmp,15
43415.bmp,16
43416.bmp,17
43417.bmp,18
43418.bmp,19
43419.bmp,20
43420.bmp,21
43421.bmp,22
43422.bmp,23
43423.bmp,24
43424.bmp,25
43425.bmp,26
43426.bmp,27
43427.bmp,28
43428.bmp,29
43429.bmp,30
43430.bmp,31
43431.bmp,32
43432.bmp,33
43433.bmp,34
43434.bmp,35
43435.bmp,36
43436.bmp,37
43437.bmp,38
43438.bmp,39
43439.bmp,40
43440.bmp,41
43441.bmp,42
43442.bmp,43
43443.bmp,44
43444.bmp,45
43445.bmp,46
43446.bmp,47
43447.bmp,48
43448.bmp,49
43449.bmp,50
43450.bmp,51
43451.bmp,52
43452.bmp,53
43453.bmp,54
43454.bmp,55
43455.bmp,56
43456.bmp,57
43457.bmp,58
43458.bmp,59
43459.bmp,60
43460.bmp,61
43461.bmp,62
43462.bmp,63
43463.bmp,64
43464.bmp,65
43465.bmp,66
43466.bmp,67
43467.bmp,68
43468.bmp,69
43469.bmp,70
43470.bmp,71
43471.bmp,72
43472.bmp,73
43473.bmp,74
43474.bmp,75
43475.bmp,76
43476.bmp,77
43477.bmp,78
43478.bmp,79
43479.bmp,80
43480.bmp,81
43481.bmp,82
43482.bmp,83
43483.bmp,84
43484.bmp,85
43485.bmp,86
43486.bmp,87
43487.bmp,88
43488.bmp,89
43489.bmp,90
43490.bmp,91
43491.bmp,92
43492.bmp,93
43493.bmp,94
43494.bmp,95
43495.bmp,96
43496.bmp,97
43497.bmp,98
43498.bmp,99
43499.bmp,100
43500.bmp,101
43501.bmp,102
43502.bmp,103
43503.bmp,104
43504.bmp,105
43505.bmp,106
43506.bmp,107
43507.bmp,108
43508.bmp,109
43509.bmp,110
43510.bmp,111
43511.bmp,112
43512.bmp,113
43513.bmp,114
43514.bmp,115
43515.bmp,116
43516.bmp,117
43517.bmp,118
43518.bmp,119
43519.bmp,120
43520.bmp,121
43521.bmp,122
43522.bmp,123
43523.bmp,124
43524.bmp,125
43525.bmp,126
43526.bmp,127
43527.bmp,128
43528.bmp,129
43529.bmp,130
43530.bmp,131
43531.bmp,132
43532.bmp,133
43533.bmp,134
43534.bmp,135
43535.bmp,136
43536.bmp,137
43537.bmp,138
43538.bmp,139
43539.bmp,140
43540.bmp,141
43541.bmp,142
43542.bmp,143
43543.bmp,144
43544.bmp,145
43545.bmp,146
43546.bmp,147
43547.bmp,148
43548.bmp,149
43549.bmp,150
43550.bmp,151
43551.bmp,152
43552.bmp,153
43553.bmp,154
43554.bmp,155
43555.bmp,80
43556.bmp,0
43557.bmp,1
43558.bmp,2
43559.bmp,3
43560.bmp,4
43561.bmp,5
43562.bmp,6
43563.bmp,7
43564.bmp,8
43565.bmp,9
43566.bmp,10
43567.bmp,11
43568.bmp,12
43569.bmp,13
43570.bmp,14
43571.bmp,15
43572.bmp,16
43573.bmp,17
43574.bmp,18
43575.bmp,19
43576.bmp,20
43577.bmp,21
43578.bmp,22
43579.bmp,23
43580.bmp,24
43581.bmp,25
43582.bmp,26
43583.bmp,27
43584.bmp,28
43585.bmp,29
43586.bmp,30
43587.bmp,31
43588.bmp,32
43589.bmp,33
43590.bmp,34
43591.bmp,35
43592.bmp,36
43593.bmp,37
43594.bmp,38
43595.bmp,39
43596.bmp,40
43597.bmp,41
43598.bmp,42
43599.bmp,43
43600.bmp,44
43601.bmp,45
43602.bmp,46
43603.bmp,47
43604.bmp,48
43605.bmp,49
43606.bmp,50
43607.bmp,51
43608.bmp,52
43609.bmp,53
43610.bmp,54
43611.bmp,55
43612.bmp,56
43613.bmp,57
43614.bmp,58
43615.bmp,59
43616.bmp,60
43617.bmp,61
43618.bmp,62
43619.bmp,63
43620.bmp,64
43621.bmp,65
43622.bmp,66
43623.bmp,67
43624.bmp,68
43625.bmp,69
43626.bmp,70
43627.bmp,71
43628.bmp,72
43629.bmp,73
43630.bmp,74
43631.bmp,75
43632.bmp,76
43633.bmp,77
43634.bmp,78
43635.bmp,79
43636.bmp,80
43637.bmp,81
43638.bmp,82
43639.bmp,83
43640.bmp,84
43641.bmp,85
43642.bmp,86
43643.bmp,87
43644.bmp,88
43645.bmp,89
43646.bmp,90
43647.bmp,91
43648.bmp,92
43649.bmp,93
43650.bmp,94
43651.bmp,95
43652.bmp,96
43653.bmp,97
43654.bmp,98
43655.bmp,99
43656.bmp,100
43657.bmp,101
43658.bmp,102
43659.bmp,103
43660.bmp,104
43661.bmp,105
43662.bmp,106
43663.bmp,107
43664.bmp,108
43665.bmp,109
43666.bmp,110
43667.bmp,111
43668.bmp,112
43669.bmp,113
43670.bmp,114
43671.bmp,115
43672.bmp,116
43673.bmp,117
43674.bmp,118
43675.bmp,119
43676.bmp,120
43677.bmp,121
43678.bmp,122
43679.bmp,123
43680.bmp,124
43681.bmp,125
43682.bmp,126
43683.bmp,127
43684.bmp,128
43685.bmp,129
43686.bmp,130
43687.bmp,131
43688.bmp,132
43689.bmp,133
43690.bmp,134
43691.bmp,135
43692.bmp,136
43693.bmp,137
43694.bmp,138
43695.bmp,139
43696.bmp,140
43697.bmp,141
43698.bmp,142
43699.bmp,143
43700.bmp,144
43701.bmp,145
43702.bmp,146
43703.bmp,147
43704.bmp,148
43705.bmp,149
43706.bmp,150
43707.bmp,151
43708.bmp,152
43709.bmp,153
43710.bmp,154
43711.bmp,155
43712.bmp,80
43713.bmp,0
43714.bmp,1
43715.bmp,2
43716.bmp,3
43717.bmp,4
43718.bmp,5
43719.bmp,6
43720.bmp,7
43721.bmp,8
43722.bmp,9
43723.bmp,10
43724.bmp,11
43725.bmp,12
43726.bmp,13
43727.bmp,14
43728.bmp,15
43729.bmp,16
43730.bmp,17
43731.bmp,18
43732.bmp,19
43733.bmp,20
43734.bmp,21
43735.bmp,22
43736.bmp,23
43737.bmp,24
43738.bmp,25
43739.bmp,26
43740.bmp,27
43741.bmp,28
43742.bmp,29
43743.bmp,30
43744.bmp,31
43745.bmp,32
43746.bmp,33
43747.bmp,34
43748.bmp,35
43749.bmp,36
43750.bmp,37
43751.bmp,38
43752.bmp,39
43753.bmp,40
43754.bmp,41
43755.bmp,42
43756.bmp,43
43757.bmp,44
43758.bmp,45
43759.bmp,46
43760.bmp,47
43761.bmp,48
43762.bmp,49
43763.bmp,50
43764.bmp,51
43765.bmp,52
43766.bmp,53
43767.bmp,54
43768.bmp,55
43769.bmp,56
43770.bmp,57
43771.bmp,58
43772.bmp,59
43773.bmp,60
43774.bmp,61
43775.bmp,62
43776.bmp,63
43777.bmp,64
43778.bmp,65
43779.bmp,66
43780.bmp,67
43781.bmp,68
43782.bmp,69
43783.bmp,70
43784.bmp,71
43785.bmp,72
43786.bmp,73
43787.bmp,74
43788.bmp,75
43789.bmp,76
43790.bmp,77
43791.bmp,78
43792.bmp,79
43793.bmp,80
43794.bmp,81
43795.bmp,82
43796.bmp,83
43797.bmp,84
43798.bmp,85
43799.bmp,86
43800.bmp,87
43801.bmp,88
43802.bmp,89
43803.bmp,90
43804.bmp,91
43805.bmp,92
43806.bmp,93
43807.bmp,94
43808.bmp,95
43809.bmp,96
43810.bmp,97
43811.bmp,98
43812.bmp,99
43813.bmp,100
43814.bmp,101
43815.bmp,102
43816.bmp,103
43817.bmp,104
43818.bmp,105
43819.bmp,106
43820.bmp,107
43821.bmp,108
43822.bmp,109
43823.bmp,110
43824.bmp,111
43825.bmp,112
43826.bmp,113
43827.bmp,114
43828.bmp,115
43829.bmp,116
43830.bmp,117
43831.bmp,118
43832.bmp,119
43833.bmp,120
43834.bmp,121
43835.bmp,122
43836.bmp,123
43837.bmp,124
43838.bmp,125
43839.bmp,126
43840.bmp,127
43841.bmp,128
43842.bmp,129
43843.bmp,130
43844.bmp,131
43845.bmp,132
43846.bmp,133
43847.bmp,134
43848.bmp,135
43849.bmp,136
43850.bmp,137
43851.bmp,138
43852.bmp,139
43853.bmp,140
43854.bmp,141
43855.bmp,142
43856.bmp,143
43857.bmp,144
43858.bmp,145
43859.bmp,146
43860.bmp,147
43861.bmp,148
43862.bmp,149
43863.bmp,150
43864.bmp,151
43865.bmp,152
43866.bmp,153
43867.bmp,154
43868.bmp,155
43869.bmp,80
43870.bmp,0
43871.bmp,1
43872.bmp,2
43873.bmp,3
43874.bmp,4
43875.bmp,5
43876.bmp,6
43877.bmp,7
43878.bmp,8
43879.bmp,9
43880.bmp,10
43881.bmp,11
43882.bmp,12
43883.bmp,13
43884.bmp,14
43885.bmp,15
43886.bmp,16
43887.bmp,17
43888.bmp,18
43889.bmp,19
43890.bmp,20
43891.bmp,21
43892.bmp,22
43893.bmp,23
43894.bmp,24
43895.bmp,25
43896.bmp,26
43897.bmp,27
43898.bmp,28
43899.bmp,29
43900.bmp,30
43901.bmp,31
43902.bmp,32
43903.bmp,33
43904.bmp,34
43905.bmp,35
43906.bmp,36
43907.bmp,37
43908.bmp,38
43909.bmp,39
43910.bmp,40
43911.bmp,41
43912.bmp,42
43913.bmp,43
43914.bmp,44
43915.bmp,45
43916.bmp,46
43917.bmp,47
43918.bmp,48
43919.bmp,49
43920.bmp,50
43921.bmp,51
43922.bmp,52
43923.bmp,53
43924.bmp,54
43925.bmp,55
43926.bmp,56
43927.bmp,57
43928.bmp,58
43929.bmp,59
43930.bmp,60
43931.bmp,61
43932.bmp,62
43933.bmp,63
43934.bmp,64
43935.bmp,65
43936.bmp,66
43937.bmp,67
43938.bmp,68
43939.bmp,69
43940.bmp,70
43941.bmp,71
43942.bmp,72
43943.bmp,73
43944.bmp,74
43945.bmp,75
43946.bmp,76
43947.bmp,77
43948.bmp,78
43949.bmp,79
43950.bmp,80
43951.bmp,81
43952.bmp,82
43953.bmp,83
43954.bmp,84
43955.bmp,85
43956.bmp,86
43957.bmp,87
43958.bmp,88
43959.bmp,89
43960.bmp,90
43961.bmp,91
43962.bmp,92
43963.bmp,93
43964.bmp,94
43965.bmp,95
43966.bmp,96
43967.bmp,97
43968.bmp,98
43969.bmp,99
43970.bmp,100
43971.bmp,101
43972.bmp,102
43973.bmp,103
43974.bmp,104
43975.bmp,105
43976.bmp,106
43977.bmp,107
43978.bmp,108
43979.bmp,109
43980.bmp,110
43981.bmp,111
43982.bmp,112
43983.bmp,113
43984.bmp,114
43985.bmp,115
43986.bmp,116
43987.bmp,117
43988.bmp,118
43989.bmp,119
43990.bmp,120
43991.bmp,121
43992.bmp,122
43993.bmp,123
43994.bmp,124
43995.bmp,125
43996.bmp,126
43997.bmp,127
43998.bmp,128
43999.bmp,129
44000.bmp,130
44001.bmp,131
44002.bmp,132
44003.bmp,133
44004.bmp,134
44005.bmp,135
44006.bmp,136
44007.bmp,137
44008.bmp,138
44009.bmp,139
44010.bmp,140
44011.bmp,141
44012.bmp,142
44013.bmp,143
44014.bmp,144
44015.bmp,145
44016.bmp,146
44017.bmp,147
44018.bmp,148
44019.bmp,149
44020.bmp,150
44021.bmp,151
44022.bmp,152
44023.bmp,153
44024.bmp,154
44025.bmp,155
44026.bmp,80
44027.bmp,0
44028.bmp,1
44029.bmp,2
44030.bmp,3
44031.bmp,4
44032.bmp,5
44033.bmp,6
44034.bmp,7
44035.bmp,8
44036.bmp,9
44037.bmp,10
44038.bmp,11
44039.bmp,12
44040.bmp,13
44041.bmp,14
44042.bmp,15
44043.bmp,16
44044.bmp,17
44045.bmp,18
44046.bmp,19
44047.bmp,20
44048.bmp,21
44049.bmp,22
44050.bmp,23
44051.bmp,24
44052.bmp,25
44053.bmp,26
44054.bmp,27
44055.bmp,28
44056.bmp,29
44057.bmp,30
44058.bmp,31
44059.bmp,32
44060.bmp,33
44061.bmp,34
44062.bmp,35
44063.bmp,36
44064.bmp,37
44065.bmp,38
44066.bmp,39
44067.bmp,40
44068.bmp,41
44069.bmp,42
44070.bmp,43
44071.bmp,44
44072.bmp,45
44073.bmp,46
44074.bmp,47
44075.bmp,48
44076.bmp,49
44077.bmp,50
44078.bmp,51
44079.bmp,52
44080.bmp,53
44081.bmp,54
44082.bmp,55
44083.bmp,56
44084.bmp,57
44085.bmp,58
44086.bmp,59
44087.bmp,60
44088.bmp,61
44089.bmp,62
44090.bmp,63
44091.bmp,64
44092.bmp,65
44093.bmp,66
44094.bmp,67
44095.bmp,68
44096.bmp,69
44097.bmp,70
44098.bmp,71
44099.bmp,72
44100.bmp,73
44101.bmp,74
44102.bmp,75
44103.bmp,76
44104.bmp,77
44105.bmp,78
44106.bmp,79
44107.bmp,80
44108.bmp,81
44109.bmp,82
44110.bmp,83
44111.bmp,84
44112.bmp,85
44113.bmp,86
44114.bmp,87
44115.bmp,88
44116.bmp,89
44117.bmp,90
44118.bmp,91
44119.bmp,92
44120.bmp,93
44121.bmp,94
44122.bmp,95
44123.bmp,96
44124.bmp,97
44125.bmp,98
44126.bmp,99
44127.bmp,100
44128.bmp,101
44129.bmp,102
44130.bmp,103
44131.bmp,104
44132.bmp,105
44133.bmp,106
44134.bmp,107
44135.bmp,108
44136.bmp,109
44137.bmp,110
44138.bmp,111
44139.bmp,112
44140.bmp,113
44141.bmp,114
44142.bmp,115
44143.bmp,116
44144.bmp,117
44145.bmp,118
44146.bmp,119
44147.bmp,120
44148.bmp,121
44149.bmp,122
44150.bmp,123
44151.bmp,124
44152.bmp,125
44153.bmp,126
44154.bmp,127
44155.bmp,128
44156.bmp,129
44157.bmp,130
44158.bmp,131
44159.bmp,132
44160.bmp,133
44161.bmp,134
44162.bmp,135
44163.bmp,136
44164.bmp,137
44165.bmp,138
44166.bmp,139
44167.bmp,140
44168.bmp,141
44169.bmp,142
44170.bmp,143
44171.bmp,144
44172.bmp,145
44173.bmp,146
44174.bmp,147
44175.bmp,148
44176.bmp,149
44177.bmp,150
44178.bmp,151
44179.bmp,152
44180.bmp,153
44181.bmp,154
44182.bmp,155
44183.bmp,80
44184.bmp,0
44185.bmp,1
44186.bmp,2
44187.bmp,3
44188.bmp,4
44189.bmp,5
44190.bmp,6
44191.bmp,7
44192.bmp,8
44193.bmp,9
44194.bmp,10
44195.bmp,11
44196.bmp,12
44197.bmp,13
44198.bmp,14
44199.bmp,15
44200.bmp,16
44201.bmp,17
44202.bmp,18
44203.bmp,19
44204.bmp,20
44205.bmp,21
44206.bmp,22
44207.bmp,23
44208.bmp,24
44209.bmp,25
44210.bmp,26
44211.bmp,27
44212.bmp,28
44213.bmp,29
44214.bmp,30
44215.bmp,31
44216.bmp,32
44217.bmp,33
44218.bmp,34
44219.bmp,35
44220.bmp,36
44221.bmp,37
44222.bmp,38
44223.bmp,39
44224.bmp,40
44225.bmp,41
44226.bmp,42
44227.bmp,43
44228.bmp,44
44229.bmp,45
44230.bmp,46
44231.bmp,47
44232.bmp,48
44233.bmp,49
44234.bmp,50
44235.bmp,51
44236.bmp,52
44237.bmp,53
44238.bmp,54
44239.bmp,55
44240.bmp,56
44241.bmp,57
44242.bmp,58
44243.bmp,59
44244.bmp,60
44245.bmp,61
44246.bmp,62
44247.bmp,63
44248.bmp,64
44249.bmp,65
44250.bmp,66
44251.bmp,67
44252.bmp,68
44253.bmp,69
44254.bmp,70
44255.bmp,71
44256.bmp,72
44257.bmp,73
44258.bmp,74
44259.bmp,75
44260.bmp,76
44261.bmp,77
44262.bmp,78
44263.bmp,79
44264.bmp,80
44265.bmp,81
44266.bmp,82
44267.bmp,83
44268.bmp,84
44269.bmp,85
44270.bmp,86
44271.bmp,87
44272.bmp,88
44273.bmp,89
44274.bmp,90
44275.bmp,91
44276.bmp,92
44277.bmp,93
44278.bmp,94
44279.bmp,95
44280.bmp,96
44281.bmp,97
44282.bmp,98
44283.bmp,99
44284.bmp,100
44285.bmp,101
44286.bmp,102
44287.bmp,103
44288.bmp,104
44289.bmp,105
44290.bmp,106
44291.bmp,107
44292.bmp,108
44293.bmp,109
44294.bmp,110
44295.bmp,111
44296.bmp,112
44297.bmp,113
44298.bmp,114
44299.bmp,115
44300.bmp,116
44301.bmp,117
44302.bmp,118
44303.bmp,119
44304.bmp,120
44305.bmp,121
44306.bmp,122
44307.bmp,123
44308.bmp,124
44309.bmp,125
44310.bmp,126
44311.bmp,127
44312.bmp,128
44313.bmp,129
44314.bmp,130
44315.bmp,131
44316.bmp,132
44317.bmp,133
44318.bmp,134
44319.bmp,135
44320.bmp,136
44321.bmp,137
44322.bmp,138
44323.bmp,139
44324.bmp,140
44325.bmp,141
44326.bmp,142
44327.bmp,143
44328.bmp,144
44329.bmp,145
44330.bmp,146
44331.bmp,147
44332.bmp,148
44333.bmp,149
44334.bmp,150
44335.bmp,151
44336.bmp,152
44337.bmp,153
44338.bmp,154
44339.bmp,155
44340.bmp,80
44341.bmp,0
44342.bmp,1
44343.bmp,2
44344.bmp,3
44345.bmp,4
44346.bmp,5
44347.bmp,6
44348.bmp,7
44349.bmp,8
44350.bmp,9
44351.bmp,10
44352.bmp,11
44353.bmp,12
44354.bmp,13
44355.bmp,14
44356.bmp,15
44357.bmp,16
44358.bmp,17
44359.bmp,18
44360.bmp,19
44361.bmp,20
44362.bmp,21
44363.bmp,22
44364.bmp,23
44365.bmp,24
44366.bmp,25
44367.bmp,26
44368.bmp,27
44369.bmp,28
44370.bmp,29
44371.bmp,30
44372.bmp,31
44373.bmp,32
44374.bmp,33
44375.bmp,34
44376.bmp,35
44377.bmp,36
44378.bmp,37
44379.bmp,38
44380.bmp,39
44381.bmp,40
44382.bmp,41
44383.bmp,42
44384.bmp,43
44385.bmp,44
44386.bmp,45
44387.bmp,46
44388.bmp,47
44389.bmp,48
44390.bmp,49
44391.bmp,50
44392.bmp,51
44393.bmp,52
44394.bmp,53
44395.bmp,54
44396.bmp,55
44397.bmp,56
44398.bmp,57
44399.bmp,58
44400.bmp,59
44401.bmp,60
44402.bmp,61
44403.bmp,62
44404.bmp,63
44405.bmp,64
44406.bmp,65
44407.bmp,66
44408.bmp,67
44409.bmp,68
44410.bmp,69
44411.bmp,70
44412.bmp,71
44413.bmp,72
44414.bmp,73
44415.bmp,74
44416.bmp,75
44417.bmp,76
44418.bmp,77
44419.bmp,78
44420.bmp,79
44421.bmp,80
44422.bmp,81
44423.bmp,82
44424.bmp,83
44425.bmp,84
44426.bmp,85
44427.bmp,86
44428.bmp,87
44429.bmp,88
44430.bmp,89
44431.bmp,90
44432.bmp,91
44433.bmp,92
44434.bmp,93
44435.bmp,94
44436.bmp,95
44437.bmp,96
44438.bmp,97
44439.bmp,98
44440.bmp,99
44441.bmp,100
44442.bmp,101
44443.bmp,102
44444.bmp,103
44445.bmp,104
44446.bmp,105
44447.bmp,106
44448.bmp,107
44449.bmp,108
44450.bmp,109
44451.bmp,110
44452.bmp,111
44453.bmp,112
44454.bmp,113
44455.bmp,114
44456.bmp,115
44457.bmp,116
44458.bmp,117
44459.bmp,118
44460.bmp,119
44461.bmp,120
44462.bmp,121
44463.bmp,122
44464.bmp,123
44465.bmp,124
44466.bmp,125
44467.bmp,126
44468.bmp,127
44469.bmp,128
44470.bmp,129
44471.bmp,130
44472.bmp,131
44473.bmp,132
44474.bmp,133
44475.bmp,134
44476.bmp,135
44477.bmp,136
44478.bmp,137
44479.bmp,138
44480.bmp,139
44481.bmp,140
44482.bmp,141
44483.bmp,142
44484.bmp,143
44485.bmp,144
44486.bmp,145
44487.bmp,146
44488.bmp,147
44489.bmp,148
44490.bmp,149
44491.bmp,150
44492.bmp,151
44493.bmp,152
44494.bmp,153
44495.bmp,154
44496.bmp,155
44497.bmp,80
44498.bmp,0
44499.bmp,1
44500.bmp,2
44501.bmp,3
44502.bmp,4
44503.bmp,5
44504.bmp,6
44505.bmp,7
44506.bmp,8
44507.bmp,9
44508.bmp,10
44509.bmp,11
44510.bmp,12
44511.bmp,13
44512.bmp,14
44513.bmp,15
44514.bmp,16
44515.bmp,17
44516.bmp,18
44517.bmp,19
44518.bmp,20
44519.bmp,21
44520.bmp,22
44521.bmp,23
44522.bmp,24
44523.bmp,25
44524.bmp,26
44525.bmp,27
44526.bmp,28
44527.bmp,29
44528.bmp,30
44529.bmp,31
44530.bmp,32
44531.bmp,33
44532.bmp,34
44533.bmp,35
44534.bmp,36
44535.bmp,37
44536.bmp,38
44537.bmp,39
44538.bmp,40
44539.bmp,41
44540.bmp,42
44541.bmp,43
44542.bmp,44
44543.bmp,45
44544.bmp,46
44545.bmp,47
44546.bmp,48
44547.bmp,49
44548.bmp,50
44549.bmp,51
44550.bmp,52
44551.bmp,53
44552.bmp,54
44553.bmp,55
44554.bmp,56
44555.bmp,57
44556.bmp,58
44557.bmp,59
44558.bmp,60
44559.bmp,61
44560.bmp,62
44561.bmp,63
44562.bmp,64
44563.bmp,65
44564.bmp,66
44565.bmp,67
44566.bmp,68
44567.bmp,69
44568.bmp,70
44569.bmp,71
44570.bmp,72
44571.bmp,73
44572.bmp,74
44573.bmp,75
44574.bmp,76
44575.bmp,77
44576.bmp,78
44577.bmp,79
44578.bmp,80
44579.bmp,81
44580.bmp,82
44581.bmp,83
44582.bmp,84
44583.bmp,85
44584.bmp,86
44585.bmp,87
44586.bmp,88
44587.bmp,89
44588.bmp,90
44589.bmp,91
44590.bmp,92
44591.bmp,93
44592.bmp,94
44593.bmp,95
44594.bmp,96
44595.bmp,97
44596.bmp,98
44597.bmp,99
44598.bmp,100
44599.bmp,101
44600.bmp,102
44601.bmp,103
44602.bmp,104
44603.bmp,105
44604.bmp,106
44605.bmp,107
44606.bmp,108
44607.bmp,109
44608.bmp,110
44609.bmp,111
44610.bmp,112
44611.bmp,113
44612.bmp,114
44613.bmp,115
44614.bmp,116
44615.bmp,117
44616.bmp,118
44617.bmp,119
44618.bmp,120
44619.bmp,121
44620.bmp,122
44621.bmp,123
44622.bmp,124
44623.bmp,125
44624.bmp,126
44625.bmp,127
44626.bmp,128
44627.bmp,129
44628.bmp,130
44629.bmp,131
44630.bmp,132
44631.bmp,133
44632.bmp,134
44633.bmp,135
44634.bmp,136
44635.bmp,137
44636.bmp,138
44637.bmp,139
44638.bmp,140
44639.bmp,141
44640.bmp,142
44641.bmp,143
44642.bmp,144
44643.bmp,145
44644.bmp,146
44645.bmp,147
44646.bmp,148
44647.bmp,149
44648.bmp,150
44649.bmp,151
44650.bmp,152
44651.bmp,153
44652.bmp,154
44653.bmp,155
44654.bmp,80
44655.bmp,0
44656.bmp,1
44657.bmp,2
44658.bmp,3
44659.bmp,4
44660.bmp,5
44661.bmp,6
44662.bmp,7
44663.bmp,8
44664.bmp,9
44665.bmp,10
44666.bmp,11
44667.bmp,12
44668.bmp,13
44669.bmp,14
44670.bmp,15
44671.bmp,16
44672.bmp,17
44673.bmp,18
44674.bmp,19
44675.bmp,20
44676.bmp,21
44677.bmp,22
44678.bmp,23
44679.bmp,24
44680.bmp,25
44681.bmp,26
44682.bmp,27
44683.bmp,28
44684.bmp,29
44685.bmp,30
44686.bmp,31
44687.bmp,32
44688.bmp,33
44689.bmp,34
44690.bmp,35
44691.bmp,36
44692.bmp,37
44693.bmp,38
44694.bmp,39
44695.bmp,40
44696.bmp,41
44697.bmp,42
44698.bmp,43
44699.bmp,44
44700.bmp,45
44701.bmp,46
44702.bmp,47
44703.bmp,48
44704.bmp,49
44705.bmp,50
44706.bmp,51
44707.bmp,52
44708.bmp,53
44709.bmp,54
44710.bmp,55
44711.bmp,56
44712.bmp,57
44713.bmp,58
44714.bmp,59
44715.bmp,60
44716.bmp,61
44717.bmp,62
44718.bmp,63
44719.bmp,64
44720.bmp,65
44721.bmp,66
44722.bmp,67
44723.bmp,68
44724.bmp,69
44725.bmp,70
44726.bmp,71
44727.bmp,72
44728.bmp,73
44729.bmp,74
44730.bmp,75
44731.bmp,76
44732.bmp,77
44733.bmp,78
44734.bmp,79
44735.bmp,80
44736.bmp,81
44737.bmp,82
44738.bmp,83
44739.bmp,84
44740.bmp,85
44741.bmp,86
44742.bmp,87
44743.bmp,88
44744.bmp,89
44745.bmp,90
44746.bmp,91
44747.bmp,92
44748.bmp,93
44749.bmp,94
44750.bmp,95
44751.bmp,96
44752.bmp,97
44753.bmp,98
44754.bmp,99
44755.bmp,100
44756.bmp,101
44757.bmp,102
44758.bmp,103
44759.bmp,104
44760.bmp,105
44761.bmp,106
44762.bmp,107
44763.bmp,108
44764.bmp,109
44765.bmp,110
44766.bmp,111
44767.bmp,112
44768.bmp,113
44769.bmp,114
44770.bmp,115
44771.bmp,116
44772.bmp,117
44773.bmp,118
44774.bmp,119
44775.bmp,120
44776.bmp,121
44777.bmp,122
44778.bmp,123
44779.bmp,124
44780.bmp,125
44781.bmp,126
44782.bmp,127
44783.bmp,128
44784.bmp,129
44785.bmp,130
44786.bmp,131
44787.bmp,132
44788.bmp,133
44789.bmp,134
44790.bmp,135
44791.bmp,136
44792.bmp,137
44793.bmp,138
44794.bmp,139
44795.bmp,140
44796.bmp,141
44797.bmp,142
44798.bmp,143
44799.bmp,144
44800.bmp,145
44801.bmp,146
44802.bmp,147
44803.bmp,148
44804.bmp,149
44805.bmp,150
44806.bmp,151
44807.bmp,152
44808.bmp,153
44809.bmp,154
44810.bmp,155
44811.bmp,80
44812.bmp,0
44813.bmp,1
44814.bmp,2
44815.bmp,3
44816.bmp,4
44817.bmp,5
44818.bmp,6
44819.bmp,7
44820.bmp,8
44821.bmp,9
44822.bmp,10
44823.bmp,11
44824.bmp,12
44825.bmp,13
44826.bmp,14
44827.bmp,15
44828.bmp,16
44829.bmp,17
44830.bmp,18
44831.bmp,19
44832.bmp,20
44833.bmp,21
44834.bmp,22
44835.bmp,23
44836.bmp,24
44837.bmp,25
44838.bmp,26
44839.bmp,27
44840.bmp,28
44841.bmp,29
44842.bmp,30
44843.bmp,31
44844.bmp,32
44845.bmp,33
44846.bmp,34
44847.bmp,35
44848.bmp,36
44849.bmp,37
44850.bmp,38
44851.bmp,39
44852.bmp,40
44853.bmp,41
44854.bmp,42
44855.bmp,43
44856.bmp,44
44857.bmp,45
44858.bmp,46
44859.bmp,47
44860.bmp,48
44861.bmp,49
44862.bmp,50
44863.bmp,51
44864.bmp,52
44865.bmp,53
44866.bmp,54
44867.bmp,55
44868.bmp,56
44869.bmp,57
44870.bmp,58
44871.bmp,59
44872.bmp,60
44873.bmp,61
44874.bmp,62
44875.bmp,63
44876.bmp,64
44877.bmp,65
44878.bmp,66
44879.bmp,67
44880.bmp,68
44881.bmp,69
44882.bmp,70
44883.bmp,71
44884.bmp,72
44885.bmp,73
44886.bmp,74
44887.bmp,75
44888.bmp,76
44889.bmp,77
44890.bmp,78
44891.bmp,79
44892.bmp,80
44893.bmp,81
44894.bmp,82
44895.bmp,83
44896.bmp,84
44897.bmp,85
44898.bmp,86
44899.bmp,87
44900.bmp,88
44901.bmp,89
44902.bmp,90
44903.bmp,91
44904.bmp,92
44905.bmp,93
44906.bmp,94
44907.bmp,95
44908.bmp,96
44909.bmp,97
44910.bmp,98
44911.bmp,99
44912.bmp,100
44913.bmp,101
44914.bmp,102
44915.bmp,103
44916.bmp,104
44917.bmp,105
44918.bmp,106
44919.bmp,107
44920.bmp,108
44921.bmp,109
44922.bmp,110
44923.bmp,111
44924.bmp,112
44925.bmp,113
44926.bmp,114
44927.bmp,115
44928.bmp,116
44929.bmp,117
44930.bmp,118
44931.bmp,119
44932.bmp,120
44933.bmp,121
44934.bmp,122
44935.bmp,123
44936.bmp,124
44937.bmp,125
44938.bmp,126
44939.bmp,127
44940.bmp,128
44941.bmp,129
44942.bmp,130
44943.bmp,131
44944.bmp,132
44945.bmp,133
44946.bmp,134
44947.bmp,135
44948.bmp,136
44949.bmp,137
44950.bmp,138
44951.bmp,139
44952.bmp,140
44953.bmp,141
44954.bmp,142
44955.bmp,143
44956.bmp,144
44957.bmp,145
44958.bmp,146
44959.bmp,147
44960.bmp,148
44961.bmp,149
44962.bmp,150
44963.bmp,151
44964.bmp,152
44965.bmp,153
44966.bmp,154
44967.bmp,155
44968.bmp,80
44969.bmp,0
44970.bmp,1
44971.bmp,2
44972.bmp,3
44973.bmp,4
44974.bmp,5
44975.bmp,6
44976.bmp,7
44977.bmp,8
44978.bmp,9
44979.bmp,10
44980.bmp,11
44981.bmp,12
44982.bmp,13
44983.bmp,14
44984.bmp,15
44985.bmp,16
44986.bmp,17
44987.bmp,18
44988.bmp,19
44989.bmp,20
44990.bmp,21
44991.bmp,22
44992.bmp,23
44993.bmp,24
44994.bmp,25
44995.bmp,26
44996.bmp,27
44997.bmp,28
44998.bmp,29
44999.bmp,30
45000.bmp,31
45001.bmp,32
45002.bmp,33
45003.bmp,34
45004.bmp,35
45005.bmp,36
45006.bmp,37
45007.bmp,38
45008.bmp,39
45009.bmp,40
45010.bmp,41
45011.bmp,42
45012.bmp,43
45013.bmp,44
45014.bmp,45
45015.bmp,46
45016.bmp,47
45017.bmp,48
45018.bmp,49
45019.bmp,50
45020.bmp,51
45021.bmp,52
45022.bmp,53
45023.bmp,54
45024.bmp,55
45025.bmp,56
45026.bmp,57
45027.bmp,58
45028.bmp,59
45029.bmp,60
45030.bmp,61
45031.bmp,62
45032.bmp,63
45033.bmp,64
45034.bmp,65
45035.bmp,66
45036.bmp,67
45037.bmp,68
45038.bmp,69
45039.bmp,70
45040.bmp,71
45041.bmp,72
45042.bmp,73
45043.bmp,74
45044.bmp,75
45045.bmp,76
45046.bmp,77
45047.bmp,78
45048.bmp,79
45049.bmp,80
45050.bmp,81
45051.bmp,82
45052.bmp,83
45053.bmp,84
45054.bmp,85
45055.bmp,86
45056.bmp,87
45057.bmp,88
45058.bmp,89
45059.bmp,90
45060.bmp,91
45061.bmp,92
45062.bmp,93
45063.bmp,94
45064.bmp,95
45065.bmp,96
45066.bmp,97
45067.bmp,98
45068.bmp,99
45069.bmp,100
45070.bmp,101
45071.bmp,102
45072.bmp,103
45073.bmp,104
45074.bmp,105
45075.bmp,106
45076.bmp,107
45077.bmp,108
45078.bmp,109
45079.bmp,110
45080.bmp,111
45081.bmp,112
45082.bmp,113
45083.bmp,114
45084.bmp,115
45085.bmp,116
45086.bmp,117
45087.bmp,118
45088.bmp,119
45089.bmp,120
45090.bmp,121
45091.bmp,122
45092.bmp,123
45093.bmp,124
45094.bmp,125
45095.bmp,126
45096.bmp,127
45097.bmp,128
45098.bmp,129
45099.bmp,130
45100.bmp,131
45101.bmp,132
45102.bmp,133
45103.bmp,134
45104.bmp,135
45105.bmp,136
45106.bmp,137
45107.bmp,138
45108.bmp,139
45109.bmp,140
45110.bmp,141
45111.bmp,142
45112.bmp,143
45113.bmp,144
45114.bmp,145
45115.bmp,146
45116.bmp,147
45117.bmp,148
45118.bmp,149
45119.bmp,150
45120.bmp,151
45121.bmp,152
45122.bmp,153
45123.bmp,154
45124.bmp,155
45125.bmp,80
45126.bmp,0
45127.bmp,1
45128.bmp,2
45129.bmp,3
45130.bmp,4
45131.bmp,5
45132.bmp,6
45133.bmp,7
45134.bmp,8
45135.bmp,9
45136.bmp,10
45137.bmp,11
45138.bmp,12
45139.bmp,13
45140.bmp,14
45141.bmp,15
45142.bmp,16
45143.bmp,17
45144.bmp,18
45145.bmp,19
45146.bmp,20
45147.bmp,21
45148.bmp,22
45149.bmp,23
45150.bmp,24
45151.bmp,25
45152.bmp,26
45153.bmp,27
45154.bmp,28
45155.bmp,29
45156.bmp,30
45157.bmp,31
45158.bmp,32
45159.bmp,33
45160.bmp,34
45161.bmp,35
45162.bmp,36
45163.bmp,37
45164.bmp,38
45165.bmp,39
45166.bmp,40
45167.bmp,41
45168.bmp,42
45169.bmp,43
45170.bmp,44
45171.bmp,45
45172.bmp,46
45173.bmp,47
45174.bmp,48
45175.bmp,49
45176.bmp,50
45177.bmp,51
45178.bmp,52
45179.bmp,53
45180.bmp,54
45181.bmp,55
45182.bmp,56
45183.bmp,57
45184.bmp,58
45185.bmp,59
45186.bmp,60
45187.bmp,61
45188.bmp,62
45189.bmp,63
45190.bmp,64
45191.bmp,65
45192.bmp,66
45193.bmp,67
45194.bmp,68
45195.bmp,69
45196.bmp,70
45197.bmp,71
45198.bmp,72
45199.bmp,73
45200.bmp,74
45201.bmp,75
45202.bmp,76
45203.bmp,77
45204.bmp,78
45205.bmp,79
45206.bmp,80
45207.bmp,81
45208.bmp,82
45209.bmp,83
45210.bmp,84
45211.bmp,85
45212.bmp,86
45213.bmp,87
45214.bmp,88
45215.bmp,89
45216.bmp,90
45217.bmp,91
45218.bmp,92
45219.bmp,93
45220.bmp,94
45221.bmp,95
45222.bmp,96
45223.bmp,97
45224.bmp,98
45225.bmp,99
45226.bmp,100
45227.bmp,101
45228.bmp,102
45229.bmp,103
45230.bmp,104
45231.bmp,105
45232.bmp,106
45233.bmp,107
45234.bmp,108
45235.bmp,109
45236.bmp,110
45237.bmp,111
45238.bmp,112
45239.bmp,113
45240.bmp,114
45241.bmp,115
45242.bmp,116
45243.bmp,117
45244.bmp,118
45245.bmp,119
45246.bmp,120
45247.bmp,121
45248.bmp,122
45249.bmp,123
45250.bmp,124
45251.bmp,125
45252.bmp,126
45253.bmp,127
45254.bmp,128
45255.bmp,129
45256.bmp,130
45257.bmp,131
45258.bmp,132
45259.bmp,133
45260.bmp,134
45261.bmp,135
45262.bmp,136
45263.bmp,137
45264.bmp,138
45265.bmp,139
45266.bmp,140
45267.bmp,141
45268.bmp,142
45269.bmp,143
45270.bmp,144
45271.bmp,145
45272.bmp,146
45273.bmp,147
45274.bmp,148
45275.bmp,149
45276.bmp,150
45277.bmp,151
45278.bmp,152
45279.bmp,153
45280.bmp,154
45281.bmp,155
45282.bmp,80
45283.bmp,0
45284.bmp,1
45285.bmp,2
45286.bmp,3
45287.bmp,4
45288.bmp,5
45289.bmp,6
45290.bmp,7
45291.bmp,8
45292.bmp,9
45293.bmp,10
45294.bmp,11
45295.bmp,12
45296.bmp,13
45297.bmp,14
45298.bmp,15
45299.bmp,16
45300.bmp,17
45301.bmp,18
45302.bmp,19
45303.bmp,20
45304.bmp,21
45305.bmp,22
45306.bmp,23
45307.bmp,24
45308.bmp,25
45309.bmp,26
45310.bmp,27
45311.bmp,28
45312.bmp,29
45313.bmp,30
45314.bmp,31
45315.bmp,32
45316.bmp,33
45317.bmp,34
45318.bmp,35
45319.bmp,36
45320.bmp,37
45321.bmp,38
45322.bmp,39
45323.bmp,40
45324.bmp,41
45325.bmp,42
45326.bmp,43
45327.bmp,44
45328.bmp,45
45329.bmp,46
45330.bmp,47
45331.bmp,48
45332.bmp,49
45333.bmp,50
45334.bmp,51
45335.bmp,52
45336.bmp,53
45337.bmp,54
45338.bmp,55
45339.bmp,56
45340.bmp,57
45341.bmp,58
45342.bmp,59
45343.bmp,60
45344.bmp,61
45345.bmp,62
45346.bmp,63
45347.bmp,64
45348.bmp,65
45349.bmp,66
45350.bmp,67
45351.bmp,68
45352.bmp,69
45353.bmp,70
45354.bmp,71
45355.bmp,72
45356.bmp,73
45357.bmp,74
45358.bmp,75
45359.bmp,76
45360.bmp,77
45361.bmp,78
45362.bmp,79
45363.bmp,80
45364.bmp,81
45365.bmp,82
45366.bmp,83
45367.bmp,84
45368.bmp,85
45369.bmp,86
45370.bmp,87
45371.bmp,88
45372.bmp,89
45373.bmp,90
45374.bmp,91
45375.bmp,92
45376.bmp,93
45377.bmp,94
45378.bmp,95
45379.bmp,96
45380.bmp,97
45381.bmp,98
45382.bmp,99
45383.bmp,100
45384.bmp,101
45385.bmp,102
45386.bmp,103
45387.bmp,104
45388.bmp,105
45389.bmp,106
45390.bmp,107
45391.bmp,108
45392.bmp,109
45393.bmp,110
45394.bmp,111
45395.bmp,112
45396.bmp,113
45397.bmp,114
45398.bmp,115
45399.bmp,116
45400.bmp,117
45401.bmp,118
45402.bmp,119
45403.bmp,120
45404.bmp,121
45405.bmp,122
45406.bmp,123
45407.bmp,124
45408.bmp,125
45409.bmp,126
45410.bmp,127
45411.bmp,128
45412.bmp,129
45413.bmp,130
45414.bmp,131
45415.bmp,132
45416.bmp,133
45417.bmp,134
45418.bmp,135
45419.bmp,136
45420.bmp,137
45421.bmp,138
45422.bmp,139
45423.bmp,140
45424.bmp,141
45425.bmp,142
45426.bmp,143
45427.bmp,144
45428.bmp,145
45429.bmp,146
45430.bmp,147
45431.bmp,148
45432.bmp,149
45433.bmp,150
45434.bmp,151
45435.bmp,152
45436.bmp,153
45437.bmp,154
45438.bmp,155
45439.bmp,80
45440.bmp,0
45441.bmp,1
45442.bmp,2
45443.bmp,3
45444.bmp,4
45445.bmp,5
45446.bmp,6
45447.bmp,7
45448.bmp,8
45449.bmp,9
45450.bmp,10
45451.bmp,11
45452.bmp,12
45453.bmp,13
45454.bmp,14
45455.bmp,15
45456.bmp,16
45457.bmp,17
45458.bmp,18
45459.bmp,19
45460.bmp,20
45461.bmp,21
45462.bmp,22
45463.bmp,23
45464.bmp,24
45465.bmp,25
45466.bmp,26
45467.bmp,27
45468.bmp,28
45469.bmp,29
45470.bmp,30
45471.bmp,31
45472.bmp,32
45473.bmp,33
45474.bmp,34
45475.bmp,35
45476.bmp,36
45477.bmp,37
45478.bmp,38
45479.bmp,39
45480.bmp,40
45481.bmp,41
45482.bmp,42
45483.bmp,43
45484.bmp,44
45485.bmp,45
45486.bmp,46
45487.bmp,47
45488.bmp,48
45489.bmp,49
45490.bmp,50
45491.bmp,51
45492.bmp,52
45493.bmp,53
45494.bmp,54
45495.bmp,55
45496.bmp,56
45497.bmp,57
45498.bmp,58
45499.bmp,59
45500.bmp,60
45501.bmp,61
45502.bmp,62
45503.bmp,63
45504.bmp,64
45505.bmp,65
45506.bmp,66
45507.bmp,67
45508.bmp,68
45509.bmp,69
45510.bmp,70
45511.bmp,71
45512.bmp,72
45513.bmp,73
45514.bmp,74
45515.bmp,75
45516.bmp,76
45517.bmp,77
45518.bmp,78
45519.bmp,79
45520.bmp,80
45521.bmp,81
45522.bmp,82
45523.bmp,83
45524.bmp,84
45525.bmp,85
45526.bmp,86
45527.bmp,87
45528.bmp,88
45529.bmp,89
45530.bmp,90
45531.bmp,91
45532.bmp,92
45533.bmp,93
45534.bmp,94
45535.bmp,95
45536.bmp,96
45537.bmp,97
45538.bmp,98
45539.bmp,99
45540.bmp,100
45541.bmp,101
45542.bmp,102
45543.bmp,103
45544.bmp,104
45545.bmp,105
45546.bmp,106
45547.bmp,107
45548.bmp,108
45549.bmp,109
45550.bmp,110
45551.bmp,111
45552.bmp,112
45553.bmp,113
45554.bmp,114
45555.bmp,115
45556.bmp,116
45557.bmp,117
45558.bmp,118
45559.bmp,119
45560.bmp,120
45561.bmp,121
45562.bmp,122
45563.bmp,123
45564.bmp,124
45565.bmp,125
45566.bmp,126
45567.bmp,127
45568.bmp,128
45569.bmp,129
45570.bmp,130
45571.bmp,131
45572.bmp,132
45573.bmp,133
45574.bmp,134
45575.bmp,135
45576.bmp,136
45577.bmp,137
45578.bmp,138
45579.bmp,139
45580.bmp,140
45581.bmp,141
45582.bmp,142
45583.bmp,143
45584.bmp,144
45585.bmp,145
45586.bmp,146
45587.bmp,147
45588.bmp,148
45589.bmp,149
45590.bmp,150
45591.bmp,151
45592.bmp,152
45593.bmp,153
45594.bmp,154
45595.bmp,155
45596.bmp,80
45597.bmp,0
45598.bmp,1
45599.bmp,2
45600.bmp,3
45601.bmp,4
45602.bmp,5
45603.bmp,6
45604.bmp,7
45605.bmp,8
45606.bmp,9
45607.bmp,10
45608.bmp,11
45609.bmp,12
45610.bmp,13
45611.bmp,14
45612.bmp,15
45613.bmp,16
45614.bmp,17
45615.bmp,18
45616.bmp,19
45617.bmp,20
45618.bmp,21
45619.bmp,22
45620.bmp,23
45621.bmp,24
45622.bmp,25
45623.bmp,26
45624.bmp,27
45625.bmp,28
45626.bmp,29
45627.bmp,30
45628.bmp,31
45629.bmp,32
45630.bmp,33
45631.bmp,34
45632.bmp,35
45633.bmp,36
45634.bmp,37
45635.bmp,38
45636.bmp,39
45637.bmp,40
45638.bmp,41
45639.bmp,42
45640.bmp,43
45641.bmp,44
45642.bmp,45
45643.bmp,46
45644.bmp,47
45645.bmp,48
45646.bmp,49
45647.bmp,50
45648.bmp,51
45649.bmp,52
45650.bmp,53
45651.bmp,54
45652.bmp,55
45653.bmp,56
45654.bmp,57
45655.bmp,58
45656.bmp,59
45657.bmp,60
45658.bmp,61
45659.bmp,62
45660.bmp,63
45661.bmp,64
45662.bmp,65
45663.bmp,66
45664.bmp,67
45665.bmp,68
45666.bmp,69
45667.bmp,70
45668.bmp,71
45669.bmp,72
45670.bmp,73
45671.bmp,74
45672.bmp,75
45673.bmp,76
45674.bmp,77
45675.bmp,78
45676.bmp,79
45677.bmp,80
45678.bmp,81
45679.bmp,82
45680.bmp,83
45681.bmp,84
45682.bmp,85
45683.bmp,86
45684.bmp,87
45685.bmp,88
45686.bmp,89
45687.bmp,90
45688.bmp,91
45689.bmp,92
45690.bmp,93
45691.bmp,94
45692.bmp,95
45693.bmp,96
45694.bmp,97
45695.bmp,98
45696.bmp,99
45697.bmp,100
45698.bmp,101
45699.bmp,102
45700.bmp,103
45701.bmp,104
45702.bmp,105
45703.bmp,106
45704.bmp,107
45705.bmp,108
45706.bmp,109
45707.bmp,110
45708.bmp,111
45709.bmp,112
45710.bmp,113
45711.bmp,114
45712.bmp,115
45713.bmp,116
45714.bmp,117
45715.bmp,118
45716.bmp,119
45717.bmp,120
45718.bmp,121
45719.bmp,122
45720.bmp,123
45721.bmp,124
45722.bmp,125
45723.bmp,126
45724.bmp,127
45725.bmp,128
45726.bmp,129
45727.bmp,130
45728.bmp,131
45729.bmp,132
45730.bmp,133
45731.bmp,134
45732.bmp,135
45733.bmp,136
45734.bmp,137
45735.bmp,138
45736.bmp,139
45737.bmp,140
45738.bmp,141
45739.bmp,142
45740.bmp,143
45741.bmp,144
45742.bmp,145
45743.bmp,146
45744.bmp,147
45745.bmp,148
45746.bmp,149
45747.bmp,150
45748.bmp,151
45749.bmp,152
45750.bmp,153
45751.bmp,154
45752.bmp,155
45753.bmp,80
45754.bmp,0
45755.bmp,1
45756.bmp,2
45757.bmp,3
45758.bmp,4
45759.bmp,5
45760.bmp,6
45761.bmp,7
45762.bmp,8
45763.bmp,9
45764.bmp,10
45765.bmp,11
45766.bmp,12
45767.bmp,13
45768.bmp,14
45769.bmp,15
45770.bmp,16
45771.bmp,17
45772.bmp,18
45773.bmp,19
45774.bmp,20
45775.bmp,21
45776.bmp,22
45777.bmp,23
45778.bmp,24
45779.bmp,25
45780.bmp,26
45781.bmp,27
45782.bmp,28
45783.bmp,29
45784.bmp,30
45785.bmp,31
45786.bmp,32
45787.bmp,33
45788.bmp,34
45789.bmp,35
45790.bmp,36
45791.bmp,37
45792.bmp,38
45793.bmp,39
45794.bmp,40
45795.bmp,41
45796.bmp,42
45797.bmp,43
45798.bmp,44
45799.bmp,45
45800.bmp,46
45801.bmp,47
45802.bmp,48
45803.bmp,49
45804.bmp,50
45805.bmp,51
45806.bmp,52
45807.bmp,53
45808.bmp,54
45809.bmp,55
45810.bmp,56
45811.bmp,57
45812.bmp,58
45813.bmp,59
45814.bmp,60
45815.bmp,61
45816.bmp,62
45817.bmp,63
45818.bmp,64
45819.bmp,65
45820.bmp,66
45821.bmp,67
45822.bmp,68
45823.bmp,69
45824.bmp,70
45825.bmp,71
45826.bmp,72
45827.bmp,73
45828.bmp,74
45829.bmp,75
45830.bmp,76
45831.bmp,77
45832.bmp,78
45833.bmp,79
45834.bmp,80
45835.bmp,81
45836.bmp,82
45837.bmp,83
45838.bmp,84
45839.bmp,85
45840.bmp,86
45841.bmp,87
45842.bmp,88
45843.bmp,89
45844.bmp,90
45845.bmp,91
45846.bmp,92
45847.bmp,93
45848.bmp,94
45849.bmp,95
45850.bmp,96
45851.bmp,97
45852.bmp,98
45853.bmp,99
45854.bmp,100
45855.bmp,101
45856.bmp,102
45857.bmp,103
45858.bmp,104
45859.bmp,105
45860.bmp,106
45861.bmp,107
45862.bmp,108
45863.bmp,109
45864.bmp,110
45865.bmp,111
45866.bmp,112
45867.bmp,113
45868.bmp,114
45869.bmp,115
45870.bmp,116
45871.bmp,117
45872.bmp,118
45873.bmp,119
45874.bmp,120
45875.bmp,121
45876.bmp,122
45877.bmp,123
45878.bmp,124
45879.bmp,125
45880.bmp,126
45881.bmp,127
45882.bmp,128
45883.bmp,129
45884.bmp,130
45885.bmp,131
45886.bmp,132
45887.bmp,133
45888.bmp,134
45889.bmp,135
45890.bmp,136
45891.bmp,137
45892.bmp,138
45893.bmp,139
45894.bmp,140
45895.bmp,141
45896.bmp,142
45897.bmp,143
45898.bmp,144
45899.bmp,145
45900.bmp,146
45901.bmp,147
45902.bmp,148
45903.bmp,149
45904.bmp,150
45905.bmp,151
45906.bmp,152
45907.bmp,153
45908.bmp,154
45909.bmp,155
45910.bmp,80
45911.bmp,0
45912.bmp,1
45913.bmp,2
45914.bmp,3
45915.bmp,4
45916.bmp,5
45917.bmp,6
45918.bmp,7
45919.bmp,8
45920.bmp,9
45921.bmp,10
45922.bmp,11
45923.bmp,12
45924.bmp,13
45925.bmp,14
45926.bmp,15
45927.bmp,16
45928.bmp,17
45929.bmp,18
45930.bmp,19
45931.bmp,20
45932.bmp,21
45933.bmp,22
45934.bmp,23
45935.bmp,24
45936.bmp,25
45937.bmp,26
45938.bmp,27
45939.bmp,28
45940.bmp,29
45941.bmp,30
45942.bmp,31
45943.bmp,32
45944.bmp,33
45945.bmp,34
45946.bmp,35
45947.bmp,36
45948.bmp,37
45949.bmp,38
45950.bmp,39
45951.bmp,40
45952.bmp,41
45953.bmp,42
45954.bmp,43
45955.bmp,44
45956.bmp,45
45957.bmp,46
45958.bmp,47
45959.bmp,48
45960.bmp,49
45961.bmp,50
45962.bmp,51
45963.bmp,52
45964.bmp,53
45965.bmp,54
45966.bmp,55
45967.bmp,56
45968.bmp,57
45969.bmp,58
45970.bmp,59
45971.bmp,60
45972.bmp,61
45973.bmp,62
45974.bmp,63
45975.bmp,64
45976.bmp,65
45977.bmp,66
45978.bmp,67
45979.bmp,68
45980.bmp,69
45981.bmp,70
45982.bmp,71
45983.bmp,72
45984.bmp,73
45985.bmp,74
45986.bmp,75
45987.bmp,76
45988.bmp,77
45989.bmp,78
45990.bmp,79
45991.bmp,80
45992.bmp,81
45993.bmp,82
45994.bmp,83
45995.bmp,84
45996.bmp,85
45997.bmp,86
45998.bmp,87
45999.bmp,88
46000.bmp,89
46001.bmp,90
46002.bmp,91
46003.bmp,92
46004.bmp,93
46005.bmp,94
46006.bmp,95
46007.bmp,96
46008.bmp,97
46009.bmp,98
46010.bmp,99
46011.bmp,100
46012.bmp,101
46013.bmp,102
46014.bmp,103
46015.bmp,104
46016.bmp,105
46017.bmp,106
46018.bmp,107
46019.bmp,108
46020.bmp,109
46021.bmp,110
46022.bmp,111
46023.bmp,112
46024.bmp,113
46025.bmp,114
46026.bmp,115
46027.bmp,116
46028.bmp,117
46029.bmp,118
46030.bmp,119
46031.bmp,120
46032.bmp,121
46033.bmp,122
46034.bmp,123
46035.bmp,124
46036.bmp,125
46037.bmp,126
46038.bmp,127
46039.bmp,128
46040.bmp,129
46041.bmp,130
46042.bmp,131
46043.bmp,132
46044.bmp,133
46045.bmp,134
46046.bmp,135
46047.bmp,136
46048.bmp,137
46049.bmp,138
46050.bmp,139
46051.bmp,140
46052.bmp,141
46053.bmp,142
46054.bmp,143
46055.bmp,144
46056.bmp,145
46057.bmp,146
46058.bmp,147
46059.bmp,148
46060.bmp,149
46061.bmp,150
46062.bmp,151
46063.bmp,152
46064.bmp,153
46065.bmp,154
46066.bmp,155
46067.bmp,80
46068.bmp,0
46069.bmp,1
46070.bmp,2
46071.bmp,3
46072.bmp,4
46073.bmp,5
46074.bmp,6
46075.bmp,7
46076.bmp,8
46077.bmp,9
46078.bmp,10
46079.bmp,11
46080.bmp,12
46081.bmp,13
46082.bmp,14
46083.bmp,15
46084.bmp,16
46085.bmp,17
46086.bmp,18
46087.bmp,19
46088.bmp,20
46089.bmp,21
46090.bmp,22
46091.bmp,23
46092.bmp,24
46093.bmp,25
46094.bmp,26
46095.bmp,27
46096.bmp,28
46097.bmp,29
46098.bmp,30
46099.bmp,31
46100.bmp,32
46101.bmp,33
46102.bmp,34
46103.bmp,35
46104.bmp,36
46105.bmp,37
46106.bmp,38
46107.bmp,39
46108.bmp,40
46109.bmp,41
46110.bmp,42
46111.bmp,43
46112.bmp,44
46113.bmp,45
46114.bmp,46
46115.bmp,47
46116.bmp,48
46117.bmp,49
46118.bmp,50
46119.bmp,51
46120.bmp,52
46121.bmp,53
46122.bmp,54
46123.bmp,55
46124.bmp,56
46125.bmp,57
46126.bmp,58
46127.bmp,59
46128.bmp,60
46129.bmp,61
46130.bmp,62
46131.bmp,63
46132.bmp,64
46133.bmp,65
46134.bmp,66
46135.bmp,67
46136.bmp,68
46137.bmp,69
46138.bmp,70
46139.bmp,71
46140.bmp,72
46141.bmp,73
46142.bmp,74
46143.bmp,75
46144.bmp,76
46145.bmp,77
46146.bmp,78
46147.bmp,79
46148.bmp,80
46149.bmp,81
46150.bmp,82
46151.bmp,83
46152.bmp,84
46153.bmp,85
46154.bmp,86
46155.bmp,87
46156.bmp,88
46157.bmp,89
46158.bmp,90
46159.bmp,91
46160.bmp,92
46161.bmp,93
46162.bmp,94
46163.bmp,95
46164.bmp,96
46165.bmp,97
46166.bmp,98
46167.bmp,99
46168.bmp,100
46169.bmp,101
46170.bmp,102
46171.bmp,103
46172.bmp,104
46173.bmp,105
46174.bmp,106
46175.bmp,107
46176.bmp,108
46177.bmp,109
46178.bmp,110
46179.bmp,111
46180.bmp,112
46181.bmp,113
46182.bmp,114
46183.bmp,115
46184.bmp,116
46185.bmp,117
46186.bmp,118
46187.bmp,119
46188.bmp,120
46189.bmp,121
46190.bmp,122
46191.bmp,123
46192.bmp,124
46193.bmp,125
46194.bmp,126
46195.bmp,127
46196.bmp,128
46197.bmp,129
46198.bmp,130
46199.bmp,131
46200.bmp,132
46201.bmp,133
46202.bmp,134
46203.bmp,135
46204.bmp,136
46205.bmp,137
46206.bmp,138
46207.bmp,139
46208.bmp,140
46209.bmp,141
46210.bmp,142
46211.bmp,143
46212.bmp,144
46213.bmp,145
46214.bmp,146
46215.bmp,147
46216.bmp,148
46217.bmp,149
46218.bmp,150
46219.bmp,151
46220.bmp,152
46221.bmp,153
46222.bmp,154
46223.bmp,155
46224.bmp,80
46225.bmp,0
46226.bmp,1
46227.bmp,2
46228.bmp,3
46229.bmp,4
46230.bmp,5
46231.bmp,6
46232.bmp,7
46233.bmp,8
46234.bmp,9
46235.bmp,10
46236.bmp,11
46237.bmp,12
46238.bmp,13
46239.bmp,14
46240.bmp,15
46241.bmp,16
46242.bmp,17
46243.bmp,18
46244.bmp,19
46245.bmp,20
46246.bmp,21
46247.bmp,22
46248.bmp,23
46249.bmp,24
46250.bmp,25
46251.bmp,26
46252.bmp,27
46253.bmp,28
46254.bmp,29
46255.bmp,30
46256.bmp,31
46257.bmp,32
46258.bmp,33
46259.bmp,34
46260.bmp,35
46261.bmp,36
46262.bmp,37
46263.bmp,38
46264.bmp,39
46265.bmp,40
46266.bmp,41
46267.bmp,42
46268.bmp,43
46269.bmp,44
46270.bmp,45
46271.bmp,46
46272.bmp,47
46273.bmp,48
46274.bmp,49
46275.bmp,50
46276.bmp,51
46277.bmp,52
46278.bmp,53
46279.bmp,54
46280.bmp,55
46281.bmp,56
46282.bmp,57
46283.bmp,58
46284.bmp,59
46285.bmp,60
46286.bmp,61
46287.bmp,62
46288.bmp,63
46289.bmp,64
46290.bmp,65
46291.bmp,66
46292.bmp,67
46293.bmp,68
46294.bmp,69
46295.bmp,70
46296.bmp,71
46297.bmp,72
46298.bmp,73
46299.bmp,74
46300.bmp,75
46301.bmp,76
46302.bmp,77
46303.bmp,78
46304.bmp,79
46305.bmp,80
46306.bmp,81
46307.bmp,82
46308.bmp,83
46309.bmp,84
46310.bmp,85
46311.bmp,86
46312.bmp,87
46313.bmp,88
46314.bmp,89
46315.bmp,90
46316.bmp,91
46317.bmp,92
46318.bmp,93
46319.bmp,94
46320.bmp,95
46321.bmp,96
46322.bmp,97
46323.bmp,98
46324.bmp,99
46325.bmp,100
46326.bmp,101
46327.bmp,102
46328.bmp,103
46329.bmp,104
46330.bmp,105
46331.bmp,106
46332.bmp,107
46333.bmp,108
46334.bmp,109
46335.bmp,110
46336.bmp,111
46337.bmp,112
46338.bmp,113
46339.bmp,114
46340.bmp,115
46341.bmp,116
46342.bmp,117
46343.bmp,118
46344.bmp,119
46345.bmp,120
46346.bmp,121
46347.bmp,122
46348.bmp,123
46349.bmp,124
46350.bmp,125
46351.bmp,126
46352.bmp,127
46353.bmp,128
46354.bmp,129
46355.bmp,130
46356.bmp,131
46357.bmp,132
46358.bmp,133
46359.bmp,134
46360.bmp,135
46361.bmp,136
46362.bmp,137
46363.bmp,138
46364.bmp,139
46365.bmp,140
46366.bmp,141
46367.bmp,142
46368.bmp,143
46369.bmp,144
46370.bmp,145
46371.bmp,146
46372.bmp,147
46373.bmp,148
46374.bmp,149
46375.bmp,150
46376.bmp,151
46377.bmp,152
46378.bmp,153
46379.bmp,154
46380.bmp,155
46381.bmp,80
46382.bmp,0
46383.bmp,1
46384.bmp,2
46385.bmp,3
46386.bmp,4
46387.bmp,5
46388.bmp,6
46389.bmp,7
46390.bmp,8
46391.bmp,9
46392.bmp,10
46393.bmp,11
46394.bmp,12
46395.bmp,13
46396.bmp,14
46397.bmp,15
46398.bmp,16
46399.bmp,17
46400.bmp,18
46401.bmp,19
46402.bmp,20
46403.bmp,21
46404.bmp,22
46405.bmp,23
46406.bmp,24
46407.bmp,25
46408.bmp,26
46409.bmp,27
46410.bmp,28
46411.bmp,29
46412.bmp,30
46413.bmp,31
46414.bmp,32
46415.bmp,33
46416.bmp,34
46417.bmp,35
46418.bmp,36
46419.bmp,37
46420.bmp,38
46421.bmp,39
46422.bmp,40
46423.bmp,41
46424.bmp,42
46425.bmp,43
46426.bmp,44
46427.bmp,45
46428.bmp,46
46429.bmp,47
46430.bmp,48
46431.bmp,49
46432.bmp,50
46433.bmp,51
46434.bmp,52
46435.bmp,53
46436.bmp,54
46437.bmp,55
46438.bmp,56
46439.bmp,57
46440.bmp,58
46441.bmp,59
46442.bmp,60
46443.bmp,61
46444.bmp,62
46445.bmp,63
46446.bmp,64
46447.bmp,65
46448.bmp,66
46449.bmp,67
46450.bmp,68
46451.bmp,69
46452.bmp,70
46453.bmp,71
46454.bmp,72
46455.bmp,73
46456.bmp,74
46457.bmp,75
46458.bmp,76
46459.bmp,77
46460.bmp,78
46461.bmp,79
46462.bmp,80
46463.bmp,81
46464.bmp,82
46465.bmp,83
46466.bmp,84
46467.bmp,85
46468.bmp,86
46469.bmp,87
46470.bmp,88
46471.bmp,89
46472.bmp,90
46473.bmp,91
46474.bmp,92
46475.bmp,93
46476.bmp,94
46477.bmp,95
46478.bmp,96
46479.bmp,97
46480.bmp,98
46481.bmp,99
46482.bmp,100
46483.bmp,101
46484.bmp,102
46485.bmp,103
46486.bmp,104
46487.bmp,105
46488.bmp,106
46489.bmp,107
46490.bmp,108
46491.bmp,109
46492.bmp,110
46493.bmp,111
46494.bmp,112
46495.bmp,113
46496.bmp,114
46497.bmp,115
46498.bmp,116
46499.bmp,117
46500.bmp,118
46501.bmp,119
46502.bmp,120
46503.bmp,121
46504.bmp,122
46505.bmp,123
46506.bmp,124
46507.bmp,125
46508.bmp,126
46509.bmp,127
46510.bmp,128
46511.bmp,129
46512.bmp,130
46513.bmp,131
46514.bmp,132
46515.bmp,133
46516.bmp,134
46517.bmp,135
46518.bmp,136
46519.bmp,137
46520.bmp,138
46521.bmp,139
46522.bmp,140
46523.bmp,141
46524.bmp,142
46525.bmp,143
46526.bmp,144
46527.bmp,145
46528.bmp,146
46529.bmp,147
46530.bmp,148
46531.bmp,149
46532.bmp,150
46533.bmp,151
46534.bmp,152
46535.bmp,153
46536.bmp,154
46537.bmp,155
46538.bmp,80
46539.bmp,0
46540.bmp,1
46541.bmp,2
46542.bmp,3
46543.bmp,4
46544.bmp,5
46545.bmp,6
46546.bmp,7
46547.bmp,8
46548.bmp,9
46549.bmp,10
46550.bmp,11
46551.bmp,12
46552.bmp,13
46553.bmp,14
46554.bmp,15
46555.bmp,16
46556.bmp,17
46557.bmp,18
46558.bmp,19
46559.bmp,20
46560.bmp,21
46561.bmp,22
46562.bmp,23
46563.bmp,24
46564.bmp,25
46565.bmp,26
46566.bmp,27
46567.bmp,28
46568.bmp,29
46569.bmp,30
46570.bmp,31
46571.bmp,32
46572.bmp,33
46573.bmp,34
46574.bmp,35
46575.bmp,36
46576.bmp,37
46577.bmp,38
46578.bmp,39
46579.bmp,40
46580.bmp,41
46581.bmp,42
46582.bmp,43
46583.bmp,44
46584.bmp,45
46585.bmp,46
46586.bmp,47
46587.bmp,48
46588.bmp,49
46589.bmp,50
46590.bmp,51
46591.bmp,52
46592.bmp,53
46593.bmp,54
46594.bmp,55
46595.bmp,56
46596.bmp,57
46597.bmp,58
46598.bmp,59
46599.bmp,60
46600.bmp,61
46601.bmp,62
46602.bmp,63
46603.bmp,64
46604.bmp,65
46605.bmp,66
46606.bmp,67
46607.bmp,68
46608.bmp,69
46609.bmp,70
46610.bmp,71
46611.bmp,72
46612.bmp,73
46613.bmp,74
46614.bmp,75
46615.bmp,76
46616.bmp,77
46617.bmp,78
46618.bmp,79
46619.bmp,80
46620.bmp,81
46621.bmp,82
46622.bmp,83
46623.bmp,84
46624.bmp,85
46625.bmp,86
46626.bmp,87
46627.bmp,88
46628.bmp,89
46629.bmp,90
46630.bmp,91
46631.bmp,92
46632.bmp,93
46633.bmp,94
46634.bmp,95
46635.bmp,96
46636.bmp,97
46637.bmp,98
46638.bmp,99
46639.bmp,100
46640.bmp,101
46641.bmp,102
46642.bmp,103
46643.bmp,104
46644.bmp,105
46645.bmp,106
46646.bmp,107
46647.bmp,108
46648.bmp,109
46649.bmp,110
46650.bmp,111
46651.bmp,112
46652.bmp,113
46653.bmp,114
46654.bmp,115
46655.bmp,116
46656.bmp,117
46657.bmp,118
46658.bmp,119
46659.bmp,120
46660.bmp,121
46661.bmp,122
46662.bmp,123
46663.bmp,124
46664.bmp,125
46665.bmp,126
46666.bmp,127
46667.bmp,128
46668.bmp,129
46669.bmp,130
46670.bmp,131
46671.bmp,132
46672.bmp,133
46673.bmp,134
46674.bmp,135
46675.bmp,136
46676.bmp,137
46677.bmp,138
46678.bmp,139
46679.bmp,140
46680.bmp,141
46681.bmp,142
46682.bmp,143
46683.bmp,144
46684.bmp,145
46685.bmp,146
46686.bmp,147
46687.bmp,148
46688.bmp,149
46689.bmp,150
46690.bmp,151
46691.bmp,152
46692.bmp,153
46693.bmp,154
46694.bmp,155
46695.bmp,80
46696.bmp,0
46697.bmp,1
46698.bmp,2
46699.bmp,3
46700.bmp,4
46701.bmp,5
46702.bmp,6
46703.bmp,7
46704.bmp,8
46705.bmp,9
46706.bmp,10
46707.bmp,11
46708.bmp,12
46709.bmp,13
46710.bmp,14
46711.bmp,15
46712.bmp,16
46713.bmp,17
46714.bmp,18
46715.bmp,19
46716.bmp,20
46717.bmp,21
46718.bmp,22
46719.bmp,23
46720.bmp,24
46721.bmp,25
46722.bmp,26
46723.bmp,27
46724.bmp,28
46725.bmp,29
46726.bmp,30
46727.bmp,31
46728.bmp,32
46729.bmp,33
46730.bmp,34
46731.bmp,35
46732.bmp,36
46733.bmp,37
46734.bmp,38
46735.bmp,39
46736.bmp,40
46737.bmp,41
46738.bmp,42
46739.bmp,43
46740.bmp,44
46741.bmp,45
46742.bmp,46
46743.bmp,47
46744.bmp,48
46745.bmp,49
46746.bmp,50
46747.bmp,51
46748.bmp,52
46749.bmp,53
46750.bmp,54
46751.bmp,55
46752.bmp,56
46753.bmp,57
46754.bmp,58
46755.bmp,59
46756.bmp,60
46757.bmp,61
46758.bmp,62
46759.bmp,63
46760.bmp,64
46761.bmp,65
46762.bmp,66
46763.bmp,67
46764.bmp,68
46765.bmp,69
46766.bmp,70
46767.bmp,71
46768.bmp,72
46769.bmp,73
46770.bmp,74
46771.bmp,75
46772.bmp,76
46773.bmp,77
46774.bmp,78
46775.bmp,79
46776.bmp,80
46777.bmp,81
46778.bmp,82
46779.bmp,83
46780.bmp,84
46781.bmp,85
46782.bmp,86
46783.bmp,87
46784.bmp,88
46785.bmp,89
46786.bmp,90
46787.bmp,91
46788.bmp,92
46789.bmp,93
46790.bmp,94
46791.bmp,95
46792.bmp,96
46793.bmp,97
46794.bmp,98
46795.bmp,99
46796.bmp,100
46797.bmp,101
46798.bmp,102
46799.bmp,103
46800.bmp,104
46801.bmp,105
46802.bmp,106
46803.bmp,107
46804.bmp,108
46805.bmp,109
46806.bmp,110
46807.bmp,111
46808.bmp,112
46809.bmp,113
46810.bmp,114
46811.bmp,115
46812.bmp,116
46813.bmp,117
46814.bmp,118
46815.bmp,119
46816.bmp,120
46817.bmp,121
46818.bmp,122
46819.bmp,123
46820.bmp,124
46821.bmp,125
46822.bmp,126
46823.bmp,127
46824.bmp,128
46825.bmp,129
46826.bmp,130
46827.bmp,131
46828.bmp,132
46829.bmp,133
46830.bmp,134
46831.bmp,135
46832.bmp,136
46833.bmp,137
46834.bmp,138
46835.bmp,139
46836.bmp,140
46837.bmp,141
46838.bmp,142
46839.bmp,143
46840.bmp,144
46841.bmp,145
46842.bmp,146
46843.bmp,147
46844.bmp,148
46845.bmp,149
46846.bmp,150
46847.bmp,151
46848.bmp,152
46849.bmp,153
46850.bmp,154
46851.bmp,155
46852.bmp,80
46853.bmp,0
46854.bmp,1
46855.bmp,2
46856.bmp,3
46857.bmp,4
46858.bmp,5
46859.bmp,6
46860.bmp,7
46861.bmp,8
46862.bmp,9
46863.bmp,10
46864.bmp,11
46865.bmp,12
46866.bmp,13
46867.bmp,14
46868.bmp,15
46869.bmp,16
46870.bmp,17
46871.bmp,18
46872.bmp,19
46873.bmp,20
46874.bmp,21
46875.bmp,22
46876.bmp,23
46877.bmp,24
46878.bmp,25
46879.bmp,26
46880.bmp,27
46881.bmp,28
46882.bmp,29
46883.bmp,30
46884.bmp,31
46885.bmp,32
46886.bmp,33
46887.bmp,34
46888.bmp,35
46889.bmp,36
46890.bmp,37
46891.bmp,38
46892.bmp,39
46893.bmp,40
46894.bmp,41
46895.bmp,42
46896.bmp,43
46897.bmp,44
46898.bmp,45
46899.bmp,46
46900.bmp,47
46901.bmp,48
46902.bmp,49
46903.bmp,50
46904.bmp,51
46905.bmp,52
46906.bmp,53
46907.bmp,54
46908.bmp,55
46909.bmp,56
46910.bmp,57
46911.bmp,58
46912.bmp,59
46913.bmp,60
46914.bmp,61
46915.bmp,62
46916.bmp,63
46917.bmp,64
46918.bmp,65
46919.bmp,66
46920.bmp,67
46921.bmp,68
46922.bmp,69
46923.bmp,70
46924.bmp,71
46925.bmp,72
46926.bmp,73
46927.bmp,74
46928.bmp,75
46929.bmp,76
46930.bmp,77
46931.bmp,78
46932.bmp,79
46933.bmp,80
46934.bmp,81
46935.bmp,82
46936.bmp,83
46937.bmp,84
46938.bmp,85
46939.bmp,86
46940.bmp,87
46941.bmp,88
46942.bmp,89
46943.bmp,90
46944.bmp,91
46945.bmp,92
46946.bmp,93
46947.bmp,94
46948.bmp,95
46949.bmp,96
46950.bmp,97
46951.bmp,98
46952.bmp,99
46953.bmp,100
46954.bmp,101
46955.bmp,102
46956.bmp,103
46957.bmp,104
46958.bmp,105
46959.bmp,106
46960.bmp,107
46961.bmp,108
46962.bmp,109
46963.bmp,110
46964.bmp,111
46965.bmp,112
46966.bmp,113
46967.bmp,114
46968.bmp,115
46969.bmp,116
46970.bmp,117
46971.bmp,118
46972.bmp,119
46973.bmp,120
46974.bmp,121
46975.bmp,122
46976.bmp,123
46977.bmp,124
46978.bmp,125
46979.bmp,126
46980.bmp,127
46981.bmp,128
46982.bmp,129
46983.bmp,130
46984.bmp,131
46985.bmp,132
46986.bmp,133
46987.bmp,134
46988.bmp,135
46989.bmp,136
46990.bmp,137
46991.bmp,138
46992.bmp,139
46993.bmp,140
46994.bmp,141
46995.bmp,142
46996.bmp,143
46997.bmp,144
46998.bmp,145
46999.bmp,146
47000.bmp,147
47001.bmp,148
47002.bmp,149
47003.bmp,150
47004.bmp,151
47005.bmp,152
47006.bmp,153
47007.bmp,154
47008.bmp,155
47009.bmp,80
47010.bmp,0
47011.bmp,1
47012.bmp,2
47013.bmp,3
47014.bmp,4
47015.bmp,5
47016.bmp,6
47017.bmp,7
47018.bmp,8
47019.bmp,9
47020.bmp,10
47021.bmp,11
47022.bmp,12
47023.bmp,13
47024.bmp,14
47025.bmp,15
47026.bmp,16
47027.bmp,17
47028.bmp,18
47029.bmp,19
47030.bmp,20
47031.bmp,21
47032.bmp,22
47033.bmp,23
47034.bmp,24
47035.bmp,25
47036.bmp,26
47037.bmp,27
47038.bmp,28
47039.bmp,29
47040.bmp,30
47041.bmp,31
47042.bmp,32
47043.bmp,33
47044.bmp,34
47045.bmp,35
47046.bmp,36
47047.bmp,37
47048.bmp,38
47049.bmp,39
47050.bmp,40
47051.bmp,41
47052.bmp,42
47053.bmp,43
47054.bmp,44
47055.bmp,45
47056.bmp,46
47057.bmp,47
47058.bmp,48
47059.bmp,49
47060.bmp,50
47061.bmp,51
47062.bmp,52
47063.bmp,53
47064.bmp,54
47065.bmp,55
47066.bmp,56
47067.bmp,57
47068.bmp,58
47069.bmp,59
47070.bmp,60
47071.bmp,61
47072.bmp,62
47073.bmp,63
47074.bmp,64
47075.bmp,65
47076.bmp,66
47077.bmp,67
47078.bmp,68
47079.bmp,69
47080.bmp,70
47081.bmp,71
47082.bmp,72
47083.bmp,73
47084.bmp,74
47085.bmp,75
47086.bmp,76
47087.bmp,77
47088.bmp,78
47089.bmp,79
47090.bmp,80
47091.bmp,81
47092.bmp,82
47093.bmp,83
47094.bmp,84
47095.bmp,85
47096.bmp,86
47097.bmp,87
47098.bmp,88
47099.bmp,89
47100.bmp,90
47101.bmp,91
47102.bmp,92
47103.bmp,93
47104.bmp,94
47105.bmp,95
47106.bmp,96
47107.bmp,97
47108.bmp,98
47109.bmp,99
47110.bmp,100
47111.bmp,101
47112.bmp,102
47113.bmp,103
47114.bmp,104
47115.bmp,105
47116.bmp,106
47117.bmp,107
47118.bmp,108
47119.bmp,109
47120.bmp,110
47121.bmp,111
47122.bmp,112
47123.bmp,113
47124.bmp,114
47125.bmp,115
47126.bmp,116
47127.bmp,117
47128.bmp,118
47129.bmp,119
47130.bmp,120
47131.bmp,121
47132.bmp,122
47133.bmp,123
47134.bmp,124
47135.bmp,125
47136.bmp,126
47137.bmp,127
47138.bmp,128
47139.bmp,129
47140.bmp,130
47141.bmp,131
47142.bmp,132
47143.bmp,133
47144.bmp,134
47145.bmp,135
47146.bmp,136
47147.bmp,137
47148.bmp,138
47149.bmp,139
47150.bmp,140
47151.bmp,141
47152.bmp,142
47153.bmp,143
47154.bmp,144
47155.bmp,145
47156.bmp,146
47157.bmp,147
47158.bmp,148
47159.bmp,149
47160.bmp,150
47161.bmp,151
47162.bmp,152
47163.bmp,153
47164.bmp,154
47165.bmp,155
47166.bmp,80
47167.bmp,0
47168.bmp,1
47169.bmp,2
47170.bmp,3
47171.bmp,4
47172.bmp,5
47173.bmp,6
47174.bmp,7
47175.bmp,8
47176.bmp,9
47177.bmp,10
47178.bmp,11
47179.bmp,12
47180.bmp,13
47181.bmp,14
47182.bmp,15
47183.bmp,16
47184.bmp,17
47185.bmp,18
47186.bmp,19
47187.bmp,20
47188.bmp,21
47189.bmp,22
47190.bmp,23
47191.bmp,24
47192.bmp,25
47193.bmp,26
47194.bmp,27
47195.bmp,28
47196.bmp,29
47197.bmp,30
47198.bmp,31
47199.bmp,32
47200.bmp,33
47201.bmp,34
47202.bmp,35
47203.bmp,36
47204.bmp,37
47205.bmp,38
47206.bmp,39
47207.bmp,40
47208.bmp,41
47209.bmp,42
47210.bmp,43
47211.bmp,44
47212.bmp,45
47213.bmp,46
47214.bmp,47
47215.bmp,48
47216.bmp,49
47217.bmp,50
47218.bmp,51
47219.bmp,52
47220.bmp,53
47221.bmp,54
47222.bmp,55
47223.bmp,56
47224.bmp,57
47225.bmp,58
47226.bmp,59
47227.bmp,60
47228.bmp,61
47229.bmp,62
47230.bmp,63
47231.bmp,64
47232.bmp,65
47233.bmp,66
47234.bmp,67
47235.bmp,68
47236.bmp,69
47237.bmp,70
47238.bmp,71
47239.bmp,72
47240.bmp,73
47241.bmp,74
47242.bmp,75
47243.bmp,76
47244.bmp,77
47245.bmp,78
47246.bmp,79
47247.bmp,80
47248.bmp,81
47249.bmp,82
47250.bmp,83
47251.bmp,84
47252.bmp,85
47253.bmp,86
47254.bmp,87
47255.bmp,88
47256.bmp,89
47257.bmp,90
47258.bmp,91
47259.bmp,92
47260.bmp,93
47261.bmp,94
47262.bmp,95
47263.bmp,96
47264.bmp,97
47265.bmp,98
47266.bmp,99
47267.bmp,100
47268.bmp,101
47269.bmp,102
47270.bmp,103
47271.bmp,104
47272.bmp,105
47273.bmp,106
47274.bmp,107
47275.bmp,108
47276.bmp,109
47277.bmp,110
47278.bmp,111
47279.bmp,112
47280.bmp,113
47281.bmp,114
47282.bmp,115
47283.bmp,116
47284.bmp,117
47285.bmp,118
47286.bmp,119
47287.bmp,120
47288.bmp,121
47289.bmp,122
47290.bmp,123
47291.bmp,124
47292.bmp,125
47293.bmp,126
47294.bmp,127
47295.bmp,128
47296.bmp,129
47297.bmp,130
47298.bmp,131
47299.bmp,132
47300.bmp,133
47301.bmp,134
47302.bmp,135
47303.bmp,136
47304.bmp,137
47305.bmp,138
47306.bmp,139
47307.bmp,140
47308.bmp,141
47309.bmp,142
47310.bmp,143
47311.bmp,144
47312.bmp,145
47313.bmp,146
47314.bmp,147
47315.bmp,148
47316.bmp,149
47317.bmp,150
47318.bmp,151
47319.bmp,152
47320.bmp,153
47321.bmp,154
47322.bmp,155
47323.bmp,80
47324.bmp,0
47325.bmp,1
47326.bmp,2
47327.bmp,3
47328.bmp,4
47329.bmp,5
47330.bmp,6
47331.bmp,7
47332.bmp,8
47333.bmp,9
47334.bmp,10
47335.bmp,11
47336.bmp,12
47337.bmp,13
47338.bmp,14
47339.bmp,15
47340.bmp,16
47341.bmp,17
47342.bmp,18
47343.bmp,19
47344.bmp,20
47345.bmp,21
47346.bmp,22
47347.bmp,23
47348.bmp,24
47349.bmp,25
47350.bmp,26
47351.bmp,27
47352.bmp,28
47353.bmp,29
47354.bmp,30
47355.bmp,31
47356.bmp,32
47357.bmp,33
47358.bmp,34
47359.bmp,35
47360.bmp,36
47361.bmp,37
47362.bmp,38
47363.bmp,39
47364.bmp,40
47365.bmp,41
47366.bmp,42
47367.bmp,43
47368.bmp,44
47369.bmp,45
47370.bmp,46
47371.bmp,47
47372.bmp,48
47373.bmp,49
47374.bmp,50
47375.bmp,51
47376.bmp,52
47377.bmp,53
47378.bmp,54
47379.bmp,55
47380.bmp,56
47381.bmp,57
47382.bmp,58
47383.bmp,59
47384.bmp,60
47385.bmp,61
47386.bmp,62
47387.bmp,63
47388.bmp,64
47389.bmp,65
47390.bmp,66
47391.bmp,67
47392.bmp,68
47393.bmp,69
47394.bmp,70
47395.bmp,71
47396.bmp,72
47397.bmp,73
47398.bmp,74
47399.bmp,75
47400.bmp,76
47401.bmp,77
47402.bmp,78
47403.bmp,79
47404.bmp,80
47405.bmp,81
47406.bmp,82
47407.bmp,83
47408.bmp,84
47409.bmp,85
47410.bmp,86
47411.bmp,87
47412.bmp,88
47413.bmp,89
47414.bmp,90
47415.bmp,91
47416.bmp,92
47417.bmp,93
47418.bmp,94
47419.bmp,95
47420.bmp,96
47421.bmp,97
47422.bmp,98
47423.bmp,99
47424.bmp,100
47425.bmp,101
47426.bmp,102
47427.bmp,103
47428.bmp,104
47429.bmp,105
47430.bmp,106
47431.bmp,107
47432.bmp,108
47433.bmp,109
47434.bmp,110
47435.bmp,111
47436.bmp,112
47437.bmp,113
47438.bmp,114
47439.bmp,115
47440.bmp,116
47441.bmp,117
47442.bmp,118
47443.bmp,119
47444.bmp,120
47445.bmp,121
47446.bmp,122
47447.bmp,123
47448.bmp,124
47449.bmp,125
47450.bmp,126
47451.bmp,127
47452.bmp,128
47453.bmp,129
47454.bmp,130
47455.bmp,131
47456.bmp,132
47457.bmp,133
47458.bmp,134
47459.bmp,135
47460.bmp,136
47461.bmp,137
47462.bmp,138
47463.bmp,139
47464.bmp,140
47465.bmp,141
47466.bmp,142
47467.bmp,143
47468.bmp,144
47469.bmp,145
47470.bmp,146
47471.bmp,147
47472.bmp,148
47473.bmp,149
47474.bmp,150
47475.bmp,151
47476.bmp,152
47477.bmp,153
47478.bmp,154
47479.bmp,155
47480.bmp,80
47481.bmp,0
47482.bmp,1
47483.bmp,2
47484.bmp,3
47485.bmp,4
47486.bmp,5
47487.bmp,6
47488.bmp,7
47489.bmp,8
47490.bmp,9
47491.bmp,10
47492.bmp,11
47493.bmp,12
47494.bmp,13
47495.bmp,14
47496.bmp,15
47497.bmp,16
47498.bmp,17
47499.bmp,18
47500.bmp,19
47501.bmp,20
47502.bmp,21
47503.bmp,22
47504.bmp,23
47505.bmp,24
47506.bmp,25
47507.bmp,26
47508.bmp,27
47509.bmp,28
47510.bmp,29
47511.bmp,30
47512.bmp,31
47513.bmp,32
47514.bmp,33
47515.bmp,34
47516.bmp,35
47517.bmp,36
47518.bmp,37
47519.bmp,38
47520.bmp,39
47521.bmp,40
47522.bmp,41
47523.bmp,42
47524.bmp,43
47525.bmp,44
47526.bmp,45
47527.bmp,46
47528.bmp,47
47529.bmp,48
47530.bmp,49
47531.bmp,50
47532.bmp,51
47533.bmp,52
47534.bmp,53
47535.bmp,54
47536.bmp,55
47537.bmp,56
47538.bmp,57
47539.bmp,58
47540.bmp,59
47541.bmp,60
47542.bmp,61
47543.bmp,62
47544.bmp,63
47545.bmp,64
47546.bmp,65
47547.bmp,66
47548.bmp,67
47549.bmp,68
47550.bmp,69
47551.bmp,70
47552.bmp,71
47553.bmp,72
47554.bmp,73
47555.bmp,74
47556.bmp,75
47557.bmp,76
47558.bmp,77
47559.bmp,78
47560.bmp,79
47561.bmp,80
47562.bmp,81
47563.bmp,82
47564.bmp,83
47565.bmp,84
47566.bmp,85
47567.bmp,86
47568.bmp,87
47569.bmp,88
47570.bmp,89
47571.bmp,90
47572.bmp,91
47573.bmp,92
47574.bmp,93
47575.bmp,94
47576.bmp,95
47577.bmp,96
47578.bmp,97
47579.bmp,98
47580.bmp,99
47581.bmp,100
47582.bmp,101
47583.bmp,102
47584.bmp,103
47585.bmp,104
47586.bmp,105
47587.bmp,106
47588.bmp,107
47589.bmp,108
47590.bmp,109
47591.bmp,110
47592.bmp,111
47593.bmp,112
47594.bmp,113
47595.bmp,114
47596.bmp,115
47597.bmp,116
47598.bmp,117
47599.bmp,118
47600.bmp,119
47601.bmp,120
47602.bmp,121
47603.bmp,122
47604.bmp,123
47605.bmp,124
47606.bmp,125
47607.bmp,126
47608.bmp,127
47609.bmp,128
47610.bmp,129
47611.bmp,130
47612.bmp,131
47613.bmp,132
47614.bmp,133
47615.bmp,134
47616.bmp,135
47617.bmp,136
47618.bmp,137
47619.bmp,138
47620.bmp,139
47621.bmp,140
47622.bmp,141
47623.bmp,142
47624.bmp,143
47625.bmp,144
47626.bmp,145
47627.bmp,146
47628.bmp,147
47629.bmp,148
47630.bmp,149
47631.bmp,150
47632.bmp,151
47633.bmp,152
47634.bmp,153
47635.bmp,154
47636.bmp,155
47637.bmp,80
47638.bmp,0
47639.bmp,1
47640.bmp,2
47641.bmp,3
47642.bmp,4
47643.bmp,5
47644.bmp,6
47645.bmp,7
47646.bmp,8
47647.bmp,9
47648.bmp,10
47649.bmp,11
47650.bmp,12
47651.bmp,13
47652.bmp,14
47653.bmp,15
47654.bmp,16
47655.bmp,17
47656.bmp,18
47657.bmp,19
47658.bmp,20
47659.bmp,21
47660.bmp,22
47661.bmp,23
47662.bmp,24
47663.bmp,25
47664.bmp,26
47665.bmp,27
47666.bmp,28
47667.bmp,29
47668.bmp,30
47669.bmp,31
47670.bmp,32
47671.bmp,33
47672.bmp,34
47673.bmp,35
47674.bmp,36
47675.bmp,37
47676.bmp,38
47677.bmp,39
47678.bmp,40
47679.bmp,41
47680.bmp,42
47681.bmp,43
47682.bmp,44
47683.bmp,45
47684.bmp,46
47685.bmp,47
47686.bmp,48
47687.bmp,49
47688.bmp,50
47689.bmp,51
47690.bmp,52
47691.bmp,53
47692.bmp,54
47693.bmp,55
47694.bmp,56
47695.bmp,57
47696.bmp,58
47697.bmp,59
47698.bmp,60
47699.bmp,61
47700.bmp,62
47701.bmp,63
47702.bmp,64
47703.bmp,65
47704.bmp,66
47705.bmp,67
47706.bmp,68
47707.bmp,69
47708.bmp,70
47709.bmp,71
47710.bmp,72
47711.bmp,73
47712.bmp,74
47713.bmp,75
47714.bmp,76
47715.bmp,77
47716.bmp,78
47717.bmp,79
47718.bmp,80
47719.bmp,81
47720.bmp,82
47721.bmp,83
47722.bmp,84
47723.bmp,85
47724.bmp,86
47725.bmp,87
47726.bmp,88
47727.bmp,89
47728.bmp,90
47729.bmp,91
47730.bmp,92
47731.bmp,93
47732.bmp,94
47733.bmp,95
47734.bmp,96
47735.bmp,97
47736.bmp,98
47737.bmp,99
47738.bmp,100
47739.bmp,101
47740.bmp,102
47741.bmp,103
47742.bmp,104
47743.bmp,105
47744.bmp,106
47745.bmp,107
47746.bmp,108
47747.bmp,109
47748.bmp,110
47749.bmp,111
47750.bmp,112
47751.bmp,113
47752.bmp,114
47753.bmp,115
47754.bmp,116
47755.bmp,117
47756.bmp,118
47757.bmp,119
47758.bmp,120
47759.bmp,121
47760.bmp,122
47761.bmp,123
47762.bmp,124
47763.bmp,125
47764.bmp,126
47765.bmp,127
47766.bmp,128
47767.bmp,129
47768.bmp,130
47769.bmp,131
47770.bmp,132
47771.bmp,133
47772.bmp,134
47773.bmp,135
47774.bmp,136
47775.bmp,137
47776.bmp,138
47777.bmp,139
47778.bmp,140
47779.bmp,141
47780.bmp,142
47781.bmp,143
47782.bmp,144
47783.bmp,145
47784.bmp,146
47785.bmp,147
47786.bmp,148
47787.bmp,149
47788.bmp,150
47789.bmp,151
47790.bmp,152
47791.bmp,153
47792.bmp,154
47793.bmp,155
47794.bmp,80
47795.bmp,0
47796.bmp,1
47797.bmp,2
47798.bmp,3
47799.bmp,4
47800.bmp,5
47801.bmp,6
47802.bmp,7
47803.bmp,8
47804.bmp,9
47805.bmp,10
47806.bmp,11
47807.bmp,12
47808.bmp,13
47809.bmp,14
47810.bmp,15
47811.bmp,16
47812.bmp,17
47813.bmp,18
47814.bmp,19
47815.bmp,20
47816.bmp,21
47817.bmp,22
47818.bmp,23
47819.bmp,24
47820.bmp,25
47821.bmp,26
47822.bmp,27
47823.bmp,28
47824.bmp,29
47825.bmp,30
47826.bmp,31
47827.bmp,32
47828.bmp,33
47829.bmp,34
47830.bmp,35
47831.bmp,36
47832.bmp,37
47833.bmp,38
47834.bmp,39
47835.bmp,40
47836.bmp,41
47837.bmp,42
47838.bmp,43
47839.bmp,44
47840.bmp,45
47841.bmp,46
47842.bmp,47
47843.bmp,48
47844.bmp,49
47845.bmp,50
47846.bmp,51
47847.bmp,52
47848.bmp,53
47849.bmp,54
47850.bmp,55
47851.bmp,56
47852.bmp,57
47853.bmp,58
47854.bmp,59
47855.bmp,60
47856.bmp,61
47857.bmp,62
47858.bmp,63
47859.bmp,64
47860.bmp,65
47861.bmp,66
47862.bmp,67
47863.bmp,68
47864.bmp,69
47865.bmp,70
47866.bmp,71
47867.bmp,72
47868.bmp,73
47869.bmp,74
47870.bmp,75
47871.bmp,76
47872.bmp,77
47873.bmp,78
47874.bmp,79
47875.bmp,80
47876.bmp,81
47877.bmp,82
47878.bmp,83
47879.bmp,84
47880.bmp,85
47881.bmp,86
47882.bmp,87
47883.bmp,88
47884.bmp,89
47885.bmp,90
47886.bmp,91
47887.bmp,92
47888.bmp,93
47889.bmp,94
47890.bmp,95
47891.bmp,96
47892.bmp,97
47893.bmp,98
47894.bmp,99
47895.bmp,100
47896.bmp,101
47897.bmp,102
47898.bmp,103
47899.bmp,104
47900.bmp,105
47901.bmp,106
47902.bmp,107
47903.bmp,108
47904.bmp,109
47905.bmp,110
47906.bmp,111
47907.bmp,112
47908.bmp,113
47909.bmp,114
47910.bmp,115
47911.bmp,116
47912.bmp,117
47913.bmp,118
47914.bmp,119
47915.bmp,120
47916.bmp,121
47917.bmp,122
47918.bmp,123
47919.bmp,124
47920.bmp,125
47921.bmp,126
47922.bmp,127
47923.bmp,128
47924.bmp,129
47925.bmp,130
47926.bmp,131
47927.bmp,132
47928.bmp,133
47929.bmp,134
47930.bmp,135
47931.bmp,136
47932.bmp,137
47933.bmp,138
47934.bmp,139
47935.bmp,140
47936.bmp,141
47937.bmp,142
47938.bmp,143
47939.bmp,144
47940.bmp,145
47941.bmp,146
47942.bmp,147
47943.bmp,148
47944.bmp,149
47945.bmp,150
47946.bmp,151
47947.bmp,152
47948.bmp,153
47949.bmp,154
47950.bmp,155
47951.bmp,80
47952.bmp,0
47953.bmp,1
47954.bmp,2
47955.bmp,3
47956.bmp,4
47957.bmp,5
47958.bmp,6
47959.bmp,7
47960.bmp,8
47961.bmp,9
47962.bmp,10
47963.bmp,11
47964.bmp,12
47965.bmp,13
47966.bmp,14
47967.bmp,15
47968.bmp,16
47969.bmp,17
47970.bmp,18
47971.bmp,19
47972.bmp,20
47973.bmp,21
47974.bmp,22
47975.bmp,23
47976.bmp,24
47977.bmp,25
47978.bmp,26
47979.bmp,27
47980.bmp,28
47981.bmp,29
47982.bmp,30
47983.bmp,31
47984.bmp,32
47985.bmp,33
47986.bmp,34
47987.bmp,35
47988.bmp,36
47989.bmp,37
47990.bmp,38
47991.bmp,39
47992.bmp,40
47993.bmp,41
47994.bmp,42
47995.bmp,43
47996.bmp,44
47997.bmp,45
47998.bmp,46
47999.bmp,47
48000.bmp,48
48001.bmp,49
48002.bmp,50
48003.bmp,51
48004.bmp,52
48005.bmp,53
48006.bmp,54
48007.bmp,55
48008.bmp,56
48009.bmp,57
48010.bmp,58
48011.bmp,59
48012.bmp,60
48013.bmp,61
48014.bmp,62
48015.bmp,63
48016.bmp,64
48017.bmp,65
48018.bmp,66
48019.bmp,67
48020.bmp,68
48021.bmp,69
48022.bmp,70
48023.bmp,71
48024.bmp,72
48025.bmp,73
48026.bmp,74
48027.bmp,75
48028.bmp,76
48029.bmp,77
48030.bmp,78
48031.bmp,79
48032.bmp,80
48033.bmp,81
48034.bmp,82
48035.bmp,83
48036.bmp,84
48037.bmp,85
48038.bmp,86
48039.bmp,87
48040.bmp,88
48041.bmp,89
48042.bmp,90
48043.bmp,91
48044.bmp,92
48045.bmp,93
48046.bmp,94
48047.bmp,95
48048.bmp,96
48049.bmp,97
48050.bmp,98
48051.bmp,99
48052.bmp,100
48053.bmp,101
48054.bmp,102
48055.bmp,103
48056.bmp,104
48057.bmp,105
48058.bmp,106
48059.bmp,107
48060.bmp,108
48061.bmp,109
48062.bmp,110
48063.bmp,111
48064.bmp,112
48065.bmp,113
48066.bmp,114
48067.bmp,115
48068.bmp,116
48069.bmp,117
48070.bmp,118
48071.bmp,119
48072.bmp,120
48073.bmp,121
48074.bmp,122
48075.bmp,123
48076.bmp,124
48077.bmp,125
48078.bmp,126
48079.bmp,127
48080.bmp,128
48081.bmp,129
48082.bmp,130
48083.bmp,131
48084.bmp,132
48085.bmp,133
48086.bmp,134
48087.bmp,135
48088.bmp,136
48089.bmp,137
48090.bmp,138
48091.bmp,139
48092.bmp,140
48093.bmp,141
48094.bmp,142
48095.bmp,143
48096.bmp,144
48097.bmp,145
48098.bmp,146
48099.bmp,147
48100.bmp,148
48101.bmp,149
48102.bmp,150
48103.bmp,151
48104.bmp,152
48105.bmp,153
48106.bmp,154
48107.bmp,155
48108.bmp,80
48109.bmp,0
48110.bmp,1
48111.bmp,2
48112.bmp,3
48113.bmp,4
48114.bmp,5
48115.bmp,6
48116.bmp,7
48117.bmp,8
48118.bmp,9
48119.bmp,10
48120.bmp,11
48121.bmp,12
48122.bmp,13
48123.bmp,14
48124.bmp,15
48125.bmp,16
48126.bmp,17
48127.bmp,18
48128.bmp,19
48129.bmp,20
48130.bmp,21
48131.bmp,22
48132.bmp,23
48133.bmp,24
48134.bmp,25
48135.bmp,26
48136.bmp,27
48137.bmp,28
48138.bmp,29
48139.bmp,30
48140.bmp,31
48141.bmp,32
48142.bmp,33
48143.bmp,34
48144.bmp,35
48145.bmp,36
48146.bmp,37
48147.bmp,38
48148.bmp,39
48149.bmp,40
48150.bmp,41
48151.bmp,42
48152.bmp,43
48153.bmp,44
48154.bmp,45
48155.bmp,46
48156.bmp,47
48157.bmp,48
48158.bmp,49
48159.bmp,50
48160.bmp,51
48161.bmp,52
48162.bmp,53
48163.bmp,54
48164.bmp,55
48165.bmp,56
48166.bmp,57
48167.bmp,58
48168.bmp,59
48169.bmp,60
48170.bmp,61
48171.bmp,62
48172.bmp,63
48173.bmp,64
48174.bmp,65
48175.bmp,66
48176.bmp,67
48177.bmp,68
48178.bmp,69
48179.bmp,70
48180.bmp,71
48181.bmp,72
48182.bmp,73
48183.bmp,74
48184.bmp,75
48185.bmp,76
48186.bmp,77
48187.bmp,78
48188.bmp,79
48189.bmp,80
48190.bmp,81
48191.bmp,82
48192.bmp,83
48193.bmp,84
48194.bmp,85
48195.bmp,86
48196.bmp,87
48197.bmp,88
48198.bmp,89
48199.bmp,90
48200.bmp,91
48201.bmp,92
48202.bmp,93
48203.bmp,94
48204.bmp,95
48205.bmp,96
48206.bmp,97
48207.bmp,98
48208.bmp,99
48209.bmp,100
48210.bmp,101
48211.bmp,102
48212.bmp,103
48213.bmp,104
48214.bmp,105
48215.bmp,106
48216.bmp,107
48217.bmp,108
48218.bmp,109
48219.bmp,110
48220.bmp,111
48221.bmp,112
48222.bmp,113
48223.bmp,114
48224.bmp,115
48225.bmp,116
48226.bmp,117
48227.bmp,118
48228.bmp,119
48229.bmp,120
48230.bmp,121
48231.bmp,122
48232.bmp,123
48233.bmp,124
48234.bmp,125
48235.bmp,126
48236.bmp,127
48237.bmp,128
48238.bmp,129
48239.bmp,130
48240.bmp,131
48241.bmp,132
48242.bmp,133
48243.bmp,134
48244.bmp,135
48245.bmp,136
48246.bmp,137
48247.bmp,138
48248.bmp,139
48249.bmp,140
48250.bmp,141
48251.bmp,142
48252.bmp,143
48253.bmp,144
48254.bmp,145
48255.bmp,146
48256.bmp,147
48257.bmp,148
48258.bmp,149
48259.bmp,150
48260.bmp,151
48261.bmp,152
48262.bmp,153
48263.bmp,154
48264.bmp,155
48265.bmp,80
48266.bmp,0
48267.bmp,1
48268.bmp,2
48269.bmp,3
48270.bmp,4
48271.bmp,5
48272.bmp,6
48273.bmp,7
48274.bmp,8
48275.bmp,9
48276.bmp,10
48277.bmp,11
48278.bmp,12
48279.bmp,13
48280.bmp,14
48281.bmp,15
48282.bmp,16
48283.bmp,17
48284.bmp,18
48285.bmp,19
48286.bmp,20
48287.bmp,21
48288.bmp,22
48289.bmp,23
48290.bmp,24
48291.bmp,25
48292.bmp,26
48293.bmp,27
48294.bmp,28
48295.bmp,29
48296.bmp,30
48297.bmp,31
48298.bmp,32
48299.bmp,33
48300.bmp,34
48301.bmp,35
48302.bmp,36
48303.bmp,37
48304.bmp,38
48305.bmp,39
48306.bmp,40
48307.bmp,41
48308.bmp,42
48309.bmp,43
48310.bmp,44
48311.bmp,45
48312.bmp,46
48313.bmp,47
48314.bmp,48
48315.bmp,49
48316.bmp,50
48317.bmp,51
48318.bmp,52
48319.bmp,53
48320.bmp,54
48321.bmp,55
48322.bmp,56
48323.bmp,57
48324.bmp,58
48325.bmp,59
48326.bmp,60
48327.bmp,61
48328.bmp,62
48329.bmp,63
48330.bmp,64
48331.bmp,65
48332.bmp,66
48333.bmp,67
48334.bmp,68
48335.bmp,69
48336.bmp,70
48337.bmp,71
48338.bmp,72
48339.bmp,73
48340.bmp,74
48341.bmp,75
48342.bmp,76
48343.bmp,77
48344.bmp,78
48345.bmp,79
48346.bmp,80
48347.bmp,81
48348.bmp,82
48349.bmp,83
48350.bmp,84
48351.bmp,85
48352.bmp,86
48353.bmp,87
48354.bmp,88
48355.bmp,89
48356.bmp,90
48357.bmp,91
48358.bmp,92
48359.bmp,93
48360.bmp,94
48361.bmp,95
48362.bmp,96
48363.bmp,97
48364.bmp,98
48365.bmp,99
48366.bmp,100
48367.bmp,101
48368.bmp,102
48369.bmp,103
48370.bmp,104
48371.bmp,105
48372.bmp,106
48373.bmp,107
48374.bmp,108
48375.bmp,109
48376.bmp,110
48377.bmp,111
48378.bmp,112
48379.bmp,113
48380.bmp,114
48381.bmp,115
48382.bmp,116
48383.bmp,117
48384.bmp,118
48385.bmp,119
48386.bmp,120
48387.bmp,121
48388.bmp,122
48389.bmp,123
48390.bmp,124
48391.bmp,125
48392.bmp,126
48393.bmp,127
48394.bmp,128
48395.bmp,129
48396.bmp,130
48397.bmp,131
48398.bmp,132
48399.bmp,133
48400.bmp,134
48401.bmp,135
48402.bmp,136
48403.bmp,137
48404.bmp,138
48405.bmp,139
48406.bmp,140
48407.bmp,141
48408.bmp,142
48409.bmp,143
48410.bmp,144
48411.bmp,145
48412.bmp,146
48413.bmp,147
48414.bmp,148
48415.bmp,149
48416.bmp,150
48417.bmp,151
48418.bmp,152
48419.bmp,153
48420.bmp,154
48421.bmp,155
48422.bmp,80
48423.bmp,0
48424.bmp,1
48425.bmp,2
48426.bmp,3
48427.bmp,4
48428.bmp,5
48429.bmp,6
48430.bmp,7
48431.bmp,8
48432.bmp,9
48433.bmp,10
48434.bmp,11
48435.bmp,12
48436.bmp,13
48437.bmp,14
48438.bmp,15
48439.bmp,16
48440.bmp,17
48441.bmp,18
48442.bmp,19
48443.bmp,20
48444.bmp,21
48445.bmp,22
48446.bmp,23
48447.bmp,24
48448.bmp,25
48449.bmp,26
48450.bmp,27
48451.bmp,28
48452.bmp,29
48453.bmp,30
48454.bmp,31
48455.bmp,32
48456.bmp,33
48457.bmp,34
48458.bmp,35
48459.bmp,36
48460.bmp,37
48461.bmp,38
48462.bmp,39
48463.bmp,40
48464.bmp,41
48465.bmp,42
48466.bmp,43
48467.bmp,44
48468.bmp,45
48469.bmp,46
48470.bmp,47
48471.bmp,48
48472.bmp,49
48473.bmp,50
48474.bmp,51
48475.bmp,52
48476.bmp,53
48477.bmp,54
48478.bmp,55
48479.bmp,56
48480.bmp,57
48481.bmp,58
48482.bmp,59
48483.bmp,60
48484.bmp,61
48485.bmp,62
48486.bmp,63
48487.bmp,64
48488.bmp,65
48489.bmp,66
48490.bmp,67
48491.bmp,68
48492.bmp,69
48493.bmp,70
48494.bmp,71
48495.bmp,72
48496.bmp,73
48497.bmp,74
48498.bmp,75
48499.bmp,76
48500.bmp,77
48501.bmp,78
48502.bmp,79
48503.bmp,80
48504.bmp,81
48505.bmp,82
48506.bmp,83
48507.bmp,84
48508.bmp,85
48509.bmp,86
48510.bmp,87
48511.bmp,88
48512.bmp,89
48513.bmp,90
48514.bmp,91
48515.bmp,92
48516.bmp,93
48517.bmp,94
48518.bmp,95
48519.bmp,96
48520.bmp,97
48521.bmp,98
48522.bmp,99
48523.bmp,100
48524.bmp,101
48525.bmp,102
48526.bmp,103
48527.bmp,104
48528.bmp,105
48529.bmp,106
48530.bmp,107
48531.bmp,108
48532.bmp,109
48533.bmp,110
48534.bmp,111
48535.bmp,112
48536.bmp,113
48537.bmp,114
48538.bmp,115
48539.bmp,116
48540.bmp,117
48541.bmp,118
48542.bmp,119
48543.bmp,120
48544.bmp,121
48545.bmp,122
48546.bmp,123
48547.bmp,124
48548.bmp,125
48549.bmp,126
48550.bmp,127
48551.bmp,128
48552.bmp,129
48553.bmp,130
48554.bmp,131
48555.bmp,132
48556.bmp,133
48557.bmp,134
48558.bmp,135
48559.bmp,136
48560.bmp,137
48561.bmp,138
48562.bmp,139
48563.bmp,140
48564.bmp,141
48565.bmp,142
48566.bmp,143
48567.bmp,144
48568.bmp,145
48569.bmp,146
48570.bmp,147
48571.bmp,148
48572.bmp,149
48573.bmp,150
48574.bmp,151
48575.bmp,152
48576.bmp,153
48577.bmp,154
48578.bmp,155
48579.bmp,80
48580.bmp,0
48581.bmp,1
48582.bmp,2
48583.bmp,3
48584.bmp,4
48585.bmp,5
48586.bmp,6
48587.bmp,7
48588.bmp,8
48589.bmp,9
48590.bmp,10
48591.bmp,11
48592.bmp,12
48593.bmp,13
48594.bmp,14
48595.bmp,15
48596.bmp,16
48597.bmp,17
48598.bmp,18
48599.bmp,19
48600.bmp,20
48601.bmp,21
48602.bmp,22
48603.bmp,23
48604.bmp,24
48605.bmp,25
48606.bmp,26
48607.bmp,27
48608.bmp,28
48609.bmp,29
48610.bmp,30
48611.bmp,31
48612.bmp,32
48613.bmp,33
48614.bmp,34
48615.bmp,35
48616.bmp,36
48617.bmp,37
48618.bmp,38
48619.bmp,39
48620.bmp,40
48621.bmp,41
48622.bmp,42
48623.bmp,43
48624.bmp,44
48625.bmp,45
48626.bmp,46
48627.bmp,47
48628.bmp,48
48629.bmp,49
48630.bmp,50
48631.bmp,51
48632.bmp,52
48633.bmp,53
48634.bmp,54
48635.bmp,55
48636.bmp,56
48637.bmp,57
48638.bmp,58
48639.bmp,59
48640.bmp,60
48641.bmp,61
48642.bmp,62
48643.bmp,63
48644.bmp,64
48645.bmp,65
48646.bmp,66
48647.bmp,67
48648.bmp,68
48649.bmp,69
48650.bmp,70
48651.bmp,71
48652.bmp,72
48653.bmp,73
48654.bmp,74
48655.bmp,75
48656.bmp,76
48657.bmp,77
48658.bmp,78
48659.bmp,79
48660.bmp,80
48661.bmp,81
48662.bmp,82
48663.bmp,83
48664.bmp,84
48665.bmp,85
48666.bmp,86
48667.bmp,87
48668.bmp,88
48669.bmp,89
48670.bmp,90
48671.bmp,91
48672.bmp,92
48673.bmp,93
48674.bmp,94
48675.bmp,95
48676.bmp,96
48677.bmp,97
48678.bmp,98
48679.bmp,99
48680.bmp,100
48681.bmp,101
48682.bmp,102
48683.bmp,103
48684.bmp,104
48685.bmp,105
48686.bmp,106
48687.bmp,107
48688.bmp,108
48689.bmp,109
48690.bmp,110
48691.bmp,111
48692.bmp,112
48693.bmp,113
48694.bmp,114
48695.bmp,115
48696.bmp,116
48697.bmp,117
48698.bmp,118
48699.bmp,119
48700.bmp,120
48701.bmp,121
48702.bmp,122
48703.bmp,123
48704.bmp,124
48705.bmp,125
48706.bmp,126
48707.bmp,127
48708.bmp,128
48709.bmp,129
48710.bmp,130
48711.bmp,131
48712.bmp,132
48713.bmp,133
48714.bmp,134
48715.bmp,135
48716.bmp,136
48717.bmp,137
48718.bmp,138
48719.bmp,139
48720.bmp,140
48721.bmp,141
48722.bmp,142
48723.bmp,143
48724.bmp,144
48725.bmp,145
48726.bmp,146
48727.bmp,147
48728.bmp,148
48729.bmp,149
48730.bmp,150
48731.bmp,151
48732.bmp,152
48733.bmp,153
48734.bmp,154
48735.bmp,155
48736.bmp,80
48737.bmp,0
48738.bmp,1
48739.bmp,2
48740.bmp,3
48741.bmp,4
48742.bmp,5
48743.bmp,6
48744.bmp,7
48745.bmp,8
48746.bmp,9
48747.bmp,10
48748.bmp,11
48749.bmp,12
48750.bmp,13
48751.bmp,14
48752.bmp,15
48753.bmp,16
48754.bmp,17
48755.bmp,18
48756.bmp,19
48757.bmp,20
48758.bmp,21
48759.bmp,22
48760.bmp,23
48761.bmp,24
48762.bmp,25
48763.bmp,26
48764.bmp,27
48765.bmp,28
48766.bmp,29
48767.bmp,30
48768.bmp,31
48769.bmp,32
48770.bmp,33
48771.bmp,34
48772.bmp,35
48773.bmp,36
48774.bmp,37
48775.bmp,38
48776.bmp,39
48777.bmp,40
48778.bmp,41
48779.bmp,42
48780.bmp,43
48781.bmp,44
48782.bmp,45
48783.bmp,46
48784.bmp,47
48785.bmp,48
48786.bmp,49
48787.bmp,50
48788.bmp,51
48789.bmp,52
48790.bmp,53
48791.bmp,54
48792.bmp,55
48793.bmp,56
48794.bmp,57
48795.bmp,58
48796.bmp,59
48797.bmp,60
48798.bmp,61
48799.bmp,62
48800.bmp,63
48801.bmp,64
48802.bmp,65
48803.bmp,66
48804.bmp,67
48805.bmp,68
48806.bmp,69
48807.bmp,70
48808.bmp,71
48809.bmp,72
48810.bmp,73
48811.bmp,74
48812.bmp,75
48813.bmp,76
48814.bmp,77
48815.bmp,78
48816.bmp,79
48817.bmp,80
48818.bmp,81
48819.bmp,82
48820.bmp,83
48821.bmp,84
48822.bmp,85
48823.bmp,86
48824.bmp,87
48825.bmp,88
48826.bmp,89
48827.bmp,90
48828.bmp,91
48829.bmp,92
48830.bmp,93
48831.bmp,94
48832.bmp,95
48833.bmp,96
48834.bmp,97
48835.bmp,98
48836.bmp,99
48837.bmp,100
48838.bmp,101
48839.bmp,102
48840.bmp,103
48841.bmp,104
48842.bmp,105
48843.bmp,106
48844.bmp,107
48845.bmp,108
48846.bmp,109
48847.bmp,110
48848.bmp,111
48849.bmp,112
48850.bmp,113
48851.bmp,114
48852.bmp,115
48853.bmp,116
48854.bmp,117
48855.bmp,118
48856.bmp,119
48857.bmp,120
48858.bmp,121
48859.bmp,122
48860.bmp,123
48861.bmp,124
48862.bmp,125
48863.bmp,126
48864.bmp,127
48865.bmp,128
48866.bmp,129
48867.bmp,130
48868.bmp,131
48869.bmp,132
48870.bmp,133
48871.bmp,134
48872.bmp,135
48873.bmp,136
48874.bmp,137
48875.bmp,138
48876.bmp,139
48877.bmp,140
48878.bmp,141
48879.bmp,142
48880.bmp,143
48881.bmp,144
48882.bmp,145
48883.bmp,146
48884.bmp,147
48885.bmp,148
48886.bmp,149
48887.bmp,150
48888.bmp,151
48889.bmp,152
48890.bmp,153
48891.bmp,154
48892.bmp,155
48893.bmp,80
48894.bmp,0
48895.bmp,1
48896.bmp,2
48897.bmp,3
48898.bmp,4
48899.bmp,5
48900.bmp,6
48901.bmp,7
48902.bmp,8
48903.bmp,9
48904.bmp,10
48905.bmp,11
48906.bmp,12
48907.bmp,13
48908.bmp,14
48909.bmp,15
48910.bmp,16
48911.bmp,17
48912.bmp,18
48913.bmp,19
48914.bmp,20
48915.bmp,21
48916.bmp,22
48917.bmp,23
48918.bmp,24
48919.bmp,25
48920.bmp,26
48921.bmp,27
48922.bmp,28
48923.bmp,29
48924.bmp,30
48925.bmp,31
48926.bmp,32
48927.bmp,33
48928.bmp,34
48929.bmp,35
48930.bmp,36
48931.bmp,37
48932.bmp,38
48933.bmp,39
48934.bmp,40
48935.bmp,41
48936.bmp,42
48937.bmp,43
48938.bmp,44
48939.bmp,45
48940.bmp,46
48941.bmp,47
48942.bmp,48
48943.bmp,49
48944.bmp,50
48945.bmp,51
48946.bmp,52
48947.bmp,53
48948.bmp,54
48949.bmp,55
48950.bmp,56
48951.bmp,57
48952.bmp,58
48953.bmp,59
48954.bmp,60
48955.bmp,61
48956.bmp,62
48957.bmp,63
48958.bmp,64
48959.bmp,65
48960.bmp,66
48961.bmp,67
48962.bmp,68
48963.bmp,69
48964.bmp,70
48965.bmp,71
48966.bmp,72
48967.bmp,73
48968.bmp,74
48969.bmp,75
48970.bmp,76
48971.bmp,77
48972.bmp,78
48973.bmp,79
48974.bmp,80
48975.bmp,81
48976.bmp,82
48977.bmp,83
48978.bmp,84
48979.bmp,85
48980.bmp,86
48981.bmp,87
48982.bmp,88
48983.bmp,89
48984.bmp,90
48985.bmp,91
48986.bmp,92
48987.bmp,93
48988.bmp,94
48989.bmp,95
48990.bmp,96
48991.bmp,97
48992.bmp,98
48993.bmp,99
48994.bmp,100
48995.bmp,101
48996.bmp,102
48997.bmp,103
48998.bmp,104
48999.bmp,105
49000.bmp,106
49001.bmp,107
49002.bmp,108
49003.bmp,109
49004.bmp,110
49005.bmp,111
49006.bmp,112
49007.bmp,113
49008.bmp,114
49009.bmp,115
49010.bmp,116
49011.bmp,117
49012.bmp,118
49013.bmp,119
49014.bmp,120
49015.bmp,121
49016.bmp,122
49017.bmp,123
49018.bmp,124
49019.bmp,125
49020.bmp,126
49021.bmp,127
49022.bmp,128
49023.bmp,129
49024.bmp,130
49025.bmp,131
49026.bmp,132
49027.bmp,133
49028.bmp,134
49029.bmp,135
49030.bmp,136
49031.bmp,137
49032.bmp,138
49033.bmp,139
49034.bmp,140
49035.bmp,141
49036.bmp,142
49037.bmp,143
49038.bmp,144
49039.bmp,145
49040.bmp,146
49041.bmp,147
49042.bmp,148
49043.bmp,149
49044.bmp,150
49045.bmp,151
49046.bmp,152
49047.bmp,153
49048.bmp,154
49049.bmp,155
49050.bmp,80
49051.bmp,0
49052.bmp,1
49053.bmp,2
49054.bmp,3
49055.bmp,4
49056.bmp,5
49057.bmp,6
49058.bmp,7
49059.bmp,8
49060.bmp,9
49061.bmp,10
49062.bmp,11
49063.bmp,12
49064.bmp,13
49065.bmp,14
49066.bmp,15
49067.bmp,16
49068.bmp,17
49069.bmp,18
49070.bmp,19
49071.bmp,20
49072.bmp,21
49073.bmp,22
49074.bmp,23
49075.bmp,24
49076.bmp,25
49077.bmp,26
49078.bmp,27
49079.bmp,28
49080.bmp,29
49081.bmp,30
49082.bmp,31
49083.bmp,32
49084.bmp,33
49085.bmp,34
49086.bmp,35
49087.bmp,36
49088.bmp,37
49089.bmp,38
49090.bmp,39
49091.bmp,40
49092.bmp,41
49093.bmp,42
49094.bmp,43
49095.bmp,44
49096.bmp,45
49097.bmp,46
49098.bmp,47
49099.bmp,48
49100.bmp,49
49101.bmp,50
49102.bmp,51
49103.bmp,52
49104.bmp,53
49105.bmp,54
49106.bmp,55
49107.bmp,56
49108.bmp,57
49109.bmp,58
49110.bmp,59
49111.bmp,60
49112.bmp,61
49113.bmp,62
49114.bmp,63
49115.bmp,64
49116.bmp,65
49117.bmp,66
49118.bmp,67
49119.bmp,68
49120.bmp,69
49121.bmp,70
49122.bmp,71
49123.bmp,72
49124.bmp,73
49125.bmp,74
49126.bmp,75
49127.bmp,76
49128.bmp,77
49129.bmp,78
49130.bmp,79
49131.bmp,80
49132.bmp,81
49133.bmp,82
49134.bmp,83
49135.bmp,84
49136.bmp,85
49137.bmp,86
49138.bmp,87
49139.bmp,88
49140.bmp,89
49141.bmp,90
49142.bmp,91
49143.bmp,92
49144.bmp,93
49145.bmp,94
49146.bmp,95
49147.bmp,96
49148.bmp,97
49149.bmp,98
49150.bmp,99
49151.bmp,100
49152.bmp,101
49153.bmp,102
49154.bmp,103
49155.bmp,104
49156.bmp,105
49157.bmp,106
49158.bmp,107
49159.bmp,108
49160.bmp,109
49161.bmp,110
49162.bmp,111
49163.bmp,112
49164.bmp,113
49165.bmp,114
49166.bmp,115
49167.bmp,116
49168.bmp,117
49169.bmp,118
49170.bmp,119
49171.bmp,120
49172.bmp,121
49173.bmp,122
49174.bmp,123
49175.bmp,124
49176.bmp,125
49177.bmp,126
49178.bmp,127
49179.bmp,128
49180.bmp,129
49181.bmp,130
49182.bmp,131
49183.bmp,132
49184.bmp,133
49185.bmp,134
49186.bmp,135
49187.bmp,136
49188.bmp,137
49189.bmp,138
49190.bmp,139
49191.bmp,140
49192.bmp,141
49193.bmp,142
49194.bmp,143
49195.bmp,144
49196.bmp,145
49197.bmp,146
49198.bmp,147
49199.bmp,148
49200.bmp,149
49201.bmp,150
49202.bmp,151
49203.bmp,152
49204.bmp,153
49205.bmp,154
49206.bmp,155
49207.bmp,80
49208.bmp,0
49209.bmp,1
49210.bmp,2
49211.bmp,3
49212.bmp,4
49213.bmp,5
49214.bmp,6
49215.bmp,7
49216.bmp,8
49217.bmp,9
49218.bmp,10
49219.bmp,11
49220.bmp,12
49221.bmp,13
49222.bmp,14
49223.bmp,15
49224.bmp,16
49225.bmp,17
49226.bmp,18
49227.bmp,19
49228.bmp,20
49229.bmp,21
49230.bmp,22
49231.bmp,23
49232.bmp,24
49233.bmp,25
49234.bmp,26
49235.bmp,27
49236.bmp,28
49237.bmp,29
49238.bmp,30
49239.bmp,31
49240.bmp,32
49241.bmp,33
49242.bmp,34
49243.bmp,35
49244.bmp,36
49245.bmp,37
49246.bmp,38
49247.bmp,39
49248.bmp,40
49249.bmp,41
49250.bmp,42
49251.bmp,43
49252.bmp,44
49253.bmp,45
49254.bmp,46
49255.bmp,47
49256.bmp,48
49257.bmp,49
49258.bmp,50
49259.bmp,51
49260.bmp,52
49261.bmp,53
49262.bmp,54
49263.bmp,55
49264.bmp,56
49265.bmp,57
49266.bmp,58
49267.bmp,59
49268.bmp,60
49269.bmp,61
49270.bmp,62
49271.bmp,63
49272.bmp,64
49273.bmp,65
49274.bmp,66
49275.bmp,67
49276.bmp,68
49277.bmp,69
49278.bmp,70
49279.bmp,71
49280.bmp,72
49281.bmp,73
49282.bmp,74
49283.bmp,75
49284.bmp,76
49285.bmp,77
49286.bmp,78
49287.bmp,79
49288.bmp,80
49289.bmp,81
49290.bmp,82
49291.bmp,83
49292.bmp,84
49293.bmp,85
49294.bmp,86
49295.bmp,87
49296.bmp,88
49297.bmp,89
49298.bmp,90
49299.bmp,91
49300.bmp,92
49301.bmp,93
49302.bmp,94
49303.bmp,95
49304.bmp,96
49305.bmp,97
49306.bmp,98
49307.bmp,99
49308.bmp,100
49309.bmp,101
49310.bmp,102
49311.bmp,103
49312.bmp,104
49313.bmp,105
49314.bmp,106
49315.bmp,107
49316.bmp,108
49317.bmp,109
49318.bmp,110
49319.bmp,111
49320.bmp,112
49321.bmp,113
49322.bmp,114
49323.bmp,115
49324.bmp,116
49325.bmp,117
49326.bmp,118
49327.bmp,119
49328.bmp,120
49329.bmp,121
49330.bmp,122
49331.bmp,123
49332.bmp,124
49333.bmp,125
49334.bmp,126
49335.bmp,127
49336.bmp,128
49337.bmp,129
49338.bmp,130
49339.bmp,131
49340.bmp,132
49341.bmp,133
49342.bmp,134
49343.bmp,135
49344.bmp,136
49345.bmp,137
49346.bmp,138
49347.bmp,139
49348.bmp,140
49349.bmp,141
49350.bmp,142
49351.bmp,143
49352.bmp,144
49353.bmp,145
49354.bmp,146
49355.bmp,147
49356.bmp,148
49357.bmp,149
49358.bmp,150
49359.bmp,151
49360.bmp,152
49361.bmp,153
49362.bmp,154
49363.bmp,155
49364.bmp,80
49365.bmp,0
49366.bmp,1
49367.bmp,2
49368.bmp,3
49369.bmp,4
49370.bmp,5
49371.bmp,6
49372.bmp,7
49373.bmp,8
49374.bmp,9
49375.bmp,10
49376.bmp,11
49377.bmp,12
49378.bmp,13
49379.bmp,14
49380.bmp,15
49381.bmp,16
49382.bmp,17
49383.bmp,18
49384.bmp,19
49385.bmp,20
49386.bmp,21
49387.bmp,22
49388.bmp,23
49389.bmp,24
49390.bmp,25
49391.bmp,26
49392.bmp,27
49393.bmp,28
49394.bmp,29
49395.bmp,30
49396.bmp,31
49397.bmp,32
49398.bmp,33
49399.bmp,34
49400.bmp,35
49401.bmp,36
49402.bmp,37
49403.bmp,38
49404.bmp,39
49405.bmp,40
49406.bmp,41
49407.bmp,42
49408.bmp,43
49409.bmp,44
49410.bmp,45
49411.bmp,46
49412.bmp,47
49413.bmp,48
49414.bmp,49
49415.bmp,50
49416.bmp,51
49417.bmp,52
49418.bmp,53
49419.bmp,54
49420.bmp,55
49421.bmp,56
49422.bmp,57
49423.bmp,58
49424.bmp,59
49425.bmp,60
49426.bmp,61
49427.bmp,62
49428.bmp,63
49429.bmp,64
49430.bmp,65
49431.bmp,66
49432.bmp,67
49433.bmp,68
49434.bmp,69
49435.bmp,70
49436.bmp,71
49437.bmp,72
49438.bmp,73
49439.bmp,74
49440.bmp,75
49441.bmp,76
49442.bmp,77
49443.bmp,78
49444.bmp,79
49445.bmp,80
49446.bmp,81
49447.bmp,82
49448.bmp,83
49449.bmp,84
49450.bmp,85
49451.bmp,86
49452.bmp,87
49453.bmp,88
49454.bmp,89
49455.bmp,90
49456.bmp,91
49457.bmp,92
49458.bmp,93
49459.bmp,94
49460.bmp,95
49461.bmp,96
49462.bmp,97
49463.bmp,98
49464.bmp,99
49465.bmp,100
49466.bmp,101
49467.bmp,102
49468.bmp,103
49469.bmp,104
49470.bmp,105
49471.bmp,106
49472.bmp,107
49473.bmp,108
49474.bmp,109
49475.bmp,110
49476.bmp,111
49477.bmp,112
49478.bmp,113
49479.bmp,114
49480.bmp,115
49481.bmp,116
49482.bmp,117
49483.bmp,118
49484.bmp,119
49485.bmp,120
49486.bmp,121
49487.bmp,122
49488.bmp,123
49489.bmp,124
49490.bmp,125
49491.bmp,126
49492.bmp,127
49493.bmp,128
49494.bmp,129
49495.bmp,130
49496.bmp,131
49497.bmp,132
49498.bmp,133
49499.bmp,134
49500.bmp,135
49501.bmp,136
49502.bmp,137
49503.bmp,138
49504.bmp,139
49505.bmp,140
49506.bmp,141
49507.bmp,142
49508.bmp,143
49509.bmp,144
49510.bmp,145
49511.bmp,146
49512.bmp,147
49513.bmp,148
49514.bmp,149
49515.bmp,150
49516.bmp,151
49517.bmp,152
49518.bmp,153
49519.bmp,154
49520.bmp,155
49521.bmp,80
49522.bmp,0
49523.bmp,1
49524.bmp,2
49525.bmp,3
49526.bmp,4
49527.bmp,5
49528.bmp,6
49529.bmp,7
49530.bmp,8
49531.bmp,9
49532.bmp,10
49533.bmp,11
49534.bmp,12
49535.bmp,13
49536.bmp,14
49537.bmp,15
49538.bmp,16
49539.bmp,17
49540.bmp,18
49541.bmp,19
49542.bmp,20
49543.bmp,21
49544.bmp,22
49545.bmp,23
49546.bmp,24
49547.bmp,25
49548.bmp,26
49549.bmp,27
49550.bmp,28
49551.bmp,29
49552.bmp,30
49553.bmp,31
49554.bmp,32
49555.bmp,33
49556.bmp,34
49557.bmp,35
49558.bmp,36
49559.bmp,37
49560.bmp,38
49561.bmp,39
49562.bmp,40
49563.bmp,41
49564.bmp,42
49565.bmp,43
49566.bmp,44
49567.bmp,45
49568.bmp,46
49569.bmp,47
49570.bmp,48
49571.bmp,49
49572.bmp,50
49573.bmp,51
49574.bmp,52
49575.bmp,53
49576.bmp,54
49577.bmp,55
49578.bmp,56
49579.bmp,57
49580.bmp,58
49581.bmp,59
49582.bmp,60
49583.bmp,61
49584.bmp,62
49585.bmp,63
49586.bmp,64
49587.bmp,65
49588.bmp,66
49589.bmp,67
49590.bmp,68
49591.bmp,69
49592.bmp,70
49593.bmp,71
49594.bmp,72
49595.bmp,73
49596.bmp,74
49597.bmp,75
49598.bmp,76
49599.bmp,77
49600.bmp,78
49601.bmp,79
49602.bmp,80
49603.bmp,81
49604.bmp,82
49605.bmp,83
49606.bmp,84
49607.bmp,85
49608.bmp,86
49609.bmp,87
49610.bmp,88
49611.bmp,89
49612.bmp,90
49613.bmp,91
49614.bmp,92
49615.bmp,93
49616.bmp,94
49617.bmp,95
49618.bmp,96
49619.bmp,97
49620.bmp,98
49621.bmp,99
49622.bmp,100
49623.bmp,101
49624.bmp,102
49625.bmp,103
49626.bmp,104
49627.bmp,105
49628.bmp,106
49629.bmp,107
49630.bmp,108
49631.bmp,109
49632.bmp,110
49633.bmp,111
49634.bmp,112
49635.bmp,113
49636.bmp,114
49637.bmp,115
49638.bmp,116
49639.bmp,117
49640.bmp,118
49641.bmp,119
49642.bmp,120
49643.bmp,121
49644.bmp,122
49645.bmp,123
49646.bmp,124
49647.bmp,125
49648.bmp,126
49649.bmp,127
49650.bmp,128
49651.bmp,129
49652.bmp,130
49653.bmp,131
49654.bmp,132
49655.bmp,133
49656.bmp,134
49657.bmp,135
49658.bmp,136
49659.bmp,137
49660.bmp,138
49661.bmp,139
49662.bmp,140
49663.bmp,141
49664.bmp,142
49665.bmp,143
49666.bmp,144
49667.bmp,145
49668.bmp,146
49669.bmp,147
49670.bmp,148
49671.bmp,149
49672.bmp,150
49673.bmp,151
49674.bmp,152
49675.bmp,153
49676.bmp,154
49677.bmp,155
49678.bmp,80
49679.bmp,0
49680.bmp,1
49681.bmp,2
49682.bmp,3
49683.bmp,4
49684.bmp,5
49685.bmp,6
49686.bmp,7
49687.bmp,8
49688.bmp,9
49689.bmp,10
49690.bmp,11
49691.bmp,12
49692.bmp,13
49693.bmp,14
49694.bmp,15
49695.bmp,16
49696.bmp,17
49697.bmp,18
49698.bmp,19
49699.bmp,20
49700.bmp,21
49701.bmp,22
49702.bmp,23
49703.bmp,24
49704.bmp,25
49705.bmp,26
49706.bmp,27
49707.bmp,28
49708.bmp,29
49709.bmp,30
49710.bmp,31
49711.bmp,32
49712.bmp,33
49713.bmp,34
49714.bmp,35
49715.bmp,36
49716.bmp,37
49717.bmp,38
49718.bmp,39
49719.bmp,40
49720.bmp,41
49721.bmp,42
49722.bmp,43
49723.bmp,44
49724.bmp,45
49725.bmp,46
49726.bmp,47
49727.bmp,48
49728.bmp,49
49729.bmp,50
49730.bmp,51
49731.bmp,52
49732.bmp,53
49733.bmp,54
49734.bmp,55
49735.bmp,56
49736.bmp,57
49737.bmp,58
49738.bmp,59
49739.bmp,60
49740.bmp,61
49741.bmp,62
49742.bmp,63
49743.bmp,64
49744.bmp,65
49745.bmp,66
49746.bmp,67
49747.bmp,68
49748.bmp,69
49749.bmp,70
49750.bmp,71
49751.bmp,72
49752.bmp,73
49753.bmp,74
49754.bmp,75
49755.bmp,76
49756.bmp,77
49757.bmp,78
49758.bmp,79
49759.bmp,80
49760.bmp,81
49761.bmp,82
49762.bmp,83
49763.bmp,84
49764.bmp,85
49765.bmp,86
49766.bmp,87
49767.bmp,88
49768.bmp,89
49769.bmp,90
49770.bmp,91
49771.bmp,92
49772.bmp,93
49773.bmp,94
49774.bmp,95
49775.bmp,96
49776.bmp,97
49777.bmp,98
49778.bmp,99
49779.bmp,100
49780.bmp,101
49781.bmp,102
49782.bmp,103
49783.bmp,104
49784.bmp,105
49785.bmp,106
49786.bmp,107
49787.bmp,108
49788.bmp,109
49789.bmp,110
49790.bmp,111
49791.bmp,112
49792.bmp,113
49793.bmp,114
49794.bmp,115
49795.bmp,116
49796.bmp,117
49797.bmp,118
49798.bmp,119
49799.bmp,120
49800.bmp,121
49801.bmp,122
49802.bmp,123
49803.bmp,124
49804.bmp,125
49805.bmp,126
49806.bmp,127
49807.bmp,128
49808.bmp,129
49809.bmp,130
49810.bmp,131
49811.bmp,132
49812.bmp,133
49813.bmp,134
49814.bmp,135
49815.bmp,136
49816.bmp,137
49817.bmp,138
49818.bmp,139
49819.bmp,140
49820.bmp,141
49821.bmp,142
49822.bmp,143
49823.bmp,144
49824.bmp,145
49825.bmp,146
49826.bmp,147
49827.bmp,148
49828.bmp,149
49829.bmp,150
49830.bmp,151
49831.bmp,152
49832.bmp,153
49833.bmp,154
49834.bmp,155
49835.bmp,80
49836.bmp,0
49837.bmp,1
49838.bmp,2
49839.bmp,3
49840.bmp,4
49841.bmp,5
49842.bmp,6
49843.bmp,7
49844.bmp,8
49845.bmp,9
49846.bmp,10
49847.bmp,11
49848.bmp,12
49849.bmp,13
49850.bmp,14
49851.bmp,15
49852.bmp,16
49853.bmp,17
49854.bmp,18
49855.bmp,19
49856.bmp,20
49857.bmp,21
49858.bmp,22
49859.bmp,23
49860.bmp,24
49861.bmp,25
49862.bmp,26
49863.bmp,27
49864.bmp,28
49865.bmp,29
49866.bmp,30
49867.bmp,31
49868.bmp,32
49869.bmp,33
49870.bmp,34
49871.bmp,35
49872.bmp,36
49873.bmp,37
49874.bmp,38
49875.bmp,39
49876.bmp,40
49877.bmp,41
49878.bmp,42
49879.bmp,43
49880.bmp,44
49881.bmp,45
49882.bmp,46
49883.bmp,47
49884.bmp,48
49885.bmp,49
49886.bmp,50
49887.bmp,51
49888.bmp,52
49889.bmp,53
49890.bmp,54
49891.bmp,55
49892.bmp,56
49893.bmp,57
49894.bmp,58
49895.bmp,59
49896.bmp,60
49897.bmp,61
49898.bmp,62
49899.bmp,63
49900.bmp,64
49901.bmp,65
49902.bmp,66
49903.bmp,67
49904.bmp,68
49905.bmp,69
49906.bmp,70
49907.bmp,71
49908.bmp,72
49909.bmp,73
49910.bmp,74
49911.bmp,75
49912.bmp,76
49913.bmp,77
49914.bmp,78
49915.bmp,79
49916.bmp,80
49917.bmp,81
49918.bmp,82
49919.bmp,83
49920.bmp,84
49921.bmp,85
49922.bmp,86
49923.bmp,87
49924.bmp,88
49925.bmp,89
49926.bmp,90
49927.bmp,91
49928.bmp,92
49929.bmp,93
49930.bmp,94
49931.bmp,95
49932.bmp,96
49933.bmp,97
49934.bmp,98
49935.bmp,99
49936.bmp,100
49937.bmp,101
49938.bmp,102
49939.bmp,103
49940.bmp,104
49941.bmp,105
49942.bmp,106
49943.bmp,107
49944.bmp,108
49945.bmp,109
49946.bmp,110
49947.bmp,111
49948.bmp,112
49949.bmp,113
49950.bmp,114
49951.bmp,115
49952.bmp,116
49953.bmp,117
49954.bmp,118
49955.bmp,119
49956.bmp,120
49957.bmp,121
49958.bmp,122
49959.bmp,123
49960.bmp,124
49961.bmp,125
49962.bmp,126
49963.bmp,127
49964.bmp,128
49965.bmp,129
49966.bmp,130
49967.bmp,131
49968.bmp,132
49969.bmp,133
49970.bmp,134
49971.bmp,135
49972.bmp,136
49973.bmp,137
49974.bmp,138
49975.bmp,139
49976.bmp,140
49977.bmp,141
49978.bmp,142
49979.bmp,143
49980.bmp,144
49981.bmp,145
49982.bmp,146
49983.bmp,147
49984.bmp,148
49985.bmp,149
49986.bmp,150
49987.bmp,151
49988.bmp,152
49989.bmp,153
49990.bmp,154
49991.bmp,155
49992.bmp,80
49993.bmp,0
49994.bmp,1
49995.bmp,2
49996.bmp,3
49997.bmp,4
49998.bmp,5
49999.bmp,6
50000.bmp,7
50001.bmp,8
50002.bmp,9
50003.bmp,10
50004.bmp,11
50005.bmp,12
50006.bmp,13
50007.bmp,14
50008.bmp,15
50009.bmp,16
50010.bmp,17
50011.bmp,18
50012.bmp,19
50013.bmp,20
50014.bmp,21
50015.bmp,22
50016.bmp,23
50017.bmp,24
50018.bmp,25
50019.bmp,26
50020.bmp,27
50021.bmp,28
50022.bmp,29
50023.bmp,30
50024.bmp,31
50025.bmp,32
50026.bmp,33
50027.bmp,34
50028.bmp,35
50029.bmp,36
50030.bmp,37
50031.bmp,38
50032.bmp,39
50033.bmp,40
50034.bmp,41
50035.bmp,42
50036.bmp,43
50037.bmp,44
50038.bmp,45
50039.bmp,46
50040.bmp,47
50041.bmp,48
50042.bmp,49
50043.bmp,50
50044.bmp,51
50045.bmp,52
50046.bmp,53
50047.bmp,54
50048.bmp,55
50049.bmp,56
50050.bmp,57
50051.bmp,58
50052.bmp,59
50053.bmp,60
50054.bmp,61
50055.bmp,62
50056.bmp,63
50057.bmp,64
50058.bmp,65
50059.bmp,66
50060.bmp,67
50061.bmp,68
50062.bmp,69
50063.bmp,70
50064.bmp,71
50065.bmp,72
50066.bmp,73
50067.bmp,74
50068.bmp,75
50069.bmp,76
50070.bmp,77
50071.bmp,78
50072.bmp,79
50073.bmp,80
50074.bmp,81
50075.bmp,82
50076.bmp,83
50077.bmp,84
50078.bmp,85
50079.bmp,86
50080.bmp,87
50081.bmp,88
50082.bmp,89
50083.bmp,90
50084.bmp,91
50085.bmp,92
50086.bmp,93
50087.bmp,94
50088.bmp,95
50089.bmp,96
50090.bmp,97
50091.bmp,98
50092.bmp,99
50093.bmp,100
50094.bmp,101
50095.bmp,102
50096.bmp,103
50097.bmp,104
50098.bmp,105
50099.bmp,106
50100.bmp,107
50101.bmp,108
50102.bmp,109
50103.bmp,110
50104.bmp,111
50105.bmp,112
50106.bmp,113
50107.bmp,114
50108.bmp,115
50109.bmp,116
50110.bmp,117
50111.bmp,118
50112.bmp,119
50113.bmp,120
50114.bmp,121
50115.bmp,122
50116.bmp,123
50117.bmp,124
50118.bmp,125
50119.bmp,126
50120.bmp,127
50121.bmp,128
50122.bmp,129
50123.bmp,130
50124.bmp,131
50125.bmp,132
50126.bmp,133
50127.bmp,134
50128.bmp,135
50129.bmp,136
50130.bmp,137
50131.bmp,138
50132.bmp,139
50133.bmp,140
50134.bmp,141
50135.bmp,142
50136.bmp,143
50137.bmp,144
50138.bmp,145
50139.bmp,146
50140.bmp,147
50141.bmp,148
50142.bmp,149
50143.bmp,150
50144.bmp,151
50145.bmp,152
50146.bmp,153
50147.bmp,154
50148.bmp,155
50149.bmp,80
50150.bmp,0
50151.bmp,1
50152.bmp,2
50153.bmp,3
50154.bmp,4
50155.bmp,5
50156.bmp,6
50157.bmp,7
50158.bmp,8
50159.bmp,9
50160.bmp,10
50161.bmp,11
50162.bmp,12
50163.bmp,13
50164.bmp,14
50165.bmp,15
50166.bmp,16
50167.bmp,17
50168.bmp,18
50169.bmp,19
50170.bmp,20
50171.bmp,21
50172.bmp,22
50173.bmp,23
50174.bmp,24
50175.bmp,25
50176.bmp,26
50177.bmp,27
50178.bmp,28
50179.bmp,29
50180.bmp,30
50181.bmp,31
50182.bmp,32
50183.bmp,33
50184.bmp,34
50185.bmp,35
50186.bmp,36
50187.bmp,37
50188.bmp,38
50189.bmp,39
50190.bmp,40
50191.bmp,41
50192.bmp,42
50193.bmp,43
50194.bmp,44
50195.bmp,45
50196.bmp,46
50197.bmp,47
50198.bmp,48
50199.bmp,49
50200.bmp,50
50201.bmp,51
50202.bmp,52
50203.bmp,53
50204.bmp,54
50205.bmp,55
50206.bmp,56
50207.bmp,57
50208.bmp,58
50209.bmp,59
50210.bmp,60
50211.bmp,61
50212.bmp,62
50213.bmp,63
50214.bmp,64
50215.bmp,65
50216.bmp,66
50217.bmp,67
50218.bmp,68
50219.bmp,69
50220.bmp,70
50221.bmp,71
50222.bmp,72
50223.bmp,73
50224.bmp,74
50225.bmp,75
50226.bmp,76
50227.bmp,77
50228.bmp,78
50229.bmp,79
50230.bmp,80
50231.bmp,81
50232.bmp,82
50233.bmp,83
50234.bmp,84
50235.bmp,85
50236.bmp,86
50237.bmp,87
50238.bmp,88
50239.bmp,89
50240.bmp,90
50241.bmp,91
50242.bmp,92
50243.bmp,93
50244.bmp,94
50245.bmp,95
50246.bmp,96
50247.bmp,97
50248.bmp,98
50249.bmp,99
50250.bmp,100
50251.bmp,101
50252.bmp,102
50253.bmp,103
50254.bmp,104
50255.bmp,105
50256.bmp,106
50257.bmp,107
50258.bmp,108
50259.bmp,109
50260.bmp,110
50261.bmp,111
50262.bmp,112
50263.bmp,113
50264.bmp,114
50265.bmp,115
50266.bmp,116
50267.bmp,117
50268.bmp,118
50269.bmp,119
50270.bmp,120
50271.bmp,121
50272.bmp,122
50273.bmp,123
50274.bmp,124
50275.bmp,125
50276.bmp,126
50277.bmp,127
50278.bmp,128
50279.bmp,129
50280.bmp,130
50281.bmp,131
50282.bmp,132
50283.bmp,133
50284.bmp,134
50285.bmp,135
50286.bmp,136
50287.bmp,137
50288.bmp,138
50289.bmp,139
50290.bmp,140
50291.bmp,141
50292.bmp,142
50293.bmp,143
50294.bmp,144
50295.bmp,145
50296.bmp,146
50297.bmp,147
50298.bmp,148
50299.bmp,149
50300.bmp,150
50301.bmp,151
50302.bmp,152
50303.bmp,153
50304.bmp,154
50305.bmp,155
50306.bmp,80
50307.bmp,0
50308.bmp,1
50309.bmp,2
50310.bmp,3
50311.bmp,4
50312.bmp,5
50313.bmp,6
50314.bmp,7
50315.bmp,8
50316.bmp,9
50317.bmp,10
50318.bmp,11
50319.bmp,12
50320.bmp,13
50321.bmp,14
50322.bmp,15
50323.bmp,16
50324.bmp,17
50325.bmp,18
50326.bmp,19
50327.bmp,20
50328.bmp,21
50329.bmp,22
50330.bmp,23
50331.bmp,24
50332.bmp,25
50333.bmp,26
50334.bmp,27
50335.bmp,28
50336.bmp,29
50337.bmp,30
50338.bmp,31
50339.bmp,32
50340.bmp,33
50341.bmp,34
50342.bmp,35
50343.bmp,36
50344.bmp,37
50345.bmp,38
50346.bmp,39
50347.bmp,40
50348.bmp,41
50349.bmp,42
50350.bmp,43
50351.bmp,44
50352.bmp,45
50353.bmp,46
50354.bmp,47
50355.bmp,48
50356.bmp,49
50357.bmp,50
50358.bmp,51
50359.bmp,52
50360.bmp,53
50361.bmp,54
50362.bmp,55
50363.bmp,56
50364.bmp,57
50365.bmp,58
50366.bmp,59
50367.bmp,60
50368.bmp,61
50369.bmp,62
50370.bmp,63
50371.bmp,64
50372.bmp,65
50373.bmp,66
50374.bmp,67
50375.bmp,68
50376.bmp,69
50377.bmp,70
50378.bmp,71
50379.bmp,72
50380.bmp,73
50381.bmp,74
50382.bmp,75
50383.bmp,76
50384.bmp,77
50385.bmp,78
50386.bmp,79
50387.bmp,80
50388.bmp,81
50389.bmp,82
50390.bmp,83
50391.bmp,84
50392.bmp,85
50393.bmp,86
50394.bmp,87
50395.bmp,88
50396.bmp,89
50397.bmp,90
50398.bmp,91
50399.bmp,92
50400.bmp,93
50401.bmp,94
50402.bmp,95
50403.bmp,96
50404.bmp,97
50405.bmp,98
50406.bmp,99
50407.bmp,100
50408.bmp,101
50409.bmp,102
50410.bmp,103
50411.bmp,104
50412.bmp,105
50413.bmp,106
50414.bmp,107
50415.bmp,108
50416.bmp,109
50417.bmp,110
50418.bmp,111
50419.bmp,112
50420.bmp,113
50421.bmp,114
50422.bmp,115
50423.bmp,116
50424.bmp,117
50425.bmp,118
50426.bmp,119
50427.bmp,120
50428.bmp,121
50429.bmp,122
50430.bmp,123
50431.bmp,124
50432.bmp,125
50433.bmp,126
50434.bmp,127
50435.bmp,128
50436.bmp,129
50437.bmp,130
50438.bmp,131
50439.bmp,132
50440.bmp,133
50441.bmp,134
50442.bmp,135
50443.bmp,136
50444.bmp,137
50445.bmp,138
50446.bmp,139
50447.bmp,140
50448.bmp,141
50449.bmp,142
50450.bmp,143
50451.bmp,144
50452.bmp,145
50453.bmp,146
50454.bmp,147
50455.bmp,148
50456.bmp,149
50457.bmp,150
50458.bmp,151
50459.bmp,152
50460.bmp,153
50461.bmp,154
50462.bmp,155
50463.bmp,80
50464.bmp,0
50465.bmp,1
50466.bmp,2
50467.bmp,3
50468.bmp,4
50469.bmp,5
50470.bmp,6
50471.bmp,7
50472.bmp,8
50473.bmp,9
50474.bmp,10
50475.bmp,11
50476.bmp,12
50477.bmp,13
50478.bmp,14
50479.bmp,15
50480.bmp,16
50481.bmp,17
50482.bmp,18
50483.bmp,19
50484.bmp,20
50485.bmp,21
50486.bmp,22
50487.bmp,23
50488.bmp,24
50489.bmp,25
50490.bmp,26
50491.bmp,27
50492.bmp,28
50493.bmp,29
50494.bmp,30
50495.bmp,31
50496.bmp,32
50497.bmp,33
50498.bmp,34
50499.bmp,35
50500.bmp,36
50501.bmp,37
50502.bmp,38
50503.bmp,39
50504.bmp,40
50505.bmp,41
50506.bmp,42
50507.bmp,43
50508.bmp,44
50509.bmp,45
50510.bmp,46
50511.bmp,47
50512.bmp,48
50513.bmp,49
50514.bmp,50
50515.bmp,51
50516.bmp,52
50517.bmp,53
50518.bmp,54
50519.bmp,55
50520.bmp,56
50521.bmp,57
50522.bmp,58
50523.bmp,59
50524.bmp,60
50525.bmp,61
50526.bmp,62
50527.bmp,63
50528.bmp,64
50529.bmp,65
50530.bmp,66
50531.bmp,67
50532.bmp,68
50533.bmp,69
50534.bmp,70
50535.bmp,71
50536.bmp,72
50537.bmp,73
50538.bmp,74
50539.bmp,75
50540.bmp,76
50541.bmp,77
50542.bmp,78
50543.bmp,79
50544.bmp,80
50545.bmp,81
50546.bmp,82
50547.bmp,83
50548.bmp,84
50549.bmp,85
50550.bmp,86
50551.bmp,87
50552.bmp,88
50553.bmp,89
50554.bmp,90
50555.bmp,91
50556.bmp,92
50557.bmp,93
50558.bmp,94
50559.bmp,95
50560.bmp,96
50561.bmp,97
50562.bmp,98
50563.bmp,99
50564.bmp,100
50565.bmp,101
50566.bmp,102
50567.bmp,103
50568.bmp,104
50569.bmp,105
50570.bmp,106
50571.bmp,107
50572.bmp,108
50573.bmp,109
50574.bmp,110
50575.bmp,111
50576.bmp,112
50577.bmp,113
50578.bmp,114
50579.bmp,115
50580.bmp,116
50581.bmp,117
50582.bmp,118
50583.bmp,119
50584.bmp,120
50585.bmp,121
50586.bmp,122
50587.bmp,123
50588.bmp,124
50589.bmp,125
50590.bmp,126
50591.bmp,127
50592.bmp,128
50593.bmp,129
50594.bmp,130
50595.bmp,131
50596.bmp,132
50597.bmp,133
50598.bmp,134
50599.bmp,135
50600.bmp,136
50601.bmp,137
50602.bmp,138
50603.bmp,139
50604.bmp,140
50605.bmp,141
50606.bmp,142
50607.bmp,143
50608.bmp,144
50609.bmp,145
50610.bmp,146
50611.bmp,147
50612.bmp,148
50613.bmp,149
50614.bmp,150
50615.bmp,151
50616.bmp,152
50617.bmp,153
50618.bmp,154
50619.bmp,155
50620.bmp,80
50621.bmp,0
50622.bmp,1
50623.bmp,2
50624.bmp,3
50625.bmp,4
50626.bmp,5
50627.bmp,6
50628.bmp,7
50629.bmp,8
50630.bmp,9
50631.bmp,10
50632.bmp,11
50633.bmp,12
50634.bmp,13
50635.bmp,14
50636.bmp,15
50637.bmp,16
50638.bmp,17
50639.bmp,18
50640.bmp,19
50641.bmp,20
50642.bmp,21
50643.bmp,22
50644.bmp,23
50645.bmp,24
50646.bmp,25
50647.bmp,26
50648.bmp,27
50649.bmp,28
50650.bmp,29
50651.bmp,30
50652.bmp,31
50653.bmp,32
50654.bmp,33
50655.bmp,34
50656.bmp,35
50657.bmp,36
50658.bmp,37
50659.bmp,38
50660.bmp,39
50661.bmp,40
50662.bmp,41
50663.bmp,42
50664.bmp,43
50665.bmp,44
50666.bmp,45
50667.bmp,46
50668.bmp,47
50669.bmp,48
50670.bmp,49
50671.bmp,50
50672.bmp,51
50673.bmp,52
50674.bmp,53
50675.bmp,54
50676.bmp,55
50677.bmp,56
50678.bmp,57
50679.bmp,58
50680.bmp,59
50681.bmp,60
50682.bmp,61
50683.bmp,62
50684.bmp,63
50685.bmp,64
50686.bmp,65
50687.bmp,66
50688.bmp,67
50689.bmp,68
50690.bmp,69
50691.bmp,70
50692.bmp,71
50693.bmp,72
50694.bmp,73
50695.bmp,74
50696.bmp,75
50697.bmp,76
50698.bmp,77
50699.bmp,78
50700.bmp,79
50701.bmp,80
50702.bmp,81
50703.bmp,82
50704.bmp,83
50705.bmp,84
50706.bmp,85
50707.bmp,86
50708.bmp,87
50709.bmp,88
50710.bmp,89
50711.bmp,90
50712.bmp,91
50713.bmp,92
50714.bmp,93
50715.bmp,94
50716.bmp,95
50717.bmp,96
50718.bmp,97
50719.bmp,98
50720.bmp,99
50721.bmp,100
50722.bmp,101
50723.bmp,102
50724.bmp,103
50725.bmp,104
50726.bmp,105
50727.bmp,106
50728.bmp,107
50729.bmp,108
50730.bmp,109
50731.bmp,110
50732.bmp,111
50733.bmp,112
50734.bmp,113
50735.bmp,114
50736.bmp,115
50737.bmp,116
50738.bmp,117
50739.bmp,118
50740.bmp,119
50741.bmp,120
50742.bmp,121
50743.bmp,122
50744.bmp,123
50745.bmp,124
50746.bmp,125
50747.bmp,126
50748.bmp,127
50749.bmp,128
50750.bmp,129
50751.bmp,130
50752.bmp,131
50753.bmp,132
50754.bmp,133
50755.bmp,134
50756.bmp,135
50757.bmp,136
50758.bmp,137
50759.bmp,138
50760.bmp,139
50761.bmp,140
50762.bmp,141
50763.bmp,142
50764.bmp,143
50765.bmp,144
50766.bmp,145
50767.bmp,146
50768.bmp,147
50769.bmp,148
50770.bmp,149
50771.bmp,150
50772.bmp,151
50773.bmp,152
50774.bmp,153
50775.bmp,154
50776.bmp,155
50777.bmp,80
50778.bmp,0
50779.bmp,1
50780.bmp,2
50781.bmp,3
50782.bmp,4
50783.bmp,5
50784.bmp,6
50785.bmp,7
50786.bmp,8
50787.bmp,9
50788.bmp,10
50789.bmp,11
50790.bmp,12
50791.bmp,13
50792.bmp,14
50793.bmp,15
50794.bmp,16
50795.bmp,17
50796.bmp,18
50797.bmp,19
50798.bmp,20
50799.bmp,21
50800.bmp,22
50801.bmp,23
50802.bmp,24
50803.bmp,25
50804.bmp,26
50805.bmp,27
50806.bmp,28
50807.bmp,29
50808.bmp,30
50809.bmp,31
50810.bmp,32
50811.bmp,33
50812.bmp,34
50813.bmp,35
50814.bmp,36
50815.bmp,37
50816.bmp,38
50817.bmp,39
50818.bmp,40
50819.bmp,41
50820.bmp,42
50821.bmp,43
50822.bmp,44
50823.bmp,45
50824.bmp,46
50825.bmp,47
50826.bmp,48
50827.bmp,49
50828.bmp,50
50829.bmp,51
50830.bmp,52
50831.bmp,53
50832.bmp,54
50833.bmp,55
50834.bmp,56
50835.bmp,57
50836.bmp,58
50837.bmp,59
50838.bmp,60
50839.bmp,61
50840.bmp,62
50841.bmp,63
50842.bmp,64
50843.bmp,65
50844.bmp,66
50845.bmp,67
50846.bmp,68
50847.bmp,69
50848.bmp,70
50849.bmp,71
50850.bmp,72
50851.bmp,73
50852.bmp,74
50853.bmp,75
50854.bmp,76
50855.bmp,77
50856.bmp,78
50857.bmp,79
50858.bmp,80
50859.bmp,81
50860.bmp,82
50861.bmp,83
50862.bmp,84
50863.bmp,85
50864.bmp,86
50865.bmp,87
50866.bmp,88
50867.bmp,89
50868.bmp,90
50869.bmp,91
50870.bmp,92
50871.bmp,93
50872.bmp,94
50873.bmp,95
50874.bmp,96
50875.bmp,97
50876.bmp,98
50877.bmp,99
50878.bmp,100
50879.bmp,101
50880.bmp,102
50881.bmp,103
50882.bmp,104
50883.bmp,105
50884.bmp,106
50885.bmp,107
50886.bmp,108
50887.bmp,109
50888.bmp,110
50889.bmp,111
50890.bmp,112
50891.bmp,113
50892.bmp,114
50893.bmp,115
50894.bmp,116
50895.bmp,117
50896.bmp,118
50897.bmp,119
50898.bmp,120
50899.bmp,121
50900.bmp,122
50901.bmp,123
50902.bmp,124
50903.bmp,125
50904.bmp,126
50905.bmp,127
50906.bmp,128
50907.bmp,129
50908.bmp,130
50909.bmp,131
50910.bmp,132
50911.bmp,133
50912.bmp,134
50913.bmp,135
50914.bmp,136
50915.bmp,137
50916.bmp,138
50917.bmp,139
50918.bmp,140
50919.bmp,141
50920.bmp,142
50921.bmp,143
50922.bmp,144
50923.bmp,145
50924.bmp,146
50925.bmp,147
50926.bmp,148
50927.bmp,149
50928.bmp,150
50929.bmp,151
50930.bmp,152
50931.bmp,153
50932.bmp,154
50933.bmp,155
50934.bmp,80
50935.bmp,0
50936.bmp,1
50937.bmp,2
50938.bmp,3
50939.bmp,4
50940.bmp,5
50941.bmp,6
50942.bmp,7
50943.bmp,8
50944.bmp,9
50945.bmp,10
50946.bmp,11
50947.bmp,12
50948.bmp,13
50949.bmp,14
50950.bmp,15
50951.bmp,16
50952.bmp,17
50953.bmp,18
50954.bmp,19
50955.bmp,20
50956.bmp,21
50957.bmp,22
50958.bmp,23
50959.bmp,24
50960.bmp,25
50961.bmp,26
50962.bmp,27
50963.bmp,28
50964.bmp,29
50965.bmp,30
50966.bmp,31
50967.bmp,32
50968.bmp,33
50969.bmp,34
50970.bmp,35
50971.bmp,36
50972.bmp,37
50973.bmp,38
50974.bmp,39
50975.bmp,40
50976.bmp,41
50977.bmp,42
50978.bmp,43
50979.bmp,44
50980.bmp,45
50981.bmp,46
50982.bmp,47
50983.bmp,48
50984.bmp,49
50985.bmp,50
50986.bmp,51
50987.bmp,52
50988.bmp,53
50989.bmp,54
50990.bmp,55
50991.bmp,56
50992.bmp,57
50993.bmp,58
50994.bmp,59
50995.bmp,60
50996.bmp,61
50997.bmp,62
50998.bmp,63
50999.bmp,64
51000.bmp,65
51001.bmp,66
51002.bmp,67
51003.bmp,68
51004.bmp,69
51005.bmp,70
51006.bmp,71
51007.bmp,72
51008.bmp,73
51009.bmp,74
51010.bmp,75
51011.bmp,76
51012.bmp,77
51013.bmp,78
51014.bmp,79
51015.bmp,80
51016.bmp,81
51017.bmp,82
51018.bmp,83
51019.bmp,84
51020.bmp,85
51021.bmp,86
51022.bmp,87
51023.bmp,88
51024.bmp,89
51025.bmp,90
51026.bmp,91
51027.bmp,92
51028.bmp,93
51029.bmp,94
51030.bmp,95
51031.bmp,96
51032.bmp,97
51033.bmp,98
51034.bmp,99
51035.bmp,100
51036.bmp,101
51037.bmp,102
51038.bmp,103
51039.bmp,104
51040.bmp,105
51041.bmp,106
51042.bmp,107
51043.bmp,108
51044.bmp,109
51045.bmp,110
51046.bmp,111
51047.bmp,112
51048.bmp,113
51049.bmp,114
51050.bmp,115
51051.bmp,116
51052.bmp,117
51053.bmp,118
51054.bmp,119
51055.bmp,120
51056.bmp,121
51057.bmp,122
51058.bmp,123
51059.bmp,124
51060.bmp,125
51061.bmp,126
51062.bmp,127
51063.bmp,128
51064.bmp,129
51065.bmp,130
51066.bmp,131
51067.bmp,132
51068.bmp,133
51069.bmp,134
51070.bmp,135
51071.bmp,136
51072.bmp,137
51073.bmp,138
51074.bmp,139
51075.bmp,140
51076.bmp,141
51077.bmp,142
51078.bmp,143
51079.bmp,144
51080.bmp,145
51081.bmp,146
51082.bmp,147
51083.bmp,148
51084.bmp,149
51085.bmp,150
51086.bmp,151
51087.bmp,152
51088.bmp,153
51089.bmp,154
51090.bmp,155
51091.bmp,80
51092.bmp,80
51093.bmp,80
51094.bmp,80
51095.bmp,80
51096.bmp,0
51097.bmp,1
51098.bmp,2
51099.bmp,3
51100.bmp,4
51101.bmp,5
51102.bmp,6
51103.bmp,7
51104.bmp,8
51105.bmp,9
51106.bmp,10
51107.bmp,11
51108.bmp,12
51109.bmp,13
51110.bmp,14
51111.bmp,15
51112.bmp,16
51113.bmp,17
51114.bmp,18
51115.bmp,19
51116.bmp,20
51117.bmp,21
51118.bmp,22
51119.bmp,23
51120.bmp,24
51121.bmp,25
51122.bmp,26
51123.bmp,27
51124.bmp,28
51125.bmp,29
51126.bmp,30
51127.bmp,31
51128.bmp,32
51129.bmp,33
51130.bmp,34
51131.bmp,35
51132.bmp,36
51133.bmp,37
51134.bmp,38
51135.bmp,39
51136.bmp,40
51137.bmp,41
51138.bmp,42
51139.bmp,43
51140.bmp,44
51141.bmp,45
51142.bmp,46
51143.bmp,47
51144.bmp,48
51145.bmp,49
51146.bmp,50
51147.bmp,51
51148.bmp,52
51149.bmp,53
51150.bmp,54
51151.bmp,55
51152.bmp,56
51153.bmp,57
51154.bmp,58
51155.bmp,59
51156.bmp,60
51157.bmp,61
51158.bmp,62
51159.bmp,63
51160.bmp,64
51161.bmp,65
51162.bmp,66
51163.bmp,67
51164.bmp,68
51165.bmp,69
51166.bmp,70
51167.bmp,71
51168.bmp,72
51169.bmp,73
51170.bmp,74
51171.bmp,75
51172.bmp,76
51173.bmp,77
51174.bmp,78
51175.bmp,79
51176.bmp,80
51177.bmp,81
51178.bmp,82
51179.bmp,83
51180.bmp,84
51181.bmp,85
51182.bmp,86
51183.bmp,87
51184.bmp,88
51185.bmp,89
51186.bmp,90
51187.bmp,91
51188.bmp,92
51189.bmp,93
51190.bmp,94
51191.bmp,95
51192.bmp,96
51193.bmp,97
51194.bmp,98
51195.bmp,99
51196.bmp,100
51197.bmp,101
51198.bmp,102
51199.bmp,103
51200.bmp,104
51201.bmp,105
51202.bmp,106
51203.bmp,107
51204.bmp,108
51205.bmp,109
51206.bmp,110
51207.bmp,111
51208.bmp,112
51209.bmp,113
51210.bmp,114
51211.bmp,115
51212.bmp,116
51213.bmp,117
51214.bmp,118
51215.bmp,119
51216.bmp,120
51217.bmp,121
51218.bmp,122
51219.bmp,123
51220.bmp,124
51221.bmp,125
51222.bmp,126
51223.bmp,127
51224.bmp,128
51225.bmp,129
51226.bmp,130
51227.bmp,131
51228.bmp,132
51229.bmp,133
51230.bmp,134
51231.bmp,135
51232.bmp,136
51233.bmp,137
51234.bmp,138
51235.bmp,139
51236.bmp,140
51237.bmp,141
51238.bmp,142
51239.bmp,143
51240.bmp,144
51241.bmp,145
51242.bmp,146
51243.bmp,147
51244.bmp,148
51245.bmp,149
51246.bmp,150
51247.bmp,151
51248.bmp,152
51249.bmp,153
51250.bmp,154
51251.bmp,155
51252.bmp,80
51253.bmp,0
51254.bmp,1
51255.bmp,2
51256.bmp,3
51257.bmp,4
51258.bmp,5
51259.bmp,6
51260.bmp,7
51261.bmp,8
51262.bmp,9
51263.bmp,10
51264.bmp,11
51265.bmp,12
51266.bmp,13
51267.bmp,14
51268.bmp,15
51269.bmp,16
51270.bmp,17
51271.bmp,18
51272.bmp,19
51273.bmp,20
51274.bmp,21
51275.bmp,22
51276.bmp,23
51277.bmp,24
51278.bmp,25
51279.bmp,26
51280.bmp,27
51281.bmp,28
51282.bmp,29
51283.bmp,30
51284.bmp,31
51285.bmp,32
51286.bmp,33
51287.bmp,34
51288.bmp,35
51289.bmp,36
51290.bmp,37
51291.bmp,38
51292.bmp,39
51293.bmp,40
51294.bmp,41
51295.bmp,42
51296.bmp,43
51297.bmp,44
51298.bmp,45
51299.bmp,46
51300.bmp,47
51301.bmp,48
51302.bmp,49
51303.bmp,50
51304.bmp,51
51305.bmp,52
51306.bmp,53
51307.bmp,54
51308.bmp,55
51309.bmp,56
51310.bmp,57
51311.bmp,58
51312.bmp,59
51313.bmp,60
51314.bmp,61
51315.bmp,62
51316.bmp,63
51317.bmp,64
51318.bmp,65
51319.bmp,66
51320.bmp,67
51321.bmp,68
51322.bmp,69
51323.bmp,70
51324.bmp,71
51325.bmp,72
51326.bmp,73
51327.bmp,74
51328.bmp,75
51329.bmp,76
51330.bmp,77
51331.bmp,78
51332.bmp,79
51333.bmp,80
51334.bmp,81
51335.bmp,82
51336.bmp,83
51337.bmp,84
51338.bmp,85
51339.bmp,86
51340.bmp,87
51341.bmp,88
51342.bmp,89
51343.bmp,90
51344.bmp,91
51345.bmp,92
51346.bmp,93
51347.bmp,94
51348.bmp,95
51349.bmp,96
51350.bmp,97
51351.bmp,98
51352.bmp,99
51353.bmp,100
51354.bmp,101
51355.bmp,102
51356.bmp,103
51357.bmp,104
51358.bmp,105
51359.bmp,106
51360.bmp,107
51361.bmp,108
51362.bmp,109
51363.bmp,110
51364.bmp,111
51365.bmp,112
51366.bmp,113
51367.bmp,114
51368.bmp,115
51369.bmp,116
51370.bmp,117
51371.bmp,118
51372.bmp,119
51373.bmp,120
51374.bmp,121
51375.bmp,122
51376.bmp,123
51377.bmp,124
51378.bmp,125
51379.bmp,126
51380.bmp,127
51381.bmp,128
51382.bmp,129
51383.bmp,130
51384.bmp,131
51385.bmp,132
51386.bmp,133
51387.bmp,134
51388.bmp,135
51389.bmp,136
51390.bmp,137
51391.bmp,138
51392.bmp,139
51393.bmp,140
51394.bmp,141
51395.bmp,142
51396.bmp,143
51397.bmp,144
51398.bmp,145
51399.bmp,146
51400.bmp,147
51401.bmp,148
51402.bmp,149
51403.bmp,150
51404.bmp,151
51405.bmp,152
51406.bmp,153
51407.bmp,154
51408.bmp,155
51409.bmp,80
51410.bmp,0
51411.bmp,1
51412.bmp,2
51413.bmp,3
51414.bmp,4
51415.bmp,5
51416.bmp,6
51417.bmp,7
51418.bmp,8
51419.bmp,9
51420.bmp,10
51421.bmp,11
51422.bmp,12
51423.bmp,13
51424.bmp,14
51425.bmp,15
51426.bmp,16
51427.bmp,17
51428.bmp,18
51429.bmp,19
51430.bmp,20
51431.bmp,21
51432.bmp,22
51433.bmp,23
51434.bmp,24
51435.bmp,25
51436.bmp,26
51437.bmp,27
51438.bmp,28
51439.bmp,29
51440.bmp,30
51441.bmp,31
51442.bmp,32
51443.bmp,33
51444.bmp,34
51445.bmp,35
51446.bmp,36
51447.bmp,37
51448.bmp,38
51449.bmp,39
51450.bmp,40
51451.bmp,41
51452.bmp,42
51453.bmp,43
51454.bmp,44
51455.bmp,45
51456.bmp,46
51457.bmp,47
51458.bmp,48
51459.bmp,49
51460.bmp,50
51461.bmp,51
51462.bmp,52
51463.bmp,53
51464.bmp,54
51465.bmp,55
51466.bmp,56
51467.bmp,57
51468.bmp,58
51469.bmp,59
51470.bmp,60
51471.bmp,61
51472.bmp,62
51473.bmp,63
51474.bmp,64
51475.bmp,65
51476.bmp,66
51477.bmp,67
51478.bmp,68
51479.bmp,69
51480.bmp,70
51481.bmp,71
51482.bmp,72
51483.bmp,73
51484.bmp,74
51485.bmp,75
51486.bmp,76
51487.bmp,77
51488.bmp,78
51489.bmp,79
51490.bmp,80
51491.bmp,81
51492.bmp,82
51493.bmp,83
51494.bmp,84
51495.bmp,85
51496.bmp,86
51497.bmp,87
51498.bmp,88
51499.bmp,89
51500.bmp,90
51501.bmp,91
51502.bmp,92
51503.bmp,93
51504.bmp,94
51505.bmp,95
51506.bmp,96
51507.bmp,97
51508.bmp,98
51509.bmp,99
51510.bmp,100
51511.bmp,101
51512.bmp,102
51513.bmp,103
51514.bmp,104
51515.bmp,105
51516.bmp,106
51517.bmp,107
51518.bmp,108
51519.bmp,109
51520.bmp,110
51521.bmp,111
51522.bmp,112
51523.bmp,113
51524.bmp,114
51525.bmp,115
51526.bmp,116
51527.bmp,117
51528.bmp,118
51529.bmp,119
51530.bmp,120
51531.bmp,121
51532.bmp,122
51533.bmp,123
51534.bmp,124
51535.bmp,125
51536.bmp,126
51537.bmp,127
51538.bmp,128
51539.bmp,129
51540.bmp,130
51541.bmp,131
51542.bmp,132
51543.bmp,133
51544.bmp,134
51545.bmp,135
51546.bmp,136
51547.bmp,137
51548.bmp,138
51549.bmp,139
51550.bmp,140
51551.bmp,141
51552.bmp,142
51553.bmp,143
51554.bmp,144
51555.bmp,145
51556.bmp,146
51557.bmp,147
51558.bmp,148
51559.bmp,149
51560.bmp,150
51561.bmp,151
51562.bmp,152
51563.bmp,153
51564.bmp,154
51565.bmp,155
51566.bmp,80
51567.bmp,0
51568.bmp,1
51569.bmp,2
51570.bmp,3
51571.bmp,4
51572.bmp,5
51573.bmp,6
51574.bmp,7
51575.bmp,8
51576.bmp,9
51577.bmp,10
51578.bmp,11
51579.bmp,12
51580.bmp,13
51581.bmp,14
51582.bmp,15
51583.bmp,16
51584.bmp,17
51585.bmp,18
51586.bmp,19
51587.bmp,20
51588.bmp,21
51589.bmp,22
51590.bmp,23
51591.bmp,24
51592.bmp,25
51593.bmp,26
51594.bmp,27
51595.bmp,28
51596.bmp,29
51597.bmp,30
51598.bmp,31
51599.bmp,32
51600.bmp,33
51601.bmp,34
51602.bmp,35
51603.bmp,36
51604.bmp,37
51605.bmp,38
51606.bmp,39
51607.bmp,40
51608.bmp,41
51609.bmp,42
51610.bmp,43
51611.bmp,44
51612.bmp,45
51613.bmp,46
51614.bmp,47
51615.bmp,48
51616.bmp,49
51617.bmp,50
51618.bmp,51
51619.bmp,52
51620.bmp,53
51621.bmp,54
51622.bmp,55
51623.bmp,56
51624.bmp,57
51625.bmp,58
51626.bmp,59
51627.bmp,60
51628.bmp,61
51629.bmp,62
51630.bmp,63
51631.bmp,64
51632.bmp,65
51633.bmp,66
51634.bmp,67
51635.bmp,68
51636.bmp,69
51637.bmp,70
51638.bmp,71
51639.bmp,72
51640.bmp,73
51641.bmp,74
51642.bmp,75
51643.bmp,76
51644.bmp,77
51645.bmp,78
51646.bmp,79
51647.bmp,80
51648.bmp,81
51649.bmp,82
51650.bmp,83
51651.bmp,84
51652.bmp,85
51653.bmp,86
51654.bmp,87
51655.bmp,88
51656.bmp,89
51657.bmp,90
51658.bmp,91
51659.bmp,92
51660.bmp,93
51661.bmp,94
51662.bmp,95
51663.bmp,96
51664.bmp,97
51665.bmp,98
51666.bmp,99
51667.bmp,100
51668.bmp,101
51669.bmp,102
51670.bmp,103
51671.bmp,104
51672.bmp,105
51673.bmp,106
51674.bmp,107
51675.bmp,108
51676.bmp,109
51677.bmp,110
51678.bmp,111
51679.bmp,112
51680.bmp,113
51681.bmp,114
51682.bmp,115
51683.bmp,116
51684.bmp,117
51685.bmp,118
51686.bmp,119
51687.bmp,120
51688.bmp,121
51689.bmp,122
51690.bmp,123
51691.bmp,124
51692.bmp,125
51693.bmp,126
51694.bmp,127
51695.bmp,128
51696.bmp,129
51697.bmp,130
51698.bmp,131
51699.bmp,132
51700.bmp,133
51701.bmp,134
51702.bmp,135
51703.bmp,136
51704.bmp,137
51705.bmp,138
51706.bmp,139
51707.bmp,140
51708.bmp,141
51709.bmp,142
51710.bmp,143
51711.bmp,144
51712.bmp,145
51713.bmp,146
51714.bmp,147
51715.bmp,148
51716.bmp,149
51717.bmp,150
51718.bmp,151
51719.bmp,152
51720.bmp,153
51721.bmp,154
51722.bmp,155
51723.bmp,80
51724.bmp,0
51725.bmp,1
51726.bmp,2
51727.bmp,3
51728.bmp,4
51729.bmp,5
51730.bmp,6
51731.bmp,7
51732.bmp,8
51733.bmp,9
51734.bmp,10
51735.bmp,11
51736.bmp,12
51737.bmp,13
51738.bmp,14
51739.bmp,15
51740.bmp,16
51741.bmp,17
51742.bmp,18
51743.bmp,19
51744.bmp,20
51745.bmp,21
51746.bmp,22
51747.bmp,23
51748.bmp,24
51749.bmp,25
51750.bmp,26
51751.bmp,27
51752.bmp,28
51753.bmp,29
51754.bmp,30
51755.bmp,31
51756.bmp,32
51757.bmp,33
51758.bmp,34
51759.bmp,35
51760.bmp,36
51761.bmp,37
51762.bmp,38
51763.bmp,39
51764.bmp,40
51765.bmp,41
51766.bmp,42
51767.bmp,43
51768.bmp,44
51769.bmp,45
51770.bmp,46
51771.bmp,47
51772.bmp,48
51773.bmp,49
51774.bmp,50
51775.bmp,51
51776.bmp,52
51777.bmp,53
51778.bmp,54
51779.bmp,55
51780.bmp,56
51781.bmp,57
51782.bmp,58
51783.bmp,59
51784.bmp,60
51785.bmp,61
51786.bmp,62
51787.bmp,63
51788.bmp,64
51789.bmp,65
51790.bmp,66
51791.bmp,67
51792.bmp,68
51793.bmp,69
51794.bmp,70
51795.bmp,71
51796.bmp,72
51797.bmp,73
51798.bmp,74
51799.bmp,75
51800.bmp,76
51801.bmp,77
51802.bmp,78
51803.bmp,79
51804.bmp,80
51805.bmp,81
51806.bmp,82
51807.bmp,83
51808.bmp,84
51809.bmp,85
51810.bmp,86
51811.bmp,87
51812.bmp,88
51813.bmp,89
51814.bmp,90
51815.bmp,91
51816.bmp,92
51817.bmp,93
51818.bmp,94
51819.bmp,95
51820.bmp,96
51821.bmp,97
51822.bmp,98
51823.bmp,99
51824.bmp,100
51825.bmp,101
51826.bmp,102
51827.bmp,103
51828.bmp,104
51829.bmp,105
51830.bmp,106
51831.bmp,107
51832.bmp,108
51833.bmp,109
51834.bmp,110
51835.bmp,111
51836.bmp,112
51837.bmp,113
51838.bmp,114
51839.bmp,115
51840.bmp,116
51841.bmp,117
51842.bmp,118
51843.bmp,119
51844.bmp,120
51845.bmp,121
51846.bmp,122
51847.bmp,123
51848.bmp,124
51849.bmp,125
51850.bmp,126
51851.bmp,127
51852.bmp,128
51853.bmp,129
51854.bmp,130
51855.bmp,131
51856.bmp,132
51857.bmp,133
51858.bmp,134
51859.bmp,135
51860.bmp,136
51861.bmp,137
51862.bmp,138
51863.bmp,139
51864.bmp,140
51865.bmp,141
51866.bmp,142
51867.bmp,143
51868.bmp,144
51869.bmp,145
51870.bmp,146
51871.bmp,147
51872.bmp,148
51873.bmp,149
51874.bmp,150
51875.bmp,151
51876.bmp,152
51877.bmp,153
51878.bmp,154
51879.bmp,155
51880.bmp,80
51881.bmp,0
51882.bmp,1
51883.bmp,2
51884.bmp,3
51885.bmp,4
51886.bmp,5
51887.bmp,6
51888.bmp,7
51889.bmp,8
51890.bmp,9
51891.bmp,10
51892.bmp,11
51893.bmp,12
51894.bmp,13
51895.bmp,14
51896.bmp,15
51897.bmp,16
51898.bmp,17
51899.bmp,18
51900.bmp,19
51901.bmp,20
51902.bmp,21
51903.bmp,22
51904.bmp,23
51905.bmp,24
51906.bmp,25
51907.bmp,26
51908.bmp,27
51909.bmp,28
51910.bmp,29
51911.bmp,30
51912.bmp,31
51913.bmp,32
51914.bmp,33
51915.bmp,34
51916.bmp,35
51917.bmp,36
51918.bmp,37
51919.bmp,38
51920.bmp,39
51921.bmp,40
51922.bmp,41
51923.bmp,42
51924.bmp,43
51925.bmp,44
51926.bmp,45
51927.bmp,46
51928.bmp,47
51929.bmp,48
51930.bmp,49
51931.bmp,50
51932.bmp,51
51933.bmp,52
51934.bmp,53
51935.bmp,54
51936.bmp,55
51937.bmp,56
51938.bmp,57
51939.bmp,58
51940.bmp,59
51941.bmp,60
51942.bmp,61
51943.bmp,62
51944.bmp,63
51945.bmp,64
51946.bmp,65
51947.bmp,66
51948.bmp,67
51949.bmp,68
51950.bmp,69
51951.bmp,70
51952.bmp,71
51953.bmp,72
51954.bmp,73
51955.bmp,74
51956.bmp,75
51957.bmp,76
51958.bmp,77
51959.bmp,78
51960.bmp,79
51961.bmp,80
51962.bmp,81
51963.bmp,82
51964.bmp,83
51965.bmp,84
51966.bmp,85
51967.bmp,86
51968.bmp,87
51969.bmp,88
51970.bmp,89
51971.bmp,90
51972.bmp,91
51973.bmp,92
51974.bmp,93
51975.bmp,94
51976.bmp,95
51977.bmp,96
51978.bmp,97
51979.bmp,98
51980.bmp,99
51981.bmp,100
51982.bmp,101
51983.bmp,102
51984.bmp,103
51985.bmp,104
51986.bmp,105
51987.bmp,106
51988.bmp,107
51989.bmp,108
51990.bmp,109
51991.bmp,110
51992.bmp,111
51993.bmp,112
51994.bmp,113
51995.bmp,114
51996.bmp,115
51997.bmp,116
51998.bmp,117
51999.bmp,118
52000.bmp,119
52001.bmp,120
52002.bmp,121
52003.bmp,122
52004.bmp,123
52005.bmp,124
52006.bmp,125
52007.bmp,126
52008.bmp,127
52009.bmp,128
52010.bmp,129
52011.bmp,130
52012.bmp,131
52013.bmp,132
52014.bmp,133
52015.bmp,134
52016.bmp,135
52017.bmp,136
52018.bmp,137
52019.bmp,138
52020.bmp,139
52021.bmp,140
52022.bmp,141
52023.bmp,142
52024.bmp,143
52025.bmp,144
52026.bmp,145
52027.bmp,146
52028.bmp,147
52029.bmp,148
52030.bmp,149
52031.bmp,150
52032.bmp,151
52033.bmp,152
52034.bmp,153
52035.bmp,154
52036.bmp,155
52037.bmp,80
52038.bmp,0
52039.bmp,1
52040.bmp,2
52041.bmp,3
52042.bmp,4
52043.bmp,5
52044.bmp,6
52045.bmp,7
52046.bmp,8
52047.bmp,9
52048.bmp,10
52049.bmp,11
52050.bmp,12
52051.bmp,13
52052.bmp,14
52053.bmp,15
52054.bmp,16
52055.bmp,17
52056.bmp,18
52057.bmp,19
52058.bmp,20
52059.bmp,21
52060.bmp,22
52061.bmp,23
52062.bmp,24
52063.bmp,25
52064.bmp,26
52065.bmp,27
52066.bmp,28
52067.bmp,29
52068.bmp,30
52069.bmp,31
52070.bmp,32
52071.bmp,33
52072.bmp,34
52073.bmp,35
52074.bmp,36
52075.bmp,37
52076.bmp,38
52077.bmp,39
52078.bmp,40
52079.bmp,41
52080.bmp,42
52081.bmp,43
52082.bmp,44
52083.bmp,45
52084.bmp,46
52085.bmp,47
52086.bmp,48
52087.bmp,49
52088.bmp,50
52089.bmp,51
52090.bmp,52
52091.bmp,53
52092.bmp,54
52093.bmp,55
52094.bmp,56
52095.bmp,57
52096.bmp,58
52097.bmp,59
52098.bmp,60
52099.bmp,61
52100.bmp,62
52101.bmp,63
52102.bmp,64
52103.bmp,65
52104.bmp,66
52105.bmp,67
52106.bmp,68
52107.bmp,69
52108.bmp,70
52109.bmp,71
52110.bmp,72
52111.bmp,73
52112.bmp,74
52113.bmp,75
52114.bmp,76
52115.bmp,77
52116.bmp,78
52117.bmp,79
52118.bmp,80
52119.bmp,81
52120.bmp,82
52121.bmp,83
52122.bmp,84
52123.bmp,85
52124.bmp,86
52125.bmp,87
52126.bmp,88
52127.bmp,89
52128.bmp,90
52129.bmp,91
52130.bmp,92
52131.bmp,93
52132.bmp,94
52133.bmp,95
52134.bmp,96
52135.bmp,97
52136.bmp,98
52137.bmp,99
52138.bmp,100
52139.bmp,101
52140.bmp,102
52141.bmp,103
52142.bmp,104
52143.bmp,105
52144.bmp,106
52145.bmp,107
52146.bmp,108
52147.bmp,109
52148.bmp,110
52149.bmp,111
52150.bmp,112
52151.bmp,113
52152.bmp,114
52153.bmp,115
52154.bmp,116
52155.bmp,117
52156.bmp,118
52157.bmp,119
52158.bmp,120
52159.bmp,121
52160.bmp,122
52161.bmp,123
52162.bmp,124
52163.bmp,125
52164.bmp,126
52165.bmp,127
52166.bmp,128
52167.bmp,129
52168.bmp,130
52169.bmp,131
52170.bmp,132
52171.bmp,133
52172.bmp,134
52173.bmp,135
52174.bmp,136
52175.bmp,137
52176.bmp,138
52177.bmp,139
52178.bmp,140
52179.bmp,141
52180.bmp,142
52181.bmp,143
52182.bmp,144
52183.bmp,145
52184.bmp,146
52185.bmp,147
52186.bmp,148
52187.bmp,149
52188.bmp,150
52189.bmp,151
52190.bmp,152
52191.bmp,153
52192.bmp,154
52193.bmp,155
52194.bmp,80
52195.bmp,0
52196.bmp,1
52197.bmp,2
52198.bmp,3
52199.bmp,4
52200.bmp,5
52201.bmp,6
52202.bmp,7
52203.bmp,8
52204.bmp,9
52205.bmp,10
52206.bmp,11
52207.bmp,12
52208.bmp,13
52209.bmp,14
52210.bmp,15
52211.bmp,16
52212.bmp,17
52213.bmp,18
52214.bmp,19
52215.bmp,20
52216.bmp,21
52217.bmp,22
52218.bmp,23
52219.bmp,24
52220.bmp,25
52221.bmp,26
52222.bmp,27
52223.bmp,28
52224.bmp,29
52225.bmp,30
52226.bmp,31
52227.bmp,32
52228.bmp,33
52229.bmp,34
52230.bmp,35
52231.bmp,36
52232.bmp,37
52233.bmp,38
52234.bmp,39
52235.bmp,40
52236.bmp,41
52237.bmp,42
52238.bmp,43
52239.bmp,44
52240.bmp,45
52241.bmp,46
52242.bmp,47
52243.bmp,48
52244.bmp,49
52245.bmp,50
52246.bmp,51
52247.bmp,52
52248.bmp,53
52249.bmp,54
52250.bmp,55
52251.bmp,56
52252.bmp,57
52253.bmp,58
52254.bmp,59
52255.bmp,60
52256.bmp,61
52257.bmp,62
52258.bmp,63
52259.bmp,64
52260.bmp,65
52261.bmp,66
52262.bmp,67
52263.bmp,68
52264.bmp,69
52265.bmp,70
52266.bmp,71
52267.bmp,72
52268.bmp,73
52269.bmp,74
52270.bmp,75
52271.bmp,76
52272.bmp,77
52273.bmp,78
52274.bmp,79
52275.bmp,80
52276.bmp,81
52277.bmp,82
52278.bmp,83
52279.bmp,84
52280.bmp,85
52281.bmp,86
52282.bmp,87
52283.bmp,88
52284.bmp,89
52285.bmp,90
52286.bmp,91
52287.bmp,92
52288.bmp,93
52289.bmp,94
52290.bmp,95
52291.bmp,96
52292.bmp,97
52293.bmp,98
52294.bmp,99
52295.bmp,100
52296.bmp,101
52297.bmp,102
52298.bmp,103
52299.bmp,104
52300.bmp,105
52301.bmp,106
52302.bmp,107
52303.bmp,108
52304.bmp,109
52305.bmp,110
52306.bmp,111
52307.bmp,112
52308.bmp,113
52309.bmp,114
52310.bmp,115
52311.bmp,116
52312.bmp,117
52313.bmp,118
52314.bmp,119
52315.bmp,120
52316.bmp,121
52317.bmp,122
52318.bmp,123
52319.bmp,124
52320.bmp,125
52321.bmp,126
52322.bmp,127
52323.bmp,128
52324.bmp,129
52325.bmp,130
52326.bmp,131
52327.bmp,132
52328.bmp,133
52329.bmp,134
52330.bmp,135
52331.bmp,136
52332.bmp,137
52333.bmp,138
52334.bmp,139
52335.bmp,140
52336.bmp,141
52337.bmp,142
52338.bmp,143
52339.bmp,144
52340.bmp,145
52341.bmp,146
52342.bmp,147
52343.bmp,148
52344.bmp,149
52345.bmp,150
52346.bmp,151
52347.bmp,152
52348.bmp,153
52349.bmp,154
52350.bmp,155
52351.bmp,80
52352.bmp,0
52353.bmp,1
52354.bmp,2
52355.bmp,3
52356.bmp,4
52357.bmp,5
52358.bmp,6
52359.bmp,7
52360.bmp,8
52361.bmp,9
52362.bmp,10
52363.bmp,11
52364.bmp,12
52365.bmp,13
52366.bmp,14
52367.bmp,15
52368.bmp,16
52369.bmp,17
52370.bmp,18
52371.bmp,19
52372.bmp,20
52373.bmp,21
52374.bmp,22
52375.bmp,23
52376.bmp,24
52377.bmp,25
52378.bmp,26
52379.bmp,27
52380.bmp,28
52381.bmp,29
52382.bmp,30
52383.bmp,31
52384.bmp,32
52385.bmp,33
52386.bmp,34
52387.bmp,35
52388.bmp,36
52389.bmp,37
52390.bmp,38
52391.bmp,39
52392.bmp,40
52393.bmp,41
52394.bmp,42
52395.bmp,43
52396.bmp,44
52397.bmp,45
52398.bmp,46
52399.bmp,47
52400.bmp,48
52401.bmp,49
52402.bmp,50
52403.bmp,51
52404.bmp,52
52405.bmp,53
52406.bmp,54
52407.bmp,55
52408.bmp,56
52409.bmp,57
52410.bmp,58
52411.bmp,59
52412.bmp,60
52413.bmp,61
52414.bmp,62
52415.bmp,63
52416.bmp,64
52417.bmp,65
52418.bmp,66
52419.bmp,67
52420.bmp,68
52421.bmp,69
52422.bmp,70
52423.bmp,71
52424.bmp,72
52425.bmp,73
52426.bmp,74
52427.bmp,75
52428.bmp,76
52429.bmp,77
52430.bmp,78
52431.bmp,79
52432.bmp,80
52433.bmp,81
52434.bmp,82
52435.bmp,83
52436.bmp,84
52437.bmp,85
52438.bmp,86
52439.bmp,87
52440.bmp,88
52441.bmp,89
52442.bmp,90
52443.bmp,91
52444.bmp,92
52445.bmp,93
52446.bmp,94
52447.bmp,95
52448.bmp,96
52449.bmp,97
52450.bmp,98
52451.bmp,99
52452.bmp,100
52453.bmp,101
52454.bmp,102
52455.bmp,103
52456.bmp,104
52457.bmp,105
52458.bmp,106
52459.bmp,107
52460.bmp,108
52461.bmp,109
52462.bmp,110
52463.bmp,111
52464.bmp,112
52465.bmp,113
52466.bmp,114
52467.bmp,115
52468.bmp,116
52469.bmp,117
52470.bmp,118
52471.bmp,119
52472.bmp,120
52473.bmp,121
52474.bmp,122
52475.bmp,123
52476.bmp,124
52477.bmp,125
52478.bmp,126
52479.bmp,127
52480.bmp,128
52481.bmp,129
52482.bmp,130
52483.bmp,131
52484.bmp,132
52485.bmp,133
52486.bmp,134
52487.bmp,135
52488.bmp,136
52489.bmp,137
52490.bmp,138
52491.bmp,139
52492.bmp,140
52493.bmp,141
52494.bmp,142
52495.bmp,143
52496.bmp,144
52497.bmp,145
52498.bmp,146
52499.bmp,147
52500.bmp,148
52501.bmp,149
52502.bmp,150
52503.bmp,151
52504.bmp,152
52505.bmp,153
52506.bmp,154
52507.bmp,155
52508.bmp,80
52509.bmp,0
52510.bmp,1
52511.bmp,2
52512.bmp,3
52513.bmp,4
52514.bmp,5
52515.bmp,6
52516.bmp,7
52517.bmp,8
52518.bmp,9
52519.bmp,10
52520.bmp,11
52521.bmp,12
52522.bmp,13
52523.bmp,14
52524.bmp,15
52525.bmp,16
52526.bmp,17
52527.bmp,18
52528.bmp,19
52529.bmp,20
52530.bmp,21
52531.bmp,22
52532.bmp,23
52533.bmp,24
52534.bmp,25
52535.bmp,26
52536.bmp,27
52537.bmp,28
52538.bmp,29
52539.bmp,30
52540.bmp,31
52541.bmp,32
52542.bmp,33
52543.bmp,34
52544.bmp,35
52545.bmp,36
52546.bmp,37
52547.bmp,38
52548.bmp,39
52549.bmp,40
52550.bmp,41
52551.bmp,42
52552.bmp,43
52553.bmp,44
52554.bmp,45
52555.bmp,46
52556.bmp,47
52557.bmp,48
52558.bmp,49
52559.bmp,50
52560.bmp,51
52561.bmp,52
52562.bmp,53
52563.bmp,54
52564.bmp,55
52565.bmp,56
52566.bmp,57
52567.bmp,58
52568.bmp,59
52569.bmp,60
52570.bmp,61
52571.bmp,62
52572.bmp,63
52573.bmp,64
52574.bmp,65
52575.bmp,66
52576.bmp,67
52577.bmp,68
52578.bmp,69
52579.bmp,70
52580.bmp,71
52581.bmp,72
52582.bmp,73
52583.bmp,74
52584.bmp,75
52585.bmp,76
52586.bmp,77
52587.bmp,78
52588.bmp,79
52589.bmp,80
52590.bmp,81
52591.bmp,82
52592.bmp,83
52593.bmp,84
52594.bmp,85
52595.bmp,86
52596.bmp,87
52597.bmp,88
52598.bmp,89
52599.bmp,90
52600.bmp,91
52601.bmp,92
52602.bmp,93
52603.bmp,94
52604.bmp,95
52605.bmp,96
52606.bmp,97
52607.bmp,98
52608.bmp,99
52609.bmp,100
52610.bmp,101
52611.bmp,102
52612.bmp,103
52613.bmp,104
52614.bmp,105
52615.bmp,106
52616.bmp,107
52617.bmp,108
52618.bmp,109
52619.bmp,110
52620.bmp,111
52621.bmp,112
52622.bmp,113
52623.bmp,114
52624.bmp,115
52625.bmp,116
52626.bmp,117
52627.bmp,118
52628.bmp,119
52629.bmp,120
52630.bmp,121
52631.bmp,122
52632.bmp,123
52633.bmp,124
52634.bmp,125
52635.bmp,126
52636.bmp,127
52637.bmp,128
52638.bmp,129
52639.bmp,130
52640.bmp,131
52641.bmp,132
52642.bmp,133
52643.bmp,134
52644.bmp,135
52645.bmp,136
52646.bmp,137
52647.bmp,138
52648.bmp,139
52649.bmp,140
52650.bmp,141
52651.bmp,142
52652.bmp,143
52653.bmp,144
52654.bmp,145
52655.bmp,146
52656.bmp,147
52657.bmp,148
52658.bmp,149
52659.bmp,150
52660.bmp,151
52661.bmp,152
52662.bmp,153
52663.bmp,154
52664.bmp,155
52665.bmp,80
52666.bmp,0
52667.bmp,1
52668.bmp,2
52669.bmp,3
52670.bmp,4
52671.bmp,5
52672.bmp,6
52673.bmp,7
52674.bmp,8
52675.bmp,9
52676.bmp,10
52677.bmp,11
52678.bmp,12
52679.bmp,13
52680.bmp,14
52681.bmp,15
52682.bmp,16
52683.bmp,17
52684.bmp,18
52685.bmp,19
52686.bmp,20
52687.bmp,21
52688.bmp,22
52689.bmp,23
52690.bmp,24
52691.bmp,25
52692.bmp,26
52693.bmp,27
52694.bmp,28
52695.bmp,29
52696.bmp,30
52697.bmp,31
52698.bmp,32
52699.bmp,33
52700.bmp,34
52701.bmp,35
52702.bmp,36
52703.bmp,37
52704.bmp,38
52705.bmp,39
52706.bmp,40
52707.bmp,41
52708.bmp,42
52709.bmp,43
52710.bmp,44
52711.bmp,45
52712.bmp,46
52713.bmp,47
52714.bmp,48
52715.bmp,49
52716.bmp,50
52717.bmp,51
52718.bmp,52
52719.bmp,53
52720.bmp,54
52721.bmp,55
52722.bmp,56
52723.bmp,57
52724.bmp,58
52725.bmp,59
52726.bmp,60
52727.bmp,61
52728.bmp,62
52729.bmp,63
52730.bmp,64
52731.bmp,65
52732.bmp,66
52733.bmp,67
52734.bmp,68
52735.bmp,69
52736.bmp,70
52737.bmp,71
52738.bmp,72
52739.bmp,73
52740.bmp,74
52741.bmp,75
52742.bmp,76
52743.bmp,77
52744.bmp,78
52745.bmp,79
52746.bmp,80
52747.bmp,81
52748.bmp,82
52749.bmp,83
52750.bmp,84
52751.bmp,85
52752.bmp,86
52753.bmp,87
52754.bmp,88
52755.bmp,89
52756.bmp,90
52757.bmp,91
52758.bmp,92
52759.bmp,93
52760.bmp,94
52761.bmp,95
52762.bmp,96
52763.bmp,97
52764.bmp,98
52765.bmp,99
52766.bmp,100
52767.bmp,101
52768.bmp,102
52769.bmp,103
52770.bmp,104
52771.bmp,105
52772.bmp,106
52773.bmp,107
52774.bmp,108
52775.bmp,109
52776.bmp,110
52777.bmp,111
52778.bmp,112
52779.bmp,113
52780.bmp,114
52781.bmp,115
52782.bmp,116
52783.bmp,117
52784.bmp,118
52785.bmp,119
52786.bmp,120
52787.bmp,121
52788.bmp,122
52789.bmp,123
52790.bmp,124
52791.bmp,125
52792.bmp,126
52793.bmp,127
52794.bmp,128
52795.bmp,129
52796.bmp,130
52797.bmp,131
52798.bmp,132
52799.bmp,133
52800.bmp,134
52801.bmp,135
52802.bmp,136
52803.bmp,137
52804.bmp,138
52805.bmp,139
52806.bmp,140
52807.bmp,141
52808.bmp,142
52809.bmp,143
52810.bmp,144
52811.bmp,145
52812.bmp,146
52813.bmp,147
52814.bmp,148
52815.bmp,149
52816.bmp,150
52817.bmp,151
52818.bmp,152
52819.bmp,153
52820.bmp,154
52821.bmp,155
52822.bmp,80
52823.bmp,0
52824.bmp,1
52825.bmp,2
52826.bmp,3
52827.bmp,4
52828.bmp,5
52829.bmp,6
52830.bmp,7
52831.bmp,8
52832.bmp,9
52833.bmp,10
52834.bmp,11
52835.bmp,12
52836.bmp,13
52837.bmp,14
52838.bmp,15
52839.bmp,16
52840.bmp,17
52841.bmp,18
52842.bmp,19
52843.bmp,20
52844.bmp,21
52845.bmp,22
52846.bmp,23
52847.bmp,24
52848.bmp,25
52849.bmp,26
52850.bmp,27
52851.bmp,28
52852.bmp,29
52853.bmp,30
52854.bmp,31
52855.bmp,32
52856.bmp,33
52857.bmp,34
52858.bmp,35
52859.bmp,36
52860.bmp,37
52861.bmp,38
52862.bmp,39
52863.bmp,40
52864.bmp,41
52865.bmp,42
52866.bmp,43
52867.bmp,44
52868.bmp,45
52869.bmp,46
52870.bmp,47
52871.bmp,48
52872.bmp,49
52873.bmp,50
52874.bmp,51
52875.bmp,52
52876.bmp,53
52877.bmp,54
52878.bmp,55
52879.bmp,56
52880.bmp,57
52881.bmp,58
52882.bmp,59
52883.bmp,60
52884.bmp,61
52885.bmp,62
52886.bmp,63
52887.bmp,64
52888.bmp,65
52889.bmp,66
52890.bmp,67
52891.bmp,68
52892.bmp,69
52893.bmp,70
52894.bmp,71
52895.bmp,72
52896.bmp,73
52897.bmp,74
52898.bmp,75
52899.bmp,76
52900.bmp,77
52901.bmp,78
52902.bmp,79
52903.bmp,80
52904.bmp,81
52905.bmp,82
52906.bmp,83
52907.bmp,84
52908.bmp,85
52909.bmp,86
52910.bmp,87
52911.bmp,88
52912.bmp,89
52913.bmp,90
52914.bmp,91
52915.bmp,92
52916.bmp,93
52917.bmp,94
52918.bmp,95
52919.bmp,96
52920.bmp,97
52921.bmp,98
52922.bmp,99
52923.bmp,100
52924.bmp,101
52925.bmp,102
52926.bmp,103
52927.bmp,104
52928.bmp,105
52929.bmp,106
52930.bmp,107
52931.bmp,108
52932.bmp,109
52933.bmp,110
52934.bmp,111
52935.bmp,112
52936.bmp,113
52937.bmp,114
52938.bmp,115
52939.bmp,116
52940.bmp,117
52941.bmp,118
52942.bmp,119
52943.bmp,120
52944.bmp,121
52945.bmp,122
52946.bmp,123
52947.bmp,124
52948.bmp,125
52949.bmp,126
52950.bmp,127
52951.bmp,128
52952.bmp,129
52953.bmp,130
52954.bmp,131
52955.bmp,132
52956.bmp,133
52957.bmp,134
52958.bmp,135
52959.bmp,136
52960.bmp,137
52961.bmp,138
52962.bmp,139
52963.bmp,140
52964.bmp,141
52965.bmp,142
52966.bmp,143
52967.bmp,144
52968.bmp,145
52969.bmp,146
52970.bmp,147
52971.bmp,148
52972.bmp,149
52973.bmp,150
52974.bmp,151
52975.bmp,152
52976.bmp,153
52977.bmp,154
52978.bmp,155
52979.bmp,80
52980.bmp,0
52981.bmp,1
52982.bmp,2
52983.bmp,3
52984.bmp,4
52985.bmp,5
52986.bmp,6
52987.bmp,7
52988.bmp,8
52989.bmp,9
52990.bmp,10
52991.bmp,11
52992.bmp,12
52993.bmp,13
52994.bmp,14
52995.bmp,15
52996.bmp,16
52997.bmp,17
52998.bmp,18
52999.bmp,19
53000.bmp,20
53001.bmp,21
53002.bmp,22
53003.bmp,23
53004.bmp,24
53005.bmp,25
53006.bmp,26
53007.bmp,27
53008.bmp,28
53009.bmp,29
53010.bmp,30
53011.bmp,31
53012.bmp,32
53013.bmp,33
53014.bmp,34
53015.bmp,35
53016.bmp,36
53017.bmp,37
53018.bmp,38
53019.bmp,39
53020.bmp,40
53021.bmp,41
53022.bmp,42
53023.bmp,43
53024.bmp,44
53025.bmp,45
53026.bmp,46
53027.bmp,47
53028.bmp,48
53029.bmp,49
53030.bmp,50
53031.bmp,51
53032.bmp,52
53033.bmp,53
53034.bmp,54
53035.bmp,55
53036.bmp,56
53037.bmp,57
53038.bmp,58
53039.bmp,59
53040.bmp,60
53041.bmp,61
53042.bmp,62
53043.bmp,63
53044.bmp,64
53045.bmp,65
53046.bmp,66
53047.bmp,67
53048.bmp,68
53049.bmp,69
53050.bmp,70
53051.bmp,71
53052.bmp,72
53053.bmp,73
53054.bmp,74
53055.bmp,75
53056.bmp,76
53057.bmp,77
53058.bmp,78
53059.bmp,79
53060.bmp,80
53061.bmp,81
53062.bmp,82
53063.bmp,83
53064.bmp,84
53065.bmp,85
53066.bmp,86
53067.bmp,87
53068.bmp,88
53069.bmp,89
53070.bmp,90
53071.bmp,91
53072.bmp,92
53073.bmp,93
53074.bmp,94
53075.bmp,95
53076.bmp,96
53077.bmp,97
53078.bmp,98
53079.bmp,99
53080.bmp,100
53081.bmp,101
53082.bmp,102
53083.bmp,103
53084.bmp,104
53085.bmp,105
53086.bmp,106
53087.bmp,107
53088.bmp,108
53089.bmp,109
53090.bmp,110
53091.bmp,111
53092.bmp,112
53093.bmp,113
53094.bmp,114
53095.bmp,115
53096.bmp,116
53097.bmp,117
53098.bmp,118
53099.bmp,119
53100.bmp,120
53101.bmp,121
53102.bmp,122
53103.bmp,123
53104.bmp,124
53105.bmp,125
53106.bmp,126
53107.bmp,127
53108.bmp,128
53109.bmp,129
53110.bmp,130
53111.bmp,131
53112.bmp,132
53113.bmp,133
53114.bmp,134
53115.bmp,135
53116.bmp,136
53117.bmp,137
53118.bmp,138
53119.bmp,139
53120.bmp,140
53121.bmp,141
53122.bmp,142
53123.bmp,143
53124.bmp,144
53125.bmp,145
53126.bmp,146
53127.bmp,147
53128.bmp,148
53129.bmp,149
53130.bmp,150
53131.bmp,151
53132.bmp,152
53133.bmp,153
53134.bmp,154
53135.bmp,155
53136.bmp,80
53137.bmp,0
53138.bmp,1
53139.bmp,2
53140.bmp,3
53141.bmp,4
53142.bmp,5
53143.bmp,6
53144.bmp,7
53145.bmp,8
53146.bmp,9
53147.bmp,10
53148.bmp,11
53149.bmp,12
53150.bmp,13
53151.bmp,14
53152.bmp,15
53153.bmp,16
53154.bmp,17
53155.bmp,18
53156.bmp,19
53157.bmp,20
53158.bmp,21
53159.bmp,22
53160.bmp,23
53161.bmp,24
53162.bmp,25
53163.bmp,26
53164.bmp,27
53165.bmp,28
53166.bmp,29
53167.bmp,30
53168.bmp,31
53169.bmp,32
53170.bmp,33
53171.bmp,34
53172.bmp,35
53173.bmp,36
53174.bmp,37
53175.bmp,38
53176.bmp,39
53177.bmp,40
53178.bmp,41
53179.bmp,42
53180.bmp,43
53181.bmp,44
53182.bmp,45
53183.bmp,46
53184.bmp,47
53185.bmp,48
53186.bmp,49
53187.bmp,50
53188.bmp,51
53189.bmp,52
53190.bmp,53
53191.bmp,54
53192.bmp,55
53193.bmp,56
53194.bmp,57
53195.bmp,58
53196.bmp,59
53197.bmp,60
53198.bmp,61
53199.bmp,62
53200.bmp,63
53201.bmp,64
53202.bmp,65
53203.bmp,66
53204.bmp,67
53205.bmp,68
53206.bmp,69
53207.bmp,70
53208.bmp,71
53209.bmp,72
53210.bmp,73
53211.bmp,74
53212.bmp,75
53213.bmp,76
53214.bmp,77
53215.bmp,78
53216.bmp,79
53217.bmp,80
53218.bmp,81
53219.bmp,82
53220.bmp,83
53221.bmp,84
53222.bmp,85
53223.bmp,86
53224.bmp,87
53225.bmp,88
53226.bmp,89
53227.bmp,90
53228.bmp,91
53229.bmp,92
53230.bmp,93
53231.bmp,94
53232.bmp,95
53233.bmp,96
53234.bmp,97
53235.bmp,98
53236.bmp,99
53237.bmp,100
53238.bmp,101
53239.bmp,102
53240.bmp,103
53241.bmp,104
53242.bmp,105
53243.bmp,106
53244.bmp,107
53245.bmp,108
53246.bmp,109
53247.bmp,110
53248.bmp,111
53249.bmp,112
53250.bmp,113
53251.bmp,114
53252.bmp,115
53253.bmp,116
53254.bmp,117
53255.bmp,118
53256.bmp,119
53257.bmp,120
53258.bmp,121
53259.bmp,122
53260.bmp,123
53261.bmp,124
53262.bmp,125
53263.bmp,126
53264.bmp,127
53265.bmp,128
53266.bmp,129
53267.bmp,130
53268.bmp,131
53269.bmp,132
53270.bmp,133
53271.bmp,134
53272.bmp,135
53273.bmp,136
53274.bmp,137
53275.bmp,138
53276.bmp,139
53277.bmp,140
53278.bmp,141
53279.bmp,142
53280.bmp,143
53281.bmp,144
53282.bmp,145
53283.bmp,146
53284.bmp,147
53285.bmp,148
53286.bmp,149
53287.bmp,150
53288.bmp,151
53289.bmp,152
53290.bmp,153
53291.bmp,154
53292.bmp,155
53293.bmp,80
53294.bmp,0
53295.bmp,1
53296.bmp,2
53297.bmp,3
53298.bmp,4
53299.bmp,5
53300.bmp,6
53301.bmp,7
53302.bmp,8
53303.bmp,9
53304.bmp,10
53305.bmp,11
53306.bmp,12
53307.bmp,13
53308.bmp,14
53309.bmp,15
53310.bmp,16
53311.bmp,17
53312.bmp,18
53313.bmp,19
53314.bmp,20
53315.bmp,21
53316.bmp,22
53317.bmp,23
53318.bmp,24
53319.bmp,25
53320.bmp,26
53321.bmp,27
53322.bmp,28
53323.bmp,29
53324.bmp,30
53325.bmp,31
53326.bmp,32
53327.bmp,33
53328.bmp,34
53329.bmp,35
53330.bmp,36
53331.bmp,37
53332.bmp,38
53333.bmp,39
53334.bmp,40
53335.bmp,41
53336.bmp,42
53337.bmp,43
53338.bmp,44
53339.bmp,45
53340.bmp,46
53341.bmp,47
53342.bmp,48
53343.bmp,49
53344.bmp,50
53345.bmp,51
53346.bmp,52
53347.bmp,53
53348.bmp,54
53349.bmp,55
53350.bmp,56
53351.bmp,57
53352.bmp,58
53353.bmp,59
53354.bmp,60
53355.bmp,61
53356.bmp,62
53357.bmp,63
53358.bmp,64
53359.bmp,65
53360.bmp,66
53361.bmp,67
53362.bmp,68
53363.bmp,69
53364.bmp,70
53365.bmp,71
53366.bmp,72
53367.bmp,73
53368.bmp,74
53369.bmp,75
53370.bmp,76
53371.bmp,77
53372.bmp,78
53373.bmp,79
53374.bmp,80
53375.bmp,81
53376.bmp,82
53377.bmp,83
53378.bmp,84
53379.bmp,85
53380.bmp,86
53381.bmp,87
53382.bmp,88
53383.bmp,89
53384.bmp,90
53385.bmp,91
53386.bmp,92
53387.bmp,93
53388.bmp,94
53389.bmp,95
53390.bmp,96
53391.bmp,97
53392.bmp,98
53393.bmp,99
53394.bmp,100
53395.bmp,101
53396.bmp,102
53397.bmp,103
53398.bmp,104
53399.bmp,105
53400.bmp,106
53401.bmp,107
53402.bmp,108
53403.bmp,109
53404.bmp,110
53405.bmp,111
53406.bmp,112
53407.bmp,113
53408.bmp,114
53409.bmp,115
53410.bmp,116
53411.bmp,117
53412.bmp,118
53413.bmp,119
53414.bmp,120
53415.bmp,121
53416.bmp,122
53417.bmp,123
53418.bmp,124
53419.bmp,125
53420.bmp,126
53421.bmp,127
53422.bmp,128
53423.bmp,129
53424.bmp,130
53425.bmp,131
53426.bmp,132
53427.bmp,133
53428.bmp,134
53429.bmp,135
53430.bmp,136
53431.bmp,137
53432.bmp,138
53433.bmp,139
53434.bmp,140
53435.bmp,141
53436.bmp,142
53437.bmp,143
53438.bmp,144
53439.bmp,145
53440.bmp,146
53441.bmp,147
53442.bmp,148
53443.bmp,149
53444.bmp,150
53445.bmp,151
53446.bmp,152
53447.bmp,153
53448.bmp,154
53449.bmp,155
53450.bmp,80
53451.bmp,0
53452.bmp,1
53453.bmp,2
53454.bmp,3
53455.bmp,4
53456.bmp,5
53457.bmp,6
53458.bmp,7
53459.bmp,8
53460.bmp,9
53461.bmp,10
53462.bmp,11
53463.bmp,12
53464.bmp,13
53465.bmp,14
53466.bmp,15
53467.bmp,16
53468.bmp,17
53469.bmp,18
53470.bmp,19
53471.bmp,20
53472.bmp,21
53473.bmp,22
53474.bmp,23
53475.bmp,24
53476.bmp,25
53477.bmp,26
53478.bmp,27
53479.bmp,28
53480.bmp,29
53481.bmp,30
53482.bmp,31
53483.bmp,32
53484.bmp,33
53485.bmp,34
53486.bmp,35
53487.bmp,36
53488.bmp,37
53489.bmp,38
53490.bmp,39
53491.bmp,40
53492.bmp,41
53493.bmp,42
53494.bmp,43
53495.bmp,44
53496.bmp,45
53497.bmp,46
53498.bmp,47
53499.bmp,48
53500.bmp,49
53501.bmp,50
53502.bmp,51
53503.bmp,52
53504.bmp,53
53505.bmp,54
53506.bmp,55
53507.bmp,56
53508.bmp,57
53509.bmp,58
53510.bmp,59
53511.bmp,60
53512.bmp,61
53513.bmp,62
53514.bmp,63
53515.bmp,64
53516.bmp,65
53517.bmp,66
53518.bmp,67
53519.bmp,68
53520.bmp,69
53521.bmp,70
53522.bmp,71
53523.bmp,72
53524.bmp,73
53525.bmp,74
53526.bmp,75
53527.bmp,76
53528.bmp,77
53529.bmp,78
53530.bmp,79
53531.bmp,80
53532.bmp,81
53533.bmp,82
53534.bmp,83
53535.bmp,84
53536.bmp,85
53537.bmp,86
53538.bmp,87
53539.bmp,88
53540.bmp,89
53541.bmp,90
53542.bmp,91
53543.bmp,92
53544.bmp,93
53545.bmp,94
53546.bmp,95
53547.bmp,96
53548.bmp,97
53549.bmp,98
53550.bmp,99
53551.bmp,100
53552.bmp,101
53553.bmp,102
53554.bmp,103
53555.bmp,104
53556.bmp,105
53557.bmp,106
53558.bmp,107
53559.bmp,108
53560.bmp,109
53561.bmp,110
53562.bmp,111
53563.bmp,112
53564.bmp,113
53565.bmp,114
53566.bmp,115
53567.bmp,116
53568.bmp,117
53569.bmp,118
53570.bmp,119
53571.bmp,120
53572.bmp,121
53573.bmp,122
53574.bmp,123
53575.bmp,124
53576.bmp,125
53577.bmp,126
53578.bmp,127
53579.bmp,128
53580.bmp,129
53581.bmp,130
53582.bmp,131
53583.bmp,132
53584.bmp,133
53585.bmp,134
53586.bmp,135
53587.bmp,136
53588.bmp,137
53589.bmp,138
53590.bmp,139
53591.bmp,140
53592.bmp,141
53593.bmp,142
53594.bmp,143
53595.bmp,144
53596.bmp,145
53597.bmp,146
53598.bmp,147
53599.bmp,148
53600.bmp,149
53601.bmp,150
53602.bmp,151
53603.bmp,152
53604.bmp,153
53605.bmp,154
53606.bmp,155
53607.bmp,80
53608.bmp,0
53609.bmp,1
53610.bmp,2
53611.bmp,3
53612.bmp,4
53613.bmp,5
53614.bmp,6
53615.bmp,7
53616.bmp,8
53617.bmp,9
53618.bmp,10
53619.bmp,11
53620.bmp,12
53621.bmp,13
53622.bmp,14
53623.bmp,15
53624.bmp,16
53625.bmp,17
53626.bmp,18
53627.bmp,19
53628.bmp,20
53629.bmp,21
53630.bmp,22
53631.bmp,23
53632.bmp,24
53633.bmp,25
53634.bmp,26
53635.bmp,27
53636.bmp,28
53637.bmp,29
53638.bmp,30
53639.bmp,31
53640.bmp,32
53641.bmp,33
53642.bmp,34
53643.bmp,35
53644.bmp,36
53645.bmp,37
53646.bmp,38
53647.bmp,39
53648.bmp,40
53649.bmp,41
53650.bmp,42
53651.bmp,43
53652.bmp,44
53653.bmp,45
53654.bmp,46
53655.bmp,47
53656.bmp,48
53657.bmp,49
53658.bmp,50
53659.bmp,51
53660.bmp,52
53661.bmp,53
53662.bmp,54
53663.bmp,55
53664.bmp,56
53665.bmp,57
53666.bmp,58
53667.bmp,59
53668.bmp,60
53669.bmp,61
53670.bmp,62
53671.bmp,63
53672.bmp,64
53673.bmp,65
53674.bmp,66
53675.bmp,67
53676.bmp,68
53677.bmp,69
53678.bmp,70
53679.bmp,71
53680.bmp,72
53681.bmp,73
53682.bmp,74
53683.bmp,75
53684.bmp,76
53685.bmp,77
53686.bmp,78
53687.bmp,79
53688.bmp,80
53689.bmp,81
53690.bmp,82
53691.bmp,83
53692.bmp,84
53693.bmp,85
53694.bmp,86
53695.bmp,87
53696.bmp,88
53697.bmp,89
53698.bmp,90
53699.bmp,91
53700.bmp,92
53701.bmp,93
53702.bmp,94
53703.bmp,95
53704.bmp,96
53705.bmp,97
53706.bmp,98
53707.bmp,99
53708.bmp,100
53709.bmp,101
53710.bmp,102
53711.bmp,103
53712.bmp,104
53713.bmp,105
53714.bmp,106
53715.bmp,107
53716.bmp,108
53717.bmp,109
53718.bmp,110
53719.bmp,111
53720.bmp,112
53721.bmp,113
53722.bmp,114
53723.bmp,115
53724.bmp,116
53725.bmp,117
53726.bmp,118
53727.bmp,119
53728.bmp,120
53729.bmp,121
53730.bmp,122
53731.bmp,123
53732.bmp,124
53733.bmp,125
53734.bmp,126
53735.bmp,127
53736.bmp,128
53737.bmp,129
53738.bmp,130
53739.bmp,131
53740.bmp,132
53741.bmp,133
53742.bmp,134
53743.bmp,135
53744.bmp,136
53745.bmp,137
53746.bmp,138
53747.bmp,139
53748.bmp,140
53749.bmp,141
53750.bmp,142
53751.bmp,143
53752.bmp,144
53753.bmp,145
53754.bmp,146
53755.bmp,147
53756.bmp,148
53757.bmp,149
53758.bmp,150
53759.bmp,151
53760.bmp,152
53761.bmp,153
53762.bmp,154
53763.bmp,155
53764.bmp,80
53765.bmp,0
53766.bmp,1
53767.bmp,2
53768.bmp,3
53769.bmp,4
53770.bmp,5
53771.bmp,6
53772.bmp,7
53773.bmp,8
53774.bmp,9
53775.bmp,10
53776.bmp,11
53777.bmp,12
53778.bmp,13
53779.bmp,14
53780.bmp,15
53781.bmp,16
53782.bmp,17
53783.bmp,18
53784.bmp,19
53785.bmp,20
53786.bmp,21
53787.bmp,22
53788.bmp,23
53789.bmp,24
53790.bmp,25
53791.bmp,26
53792.bmp,27
53793.bmp,28
53794.bmp,29
53795.bmp,30
53796.bmp,31
53797.bmp,32
53798.bmp,33
53799.bmp,34
53800.bmp,35
53801.bmp,36
53802.bmp,37
53803.bmp,38
53804.bmp,39
53805.bmp,40
53806.bmp,41
53807.bmp,42
53808.bmp,43
53809.bmp,44
53810.bmp,45
53811.bmp,46
53812.bmp,47
53813.bmp,48
53814.bmp,49
53815.bmp,50
53816.bmp,51
53817.bmp,52
53818.bmp,53
53819.bmp,54
53820.bmp,55
53821.bmp,56
53822.bmp,57
53823.bmp,58
53824.bmp,59
53825.bmp,60
53826.bmp,61
53827.bmp,62
53828.bmp,63
53829.bmp,64
53830.bmp,65
53831.bmp,66
53832.bmp,67
53833.bmp,68
53834.bmp,69
53835.bmp,70
53836.bmp,71
53837.bmp,72
53838.bmp,73
53839.bmp,74
53840.bmp,75
53841.bmp,76
53842.bmp,77
53843.bmp,78
53844.bmp,79
53845.bmp,80
53846.bmp,81
53847.bmp,82
53848.bmp,83
53849.bmp,84
53850.bmp,85
53851.bmp,86
53852.bmp,87
53853.bmp,88
53854.bmp,89
53855.bmp,90
53856.bmp,91
53857.bmp,92
53858.bmp,93
53859.bmp,94
53860.bmp,95
53861.bmp,96
53862.bmp,97
53863.bmp,98
53864.bmp,99
53865.bmp,100
53866.bmp,101
53867.bmp,102
53868.bmp,103
53869.bmp,104
53870.bmp,105
53871.bmp,106
53872.bmp,107
53873.bmp,108
53874.bmp,109
53875.bmp,110
53876.bmp,111
53877.bmp,112
53878.bmp,113
53879.bmp,114
53880.bmp,115
53881.bmp,116
53882.bmp,117
53883.bmp,118
53884.bmp,119
53885.bmp,120
53886.bmp,121
53887.bmp,122
53888.bmp,123
53889.bmp,124
53890.bmp,125
53891.bmp,126
53892.bmp,127
53893.bmp,128
53894.bmp,129
53895.bmp,130
53896.bmp,131
53897.bmp,132
53898.bmp,133
53899.bmp,134
53900.bmp,135
53901.bmp,136
53902.bmp,137
53903.bmp,138
53904.bmp,139
53905.bmp,140
53906.bmp,141
53907.bmp,142
53908.bmp,143
53909.bmp,144
53910.bmp,145
53911.bmp,146
53912.bmp,147
53913.bmp,148
53914.bmp,149
53915.bmp,150
53916.bmp,151
53917.bmp,152
53918.bmp,153
53919.bmp,154
53920.bmp,155
53921.bmp,80
53922.bmp,0
53923.bmp,1
53924.bmp,2
53925.bmp,3
53926.bmp,4
53927.bmp,5
53928.bmp,6
53929.bmp,7
53930.bmp,8
53931.bmp,9
53932.bmp,10
53933.bmp,11
53934.bmp,12
53935.bmp,13
53936.bmp,14
53937.bmp,15
53938.bmp,16
53939.bmp,17
53940.bmp,18
53941.bmp,19
53942.bmp,20
53943.bmp,21
53944.bmp,22
53945.bmp,23
53946.bmp,24
53947.bmp,25
53948.bmp,26
53949.bmp,27
53950.bmp,28
53951.bmp,29
53952.bmp,30
53953.bmp,31
53954.bmp,32
53955.bmp,33
53956.bmp,34
53957.bmp,35
53958.bmp,36
53959.bmp,37
53960.bmp,38
53961.bmp,39
53962.bmp,40
53963.bmp,41
53964.bmp,42
53965.bmp,43
53966.bmp,44
53967.bmp,45
53968.bmp,46
53969.bmp,47
53970.bmp,48
53971.bmp,49
53972.bmp,50
53973.bmp,51
53974.bmp,52
53975.bmp,53
53976.bmp,54
53977.bmp,55
53978.bmp,56
53979.bmp,57
53980.bmp,58
53981.bmp,59
53982.bmp,60
53983.bmp,61
53984.bmp,62
53985.bmp,63
53986.bmp,64
53987.bmp,65
53988.bmp,66
53989.bmp,67
53990.bmp,68
53991.bmp,69
53992.bmp,70
53993.bmp,71
53994.bmp,72
53995.bmp,73
53996.bmp,74
53997.bmp,75
53998.bmp,76
53999.bmp,77
54000.bmp,78
54001.bmp,79
54002.bmp,80
54003.bmp,81
54004.bmp,82
54005.bmp,83
54006.bmp,84
54007.bmp,85
54008.bmp,86
54009.bmp,87
54010.bmp,88
54011.bmp,89
54012.bmp,90
54013.bmp,91
54014.bmp,92
54015.bmp,93
54016.bmp,94
54017.bmp,95
54018.bmp,96
54019.bmp,97
54020.bmp,98
54021.bmp,99
54022.bmp,100
54023.bmp,101
54024.bmp,102
54025.bmp,103
54026.bmp,104
54027.bmp,105
54028.bmp,106
54029.bmp,107
54030.bmp,108
54031.bmp,109
54032.bmp,110
54033.bmp,111
54034.bmp,112
54035.bmp,113
54036.bmp,114
54037.bmp,115
54038.bmp,116
54039.bmp,117
54040.bmp,118
54041.bmp,119
54042.bmp,120
54043.bmp,121
54044.bmp,122
54045.bmp,123
54046.bmp,124
54047.bmp,125
54048.bmp,126
54049.bmp,127
54050.bmp,128
54051.bmp,129
54052.bmp,130
54053.bmp,131
54054.bmp,132
54055.bmp,133
54056.bmp,134
54057.bmp,135
54058.bmp,136
54059.bmp,137
54060.bmp,138
54061.bmp,139
54062.bmp,140
54063.bmp,141
54064.bmp,142
54065.bmp,143
54066.bmp,144
54067.bmp,145
54068.bmp,146
54069.bmp,147
54070.bmp,148
54071.bmp,149
54072.bmp,150
54073.bmp,151
54074.bmp,152
54075.bmp,153
54076.bmp,154
54077.bmp,155
54078.bmp,80
54079.bmp,0
54080.bmp,1
54081.bmp,2
54082.bmp,3
54083.bmp,4
54084.bmp,5
54085.bmp,6
54086.bmp,7
54087.bmp,8
54088.bmp,9
54089.bmp,10
54090.bmp,11
54091.bmp,12
54092.bmp,13
54093.bmp,14
54094.bmp,15
54095.bmp,16
54096.bmp,17
54097.bmp,18
54098.bmp,19
54099.bmp,20
54100.bmp,21
54101.bmp,22
54102.bmp,23
54103.bmp,24
54104.bmp,25
54105.bmp,26
54106.bmp,27
54107.bmp,28
54108.bmp,29
54109.bmp,30
54110.bmp,31
54111.bmp,32
54112.bmp,33
54113.bmp,34
54114.bmp,35
54115.bmp,36
54116.bmp,37
54117.bmp,38
54118.bmp,39
54119.bmp,40
54120.bmp,41
54121.bmp,42
54122.bmp,43
54123.bmp,44
54124.bmp,45
54125.bmp,46
54126.bmp,47
54127.bmp,48
54128.bmp,49
54129.bmp,50
54130.bmp,51
54131.bmp,52
54132.bmp,53
54133.bmp,54
54134.bmp,55
54135.bmp,56
54136.bmp,57
54137.bmp,58
54138.bmp,59
54139.bmp,60
54140.bmp,61
54141.bmp,62
54142.bmp,63
54143.bmp,64
54144.bmp,65
54145.bmp,66
54146.bmp,67
54147.bmp,68
54148.bmp,69
54149.bmp,70
54150.bmp,71
54151.bmp,72
54152.bmp,73
54153.bmp,74
54154.bmp,75
54155.bmp,76
54156.bmp,77
54157.bmp,78
54158.bmp,79
54159.bmp,80
54160.bmp,81
54161.bmp,82
54162.bmp,83
54163.bmp,84
54164.bmp,85
54165.bmp,86
54166.bmp,87
54167.bmp,88
54168.bmp,89
54169.bmp,90
54170.bmp,91
54171.bmp,92
54172.bmp,93
54173.bmp,94
54174.bmp,95
54175.bmp,96
54176.bmp,97
54177.bmp,98
54178.bmp,99
54179.bmp,100
54180.bmp,101
54181.bmp,102
54182.bmp,103
54183.bmp,104
54184.bmp,105
54185.bmp,106
54186.bmp,107
54187.bmp,108
54188.bmp,109
54189.bmp,110
54190.bmp,111
54191.bmp,112
54192.bmp,113
54193.bmp,114
54194.bmp,115
54195.bmp,116
54196.bmp,117
54197.bmp,118
54198.bmp,119
54199.bmp,120
54200.bmp,121
54201.bmp,122
54202.bmp,123
54203.bmp,124
54204.bmp,125
54205.bmp,126
54206.bmp,127
54207.bmp,128
54208.bmp,129
54209.bmp,130
54210.bmp,131
54211.bmp,132
54212.bmp,133
54213.bmp,134
54214.bmp,135
54215.bmp,136
54216.bmp,137
54217.bmp,138
54218.bmp,139
54219.bmp,140
54220.bmp,141
54221.bmp,142
54222.bmp,143
54223.bmp,144
54224.bmp,145
54225.bmp,146
54226.bmp,147
54227.bmp,148
54228.bmp,149
54229.bmp,150
54230.bmp,151
54231.bmp,152
54232.bmp,153
54233.bmp,154
54234.bmp,155
54235.bmp,80
54236.bmp,0
54237.bmp,1
54238.bmp,2
54239.bmp,3
54240.bmp,4
54241.bmp,5
54242.bmp,6
54243.bmp,7
54244.bmp,8
54245.bmp,9
54246.bmp,10
54247.bmp,11
54248.bmp,12
54249.bmp,13
54250.bmp,14
54251.bmp,15
54252.bmp,16
54253.bmp,17
54254.bmp,18
54255.bmp,19
54256.bmp,20
54257.bmp,21
54258.bmp,22
54259.bmp,23
54260.bmp,24
54261.bmp,25
54262.bmp,26
54263.bmp,27
54264.bmp,28
54265.bmp,29
54266.bmp,30
54267.bmp,31
54268.bmp,32
54269.bmp,33
54270.bmp,34
54271.bmp,35
54272.bmp,36
54273.bmp,37
54274.bmp,38
54275.bmp,39
54276.bmp,40
54277.bmp,41
54278.bmp,42
54279.bmp,43
54280.bmp,44
54281.bmp,45
54282.bmp,46
54283.bmp,47
54284.bmp,48
54285.bmp,49
54286.bmp,50
54287.bmp,51
54288.bmp,52
54289.bmp,53
54290.bmp,54
54291.bmp,55
54292.bmp,56
54293.bmp,57
54294.bmp,58
54295.bmp,59
54296.bmp,60
54297.bmp,61
54298.bmp,62
54299.bmp,63
54300.bmp,64
54301.bmp,65
54302.bmp,66
54303.bmp,67
54304.bmp,68
54305.bmp,69
54306.bmp,70
54307.bmp,71
54308.bmp,72
54309.bmp,73
54310.bmp,74
54311.bmp,75
54312.bmp,76
54313.bmp,77
54314.bmp,78
54315.bmp,79
54316.bmp,80
54317.bmp,81
54318.bmp,82
54319.bmp,83
54320.bmp,84
54321.bmp,85
54322.bmp,86
54323.bmp,87
54324.bmp,88
54325.bmp,89
54326.bmp,90
54327.bmp,91
54328.bmp,92
54329.bmp,93
54330.bmp,94
54331.bmp,95
54332.bmp,96
54333.bmp,97
54334.bmp,98
54335.bmp,99
54336.bmp,100
54337.bmp,101
54338.bmp,102
54339.bmp,103
54340.bmp,104
54341.bmp,105
54342.bmp,106
54343.bmp,107
54344.bmp,108
54345.bmp,109
54346.bmp,110
54347.bmp,111
54348.bmp,112
54349.bmp,113
54350.bmp,114
54351.bmp,115
54352.bmp,116
54353.bmp,117
54354.bmp,118
54355.bmp,119
54356.bmp,120
54357.bmp,121
54358.bmp,122
54359.bmp,123
54360.bmp,124
54361.bmp,125
54362.bmp,126
54363.bmp,127
54364.bmp,128
54365.bmp,129
54366.bmp,130
54367.bmp,131
54368.bmp,132
54369.bmp,133
54370.bmp,134
54371.bmp,135
54372.bmp,136
54373.bmp,137
54374.bmp,138
54375.bmp,139
54376.bmp,140
54377.bmp,141
54378.bmp,142
54379.bmp,143
54380.bmp,144
54381.bmp,145
54382.bmp,146
54383.bmp,147
54384.bmp,148
54385.bmp,149
54386.bmp,150
54387.bmp,151
54388.bmp,152
54389.bmp,153
54390.bmp,154
54391.bmp,155
54392.bmp,80
54393.bmp,0
54394.bmp,1
54395.bmp,2
54396.bmp,3
54397.bmp,4
54398.bmp,5
54399.bmp,6
54400.bmp,7
54401.bmp,8
54402.bmp,9
54403.bmp,10
54404.bmp,11
54405.bmp,12
54406.bmp,13
54407.bmp,14
54408.bmp,15
54409.bmp,16
54410.bmp,17
54411.bmp,18
54412.bmp,19
54413.bmp,20
54414.bmp,21
54415.bmp,22
54416.bmp,23
54417.bmp,24
54418.bmp,25
54419.bmp,26
54420.bmp,27
54421.bmp,28
54422.bmp,29
54423.bmp,30
54424.bmp,31
54425.bmp,32
54426.bmp,33
54427.bmp,34
54428.bmp,35
54429.bmp,36
54430.bmp,37
54431.bmp,38
54432.bmp,39
54433.bmp,40
54434.bmp,41
54435.bmp,42
54436.bmp,43
54437.bmp,44
54438.bmp,45
54439.bmp,46
54440.bmp,47
54441.bmp,48
54442.bmp,49
54443.bmp,50
54444.bmp,51
54445.bmp,52
54446.bmp,53
54447.bmp,54
54448.bmp,55
54449.bmp,56
54450.bmp,57
54451.bmp,58
54452.bmp,59
54453.bmp,60
54454.bmp,61
54455.bmp,62
54456.bmp,63
54457.bmp,64
54458.bmp,65
54459.bmp,66
54460.bmp,67
54461.bmp,68
54462.bmp,69
54463.bmp,70
54464.bmp,71
54465.bmp,72
54466.bmp,73
54467.bmp,74
54468.bmp,75
54469.bmp,76
54470.bmp,77
54471.bmp,78
54472.bmp,79
54473.bmp,80
54474.bmp,81
54475.bmp,82
54476.bmp,83
54477.bmp,84
54478.bmp,85
54479.bmp,86
54480.bmp,87
54481.bmp,88
54482.bmp,89
54483.bmp,90
54484.bmp,91
54485.bmp,92
54486.bmp,93
54487.bmp,94
54488.bmp,95
54489.bmp,96
54490.bmp,97
54491.bmp,98
54492.bmp,99
54493.bmp,100
54494.bmp,101
54495.bmp,102
54496.bmp,103
54497.bmp,104
54498.bmp,105
54499.bmp,106
54500.bmp,107
54501.bmp,108
54502.bmp,109
54503.bmp,110
54504.bmp,111
54505.bmp,112
54506.bmp,113
54507.bmp,114
54508.bmp,115
54509.bmp,116
54510.bmp,117
54511.bmp,118
54512.bmp,119
54513.bmp,120
54514.bmp,121
54515.bmp,122
54516.bmp,123
54517.bmp,124
54518.bmp,125
54519.bmp,126
54520.bmp,127
54521.bmp,128
54522.bmp,129
54523.bmp,130
54524.bmp,131
54525.bmp,132
54526.bmp,133
54527.bmp,134
54528.bmp,135
54529.bmp,136
54530.bmp,137
54531.bmp,138
54532.bmp,139
54533.bmp,140
54534.bmp,141
54535.bmp,142
54536.bmp,143
54537.bmp,144
54538.bmp,145
54539.bmp,146
54540.bmp,147
54541.bmp,148
54542.bmp,149
54543.bmp,150
54544.bmp,151
54545.bmp,152
54546.bmp,153
54547.bmp,154
54548.bmp,155
54549.bmp,80
54550.bmp,0
54551.bmp,1
54552.bmp,2
54553.bmp,3
54554.bmp,4
54555.bmp,5
54556.bmp,6
54557.bmp,7
54558.bmp,8
54559.bmp,9
54560.bmp,10
54561.bmp,11
54562.bmp,12
54563.bmp,13
54564.bmp,14
54565.bmp,15
54566.bmp,16
54567.bmp,17
54568.bmp,18
54569.bmp,19
54570.bmp,20
54571.bmp,21
54572.bmp,22
54573.bmp,23
54574.bmp,24
54575.bmp,25
54576.bmp,26
54577.bmp,27
54578.bmp,28
54579.bmp,29
54580.bmp,30
54581.bmp,31
54582.bmp,32
54583.bmp,33
54584.bmp,34
54585.bmp,35
54586.bmp,36
54587.bmp,37
54588.bmp,38
54589.bmp,39
54590.bmp,40
54591.bmp,41
54592.bmp,42
54593.bmp,43
54594.bmp,44
54595.bmp,45
54596.bmp,46
54597.bmp,47
54598.bmp,48
54599.bmp,49
54600.bmp,50
54601.bmp,51
54602.bmp,52
54603.bmp,53
54604.bmp,54
54605.bmp,55
54606.bmp,56
54607.bmp,57
54608.bmp,58
54609.bmp,59
54610.bmp,60
54611.bmp,61
54612.bmp,62
54613.bmp,63
54614.bmp,64
54615.bmp,65
54616.bmp,66
54617.bmp,67
54618.bmp,68
54619.bmp,69
54620.bmp,70
54621.bmp,71
54622.bmp,72
54623.bmp,73
54624.bmp,74
54625.bmp,75
54626.bmp,76
54627.bmp,77
54628.bmp,78
54629.bmp,79
54630.bmp,80
54631.bmp,81
54632.bmp,82
54633.bmp,83
54634.bmp,84
54635.bmp,85
54636.bmp,86
54637.bmp,87
54638.bmp,88
54639.bmp,89
54640.bmp,90
54641.bmp,91
54642.bmp,92
54643.bmp,93
54644.bmp,94
54645.bmp,95
54646.bmp,96
54647.bmp,97
54648.bmp,98
54649.bmp,99
54650.bmp,100
54651.bmp,101
54652.bmp,102
54653.bmp,103
54654.bmp,104
54655.bmp,105
54656.bmp,106
54657.bmp,107
54658.bmp,108
54659.bmp,109
54660.bmp,110
54661.bmp,111
54662.bmp,112
54663.bmp,113
54664.bmp,114
54665.bmp,115
54666.bmp,116
54667.bmp,117
54668.bmp,118
54669.bmp,119
54670.bmp,120
54671.bmp,121
54672.bmp,122
54673.bmp,123
54674.bmp,124
54675.bmp,125
54676.bmp,126
54677.bmp,127
54678.bmp,128
54679.bmp,129
54680.bmp,130
54681.bmp,131
54682.bmp,132
54683.bmp,133
54684.bmp,134
54685.bmp,135
54686.bmp,136
54687.bmp,137
54688.bmp,138
54689.bmp,139
54690.bmp,140
54691.bmp,141
54692.bmp,142
54693.bmp,143
54694.bmp,144
54695.bmp,145
54696.bmp,146
54697.bmp,147
54698.bmp,148
54699.bmp,149
54700.bmp,150
54701.bmp,151
54702.bmp,152
54703.bmp,153
54704.bmp,154
54705.bmp,155
54706.bmp,80
54707.bmp,0
54708.bmp,1
54709.bmp,2
54710.bmp,3
54711.bmp,4
54712.bmp,5
54713.bmp,6
54714.bmp,7
54715.bmp,8
54716.bmp,9
54717.bmp,10
54718.bmp,11
54719.bmp,12
54720.bmp,13
54721.bmp,14
54722.bmp,15
54723.bmp,16
54724.bmp,17
54725.bmp,18
54726.bmp,19
54727.bmp,20
54728.bmp,21
54729.bmp,22
54730.bmp,23
54731.bmp,24
54732.bmp,25
54733.bmp,26
54734.bmp,27
54735.bmp,28
54736.bmp,29
54737.bmp,30
54738.bmp,31
54739.bmp,32
54740.bmp,33
54741.bmp,34
54742.bmp,35
54743.bmp,36
54744.bmp,37
54745.bmp,38
54746.bmp,39
54747.bmp,40
54748.bmp,41
54749.bmp,42
54750.bmp,43
54751.bmp,44
54752.bmp,45
54753.bmp,46
54754.bmp,47
54755.bmp,48
54756.bmp,49
54757.bmp,50
54758.bmp,51
54759.bmp,52
54760.bmp,53
54761.bmp,54
54762.bmp,55
54763.bmp,56
54764.bmp,57
54765.bmp,58
54766.bmp,59
54767.bmp,60
54768.bmp,61
54769.bmp,62
54770.bmp,63
54771.bmp,64
54772.bmp,65
54773.bmp,66
54774.bmp,67
54775.bmp,68
54776.bmp,69
54777.bmp,70
54778.bmp,71
54779.bmp,72
54780.bmp,73
54781.bmp,74
54782.bmp,75
54783.bmp,76
54784.bmp,77
54785.bmp,78
54786.bmp,79
54787.bmp,80
54788.bmp,81
54789.bmp,82
54790.bmp,83
54791.bmp,84
54792.bmp,85
54793.bmp,86
54794.bmp,87
54795.bmp,88
54796.bmp,89
54797.bmp,90
54798.bmp,91
54799.bmp,92
54800.bmp,93
54801.bmp,94
54802.bmp,95
54803.bmp,96
54804.bmp,97
54805.bmp,98
54806.bmp,99
54807.bmp,100
54808.bmp,101
54809.bmp,102
54810.bmp,103
54811.bmp,104
54812.bmp,105
54813.bmp,106
54814.bmp,107
54815.bmp,108
54816.bmp,109
54817.bmp,110
54818.bmp,111
54819.bmp,112
54820.bmp,113
54821.bmp,114
54822.bmp,115
54823.bmp,116
54824.bmp,117
54825.bmp,118
54826.bmp,119
54827.bmp,120
54828.bmp,121
54829.bmp,122
54830.bmp,123
54831.bmp,124
54832.bmp,125
54833.bmp,126
54834.bmp,127
54835.bmp,128
54836.bmp,129
54837.bmp,130
54838.bmp,131
54839.bmp,132
54840.bmp,133
54841.bmp,134
54842.bmp,135
54843.bmp,136
54844.bmp,137
54845.bmp,138
54846.bmp,139
54847.bmp,140
54848.bmp,141
54849.bmp,142
54850.bmp,143
54851.bmp,144
54852.bmp,145
54853.bmp,146
54854.bmp,147
54855.bmp,148
54856.bmp,149
54857.bmp,150
54858.bmp,151
54859.bmp,152
54860.bmp,153
54861.bmp,154
54862.bmp,155
54863.bmp,80
54864.bmp,0
54865.bmp,1
54866.bmp,2
54867.bmp,3
54868.bmp,4
54869.bmp,5
54870.bmp,6
54871.bmp,7
54872.bmp,8
54873.bmp,9
54874.bmp,10
54875.bmp,11
54876.bmp,12
54877.bmp,13
54878.bmp,14
54879.bmp,15
54880.bmp,16
54881.bmp,17
54882.bmp,18
54883.bmp,19
54884.bmp,20
54885.bmp,21
54886.bmp,22
54887.bmp,23
54888.bmp,24
54889.bmp,25
54890.bmp,26
54891.bmp,27
54892.bmp,28
54893.bmp,29
54894.bmp,30
54895.bmp,31
54896.bmp,32
54897.bmp,33
54898.bmp,34
54899.bmp,35
54900.bmp,36
54901.bmp,37
54902.bmp,38
54903.bmp,39
54904.bmp,40
54905.bmp,41
54906.bmp,42
54907.bmp,43
54908.bmp,44
54909.bmp,45
54910.bmp,46
54911.bmp,47
54912.bmp,48
54913.bmp,49
54914.bmp,50
54915.bmp,51
54916.bmp,52
54917.bmp,53
54918.bmp,54
54919.bmp,55
54920.bmp,56
54921.bmp,57
54922.bmp,58
54923.bmp,59
54924.bmp,60
54925.bmp,61
54926.bmp,62
54927.bmp,63
54928.bmp,64
54929.bmp,65
54930.bmp,66
54931.bmp,67
54932.bmp,68
54933.bmp,69
54934.bmp,70
54935.bmp,71
54936.bmp,72
54937.bmp,73
54938.bmp,74
54939.bmp,75
54940.bmp,76
54941.bmp,77
54942.bmp,78
54943.bmp,79
54944.bmp,80
54945.bmp,81
54946.bmp,82
54947.bmp,83
54948.bmp,84
54949.bmp,85
54950.bmp,86
54951.bmp,87
54952.bmp,88
54953.bmp,89
54954.bmp,90
54955.bmp,91
54956.bmp,92
54957.bmp,93
54958.bmp,94
54959.bmp,95
54960.bmp,96
54961.bmp,97
54962.bmp,98
54963.bmp,99
54964.bmp,100
54965.bmp,101
54966.bmp,102
54967.bmp,103
54968.bmp,104
54969.bmp,105
54970.bmp,106
54971.bmp,107
54972.bmp,108
54973.bmp,109
54974.bmp,110
54975.bmp,111
54976.bmp,112
54977.bmp,113
54978.bmp,114
54979.bmp,115
54980.bmp,116
54981.bmp,117
54982.bmp,118
54983.bmp,119
54984.bmp,120
54985.bmp,121
54986.bmp,122
54987.bmp,123
54988.bmp,124
54989.bmp,125
54990.bmp,126
54991.bmp,127
54992.bmp,128
54993.bmp,129
54994.bmp,130
54995.bmp,131
54996.bmp,132
54997.bmp,133
54998.bmp,134
54999.bmp,135
55000.bmp,136
55001.bmp,137
55002.bmp,138
55003.bmp,139
55004.bmp,140
55005.bmp,141
55006.bmp,142
55007.bmp,143
55008.bmp,144
55009.bmp,145
55010.bmp,146
55011.bmp,147
55012.bmp,148
55013.bmp,149
55014.bmp,150
55015.bmp,151
55016.bmp,152
55017.bmp,153
55018.bmp,154
55019.bmp,155
55020.bmp,80
55021.bmp,0
55022.bmp,1
55023.bmp,2
55024.bmp,3
55025.bmp,4
55026.bmp,5
55027.bmp,6
55028.bmp,7
55029.bmp,8
55030.bmp,9
55031.bmp,10
55032.bmp,11
55033.bmp,12
55034.bmp,13
55035.bmp,14
55036.bmp,15
55037.bmp,16
55038.bmp,17
55039.bmp,18
55040.bmp,19
55041.bmp,20
55042.bmp,21
55043.bmp,22
55044.bmp,23
55045.bmp,24
55046.bmp,25
55047.bmp,26
55048.bmp,27
55049.bmp,28
55050.bmp,29
55051.bmp,30
55052.bmp,31
55053.bmp,32
55054.bmp,33
55055.bmp,34
55056.bmp,35
55057.bmp,36
55058.bmp,37
55059.bmp,38
55060.bmp,39
55061.bmp,40
55062.bmp,41
55063.bmp,42
55064.bmp,43
55065.bmp,44
55066.bmp,45
55067.bmp,46
55068.bmp,47
55069.bmp,48
55070.bmp,49
55071.bmp,50
55072.bmp,51
55073.bmp,52
55074.bmp,53
55075.bmp,54
55076.bmp,55
55077.bmp,56
55078.bmp,57
55079.bmp,58
55080.bmp,59
55081.bmp,60
55082.bmp,61
55083.bmp,62
55084.bmp,63
55085.bmp,64
55086.bmp,65
55087.bmp,66
55088.bmp,67
55089.bmp,68
55090.bmp,69
55091.bmp,70
55092.bmp,71
55093.bmp,72
55094.bmp,73
55095.bmp,74
55096.bmp,75
55097.bmp,76
55098.bmp,77
55099.bmp,78
55100.bmp,79
55101.bmp,80
55102.bmp,81
55103.bmp,82
55104.bmp,83
55105.bmp,84
55106.bmp,85
55107.bmp,86
55108.bmp,87
55109.bmp,88
55110.bmp,89
55111.bmp,90
55112.bmp,91
55113.bmp,92
55114.bmp,93
55115.bmp,94
55116.bmp,95
55117.bmp,96
55118.bmp,97
55119.bmp,98
55120.bmp,99
55121.bmp,100
55122.bmp,101
55123.bmp,102
55124.bmp,103
55125.bmp,104
55126.bmp,105
55127.bmp,106
55128.bmp,107
55129.bmp,108
55130.bmp,109
55131.bmp,110
55132.bmp,111
55133.bmp,112
55134.bmp,113
55135.bmp,114
55136.bmp,115
55137.bmp,116
55138.bmp,117
55139.bmp,118
55140.bmp,119
55141.bmp,120
55142.bmp,121
55143.bmp,122
55144.bmp,123
55145.bmp,124
55146.bmp,125
55147.bmp,126
55148.bmp,127
55149.bmp,128
55150.bmp,129
55151.bmp,130
55152.bmp,131
55153.bmp,132
55154.bmp,133
55155.bmp,134
55156.bmp,135
55157.bmp,136
55158.bmp,137
55159.bmp,138
55160.bmp,139
55161.bmp,140
55162.bmp,141
55163.bmp,142
55164.bmp,143
55165.bmp,144
55166.bmp,145
55167.bmp,146
55168.bmp,147
55169.bmp,148
55170.bmp,149
55171.bmp,150
55172.bmp,151
55173.bmp,152
55174.bmp,153
55175.bmp,154
55176.bmp,155
55177.bmp,80
55178.bmp,0
55179.bmp,1
55180.bmp,2
55181.bmp,3
55182.bmp,4
55183.bmp,5
55184.bmp,6
55185.bmp,7
55186.bmp,8
55187.bmp,9
55188.bmp,10
55189.bmp,11
55190.bmp,12
55191.bmp,13
55192.bmp,14
55193.bmp,15
55194.bmp,16
55195.bmp,17
55196.bmp,18
55197.bmp,19
55198.bmp,20
55199.bmp,21
55200.bmp,22
55201.bmp,23
55202.bmp,24
55203.bmp,25
55204.bmp,26
55205.bmp,27
55206.bmp,28
55207.bmp,29
55208.bmp,30
55209.bmp,31
55210.bmp,32
55211.bmp,33
55212.bmp,34
55213.bmp,35
55214.bmp,36
55215.bmp,37
55216.bmp,38
55217.bmp,39
55218.bmp,40
55219.bmp,41
55220.bmp,42
55221.bmp,43
55222.bmp,44
55223.bmp,45
55224.bmp,46
55225.bmp,47
55226.bmp,48
55227.bmp,49
55228.bmp,50
55229.bmp,51
55230.bmp,52
55231.bmp,53
55232.bmp,54
55233.bmp,55
55234.bmp,56
55235.bmp,57
55236.bmp,58
55237.bmp,59
55238.bmp,60
55239.bmp,61
55240.bmp,62
55241.bmp,63
55242.bmp,64
55243.bmp,65
55244.bmp,66
55245.bmp,67
55246.bmp,68
55247.bmp,69
55248.bmp,70
55249.bmp,71
55250.bmp,72
55251.bmp,73
55252.bmp,74
55253.bmp,75
55254.bmp,76
55255.bmp,77
55256.bmp,78
55257.bmp,79
55258.bmp,80
55259.bmp,81
55260.bmp,82
55261.bmp,83
55262.bmp,84
55263.bmp,85
55264.bmp,86
55265.bmp,87
55266.bmp,88
55267.bmp,89
55268.bmp,90
55269.bmp,91
55270.bmp,92
55271.bmp,93
55272.bmp,94
55273.bmp,95
55274.bmp,96
55275.bmp,97
55276.bmp,98
55277.bmp,99
55278.bmp,100
55279.bmp,101
55280.bmp,102
55281.bmp,103
55282.bmp,104
55283.bmp,105
55284.bmp,106
55285.bmp,107
55286.bmp,108
55287.bmp,109
55288.bmp,110
55289.bmp,111
55290.bmp,112
55291.bmp,113
55292.bmp,114
55293.bmp,115
55294.bmp,116
55295.bmp,117
55296.bmp,118
55297.bmp,119
55298.bmp,120
55299.bmp,121
55300.bmp,122
55301.bmp,123
55302.bmp,124
55303.bmp,125
55304.bmp,126
55305.bmp,127
55306.bmp,128
55307.bmp,129
55308.bmp,130
55309.bmp,131
55310.bmp,132
55311.bmp,133
55312.bmp,134
55313.bmp,135
55314.bmp,136
55315.bmp,137
55316.bmp,138
55317.bmp,139
55318.bmp,140
55319.bmp,141
55320.bmp,142
55321.bmp,143
55322.bmp,144
55323.bmp,145
55324.bmp,146
55325.bmp,147
55326.bmp,148
55327.bmp,149
55328.bmp,150
55329.bmp,151
55330.bmp,152
55331.bmp,153
55332.bmp,154
55333.bmp,155
55334.bmp,80
55335.bmp,0
55336.bmp,1
55337.bmp,2
55338.bmp,3
55339.bmp,4
55340.bmp,5
55341.bmp,6
55342.bmp,7
55343.bmp,8
55344.bmp,9
55345.bmp,10
55346.bmp,11
55347.bmp,12
55348.bmp,13
55349.bmp,14
55350.bmp,15
55351.bmp,16
55352.bmp,17
55353.bmp,18
55354.bmp,19
55355.bmp,20
55356.bmp,21
55357.bmp,22
55358.bmp,23
55359.bmp,24
55360.bmp,25
55361.bmp,26
55362.bmp,27
55363.bmp,28
55364.bmp,29
55365.bmp,30
55366.bmp,31
55367.bmp,32
55368.bmp,33
55369.bmp,34
55370.bmp,35
55371.bmp,36
55372.bmp,37
55373.bmp,38
55374.bmp,39
55375.bmp,40
55376.bmp,41
55377.bmp,42
55378.bmp,43
55379.bmp,44
55380.bmp,45
55381.bmp,46
55382.bmp,47
55383.bmp,48
55384.bmp,49
55385.bmp,50
55386.bmp,51
55387.bmp,52
55388.bmp,53
55389.bmp,54
55390.bmp,55
55391.bmp,56
55392.bmp,57
55393.bmp,58
55394.bmp,59
55395.bmp,60
55396.bmp,61
55397.bmp,62
55398.bmp,63
55399.bmp,64
55400.bmp,65
55401.bmp,66
55402.bmp,67
55403.bmp,68
55404.bmp,69
55405.bmp,70
55406.bmp,71
55407.bmp,72
55408.bmp,73
55409.bmp,74
55410.bmp,75
55411.bmp,76
55412.bmp,77
55413.bmp,78
55414.bmp,79
55415.bmp,80
55416.bmp,81
55417.bmp,82
55418.bmp,83
55419.bmp,84
55420.bmp,85
55421.bmp,86
55422.bmp,87
55423.bmp,88
55424.bmp,89
55425.bmp,90
55426.bmp,91
55427.bmp,92
55428.bmp,93
55429.bmp,94
55430.bmp,95
55431.bmp,96
55432.bmp,97
55433.bmp,98
55434.bmp,99
55435.bmp,100
55436.bmp,101
55437.bmp,102
55438.bmp,103
55439.bmp,104
55440.bmp,105
55441.bmp,106
55442.bmp,107
55443.bmp,108
55444.bmp,109
55445.bmp,110
55446.bmp,111
55447.bmp,112
55448.bmp,113
55449.bmp,114
55450.bmp,115
55451.bmp,116
55452.bmp,117
55453.bmp,118
55454.bmp,119
55455.bmp,120
55456.bmp,121
55457.bmp,122
55458.bmp,123
55459.bmp,124
55460.bmp,125
55461.bmp,126
55462.bmp,127
55463.bmp,128
55464.bmp,129
55465.bmp,130
55466.bmp,131
55467.bmp,132
55468.bmp,133
55469.bmp,134
55470.bmp,135
55471.bmp,136
55472.bmp,137
55473.bmp,138
55474.bmp,139
55475.bmp,140
55476.bmp,141
55477.bmp,142
55478.bmp,143
55479.bmp,144
55480.bmp,145
55481.bmp,146
55482.bmp,147
55483.bmp,148
55484.bmp,149
55485.bmp,150
55486.bmp,151
55487.bmp,152
55488.bmp,153
55489.bmp,154
55490.bmp,155
55491.bmp,80
55492.bmp,0
55493.bmp,1
55494.bmp,2
55495.bmp,3
55496.bmp,4
55497.bmp,5
55498.bmp,6
55499.bmp,7
55500.bmp,8
55501.bmp,9
55502.bmp,10
55503.bmp,11
55504.bmp,12
55505.bmp,13
55506.bmp,14
55507.bmp,15
55508.bmp,16
55509.bmp,17
55510.bmp,18
55511.bmp,19
55512.bmp,20
55513.bmp,21
55514.bmp,22
55515.bmp,23
55516.bmp,24
55517.bmp,25
55518.bmp,26
55519.bmp,27
55520.bmp,28
55521.bmp,29
55522.bmp,30
55523.bmp,31
55524.bmp,32
55525.bmp,33
55526.bmp,34
55527.bmp,35
55528.bmp,36
55529.bmp,37
55530.bmp,38
55531.bmp,39
55532.bmp,40
55533.bmp,41
55534.bmp,42
55535.bmp,43
55536.bmp,44
55537.bmp,45
55538.bmp,46
55539.bmp,47
55540.bmp,48
55541.bmp,49
55542.bmp,50
55543.bmp,51
55544.bmp,52
55545.bmp,53
55546.bmp,54
55547.bmp,55
55548.bmp,56
55549.bmp,57
55550.bmp,58
55551.bmp,59
55552.bmp,60
55553.bmp,61
55554.bmp,62
55555.bmp,63
55556.bmp,64
55557.bmp,65
55558.bmp,66
55559.bmp,67
55560.bmp,68
55561.bmp,69
55562.bmp,70
55563.bmp,71
55564.bmp,72
55565.bmp,73
55566.bmp,74
55567.bmp,75
55568.bmp,76
55569.bmp,77
55570.bmp,78
55571.bmp,79
55572.bmp,80
55573.bmp,81
55574.bmp,82
55575.bmp,83
55576.bmp,84
55577.bmp,85
55578.bmp,86
55579.bmp,87
55580.bmp,88
55581.bmp,89
55582.bmp,90
55583.bmp,91
55584.bmp,92
55585.bmp,93
55586.bmp,94
55587.bmp,95
55588.bmp,96
55589.bmp,97
55590.bmp,98
55591.bmp,99
55592.bmp,100
55593.bmp,101
55594.bmp,102
55595.bmp,103
55596.bmp,104
55597.bmp,105
55598.bmp,106
55599.bmp,107
55600.bmp,108
55601.bmp,109
55602.bmp,110
55603.bmp,111
55604.bmp,112
55605.bmp,113
55606.bmp,114
55607.bmp,115
55608.bmp,116
55609.bmp,117
55610.bmp,118
55611.bmp,119
55612.bmp,120
55613.bmp,121
55614.bmp,122
55615.bmp,123
55616.bmp,124
55617.bmp,125
55618.bmp,126
55619.bmp,127
55620.bmp,128
55621.bmp,129
55622.bmp,130
55623.bmp,131
55624.bmp,132
55625.bmp,133
55626.bmp,134
55627.bmp,135
55628.bmp,136
55629.bmp,137
55630.bmp,138
55631.bmp,139
55632.bmp,140
55633.bmp,141
55634.bmp,142
55635.bmp,143
55636.bmp,144
55637.bmp,145
55638.bmp,146
55639.bmp,147
55640.bmp,148
55641.bmp,149
55642.bmp,150
55643.bmp,151
55644.bmp,152
55645.bmp,153
55646.bmp,154
55647.bmp,155
55648.bmp,80
55649.bmp,0
55650.bmp,1
55651.bmp,2
55652.bmp,3
55653.bmp,4
55654.bmp,5
55655.bmp,6
55656.bmp,7
55657.bmp,8
55658.bmp,9
55659.bmp,10
55660.bmp,11
55661.bmp,12
55662.bmp,13
55663.bmp,14
55664.bmp,15
55665.bmp,16
55666.bmp,17
55667.bmp,18
55668.bmp,19
55669.bmp,20
55670.bmp,21
55671.bmp,22
55672.bmp,23
55673.bmp,24
55674.bmp,25
55675.bmp,26
55676.bmp,27
55677.bmp,28
55678.bmp,29
55679.bmp,30
55680.bmp,31
55681.bmp,32
55682.bmp,33
55683.bmp,34
55684.bmp,35
55685.bmp,36
55686.bmp,37
55687.bmp,38
55688.bmp,39
55689.bmp,40
55690.bmp,41
55691.bmp,42
55692.bmp,43
55693.bmp,44
55694.bmp,45
55695.bmp,46
55696.bmp,47
55697.bmp,48
55698.bmp,49
55699.bmp,50
55700.bmp,51
55701.bmp,52
55702.bmp,53
55703.bmp,54
55704.bmp,55
55705.bmp,56
55706.bmp,57
55707.bmp,58
55708.bmp,59
55709.bmp,60
55710.bmp,61
55711.bmp,62
55712.bmp,63
55713.bmp,64
55714.bmp,65
55715.bmp,66
55716.bmp,67
55717.bmp,68
55718.bmp,69
55719.bmp,70
55720.bmp,71
55721.bmp,72
55722.bmp,73
55723.bmp,74
55724.bmp,75
55725.bmp,76
55726.bmp,77
55727.bmp,78
55728.bmp,79
55729.bmp,80
55730.bmp,81
55731.bmp,82
55732.bmp,83
55733.bmp,84
55734.bmp,85
55735.bmp,86
55736.bmp,87
55737.bmp,88
55738.bmp,89
55739.bmp,90
55740.bmp,91
55741.bmp,92
55742.bmp,93
55743.bmp,94
55744.bmp,95
55745.bmp,96
55746.bmp,97
55747.bmp,98
55748.bmp,99
55749.bmp,100
55750.bmp,101
55751.bmp,102
55752.bmp,103
55753.bmp,104
55754.bmp,105
55755.bmp,106
55756.bmp,107
55757.bmp,108
55758.bmp,109
55759.bmp,110
55760.bmp,111
55761.bmp,112
55762.bmp,113
55763.bmp,114
55764.bmp,115
55765.bmp,116
55766.bmp,117
55767.bmp,118
55768.bmp,119
55769.bmp,120
55770.bmp,121
55771.bmp,122
55772.bmp,123
55773.bmp,124
55774.bmp,125
55775.bmp,126
55776.bmp,127
55777.bmp,128
55778.bmp,129
55779.bmp,130
55780.bmp,131
55781.bmp,132
55782.bmp,133
55783.bmp,134
55784.bmp,135
55785.bmp,136
55786.bmp,137
55787.bmp,138
55788.bmp,139
55789.bmp,140
55790.bmp,141
55791.bmp,142
55792.bmp,143
55793.bmp,144
55794.bmp,145
55795.bmp,146
55796.bmp,147
55797.bmp,148
55798.bmp,149
55799.bmp,150
55800.bmp,151
55801.bmp,152
55802.bmp,153
55803.bmp,154
55804.bmp,155
55805.bmp,80
55806.bmp,0
55807.bmp,1
55808.bmp,2
55809.bmp,3
55810.bmp,4
55811.bmp,5
55812.bmp,6
55813.bmp,7
55814.bmp,8
55815.bmp,9
55816.bmp,10
55817.bmp,11
55818.bmp,12
55819.bmp,13
55820.bmp,14
55821.bmp,15
55822.bmp,16
55823.bmp,17
55824.bmp,18
55825.bmp,19
55826.bmp,20
55827.bmp,21
55828.bmp,22
55829.bmp,23
55830.bmp,24
55831.bmp,25
55832.bmp,26
55833.bmp,27
55834.bmp,28
55835.bmp,29
55836.bmp,30
55837.bmp,31
55838.bmp,32
55839.bmp,33
55840.bmp,34
55841.bmp,35
55842.bmp,36
55843.bmp,37
55844.bmp,38
55845.bmp,39
55846.bmp,40
55847.bmp,41
55848.bmp,42
55849.bmp,43
55850.bmp,44
55851.bmp,45
55852.bmp,46
55853.bmp,47
55854.bmp,48
55855.bmp,49
55856.bmp,50
55857.bmp,51
55858.bmp,52
55859.bmp,53
55860.bmp,54
55861.bmp,55
55862.bmp,56
55863.bmp,57
55864.bmp,58
55865.bmp,59
55866.bmp,60
55867.bmp,61
55868.bmp,62
55869.bmp,63
55870.bmp,64
55871.bmp,65
55872.bmp,66
55873.bmp,67
55874.bmp,68
55875.bmp,69
55876.bmp,70
55877.bmp,71
55878.bmp,72
55879.bmp,73
55880.bmp,74
55881.bmp,75
55882.bmp,76
55883.bmp,77
55884.bmp,78
55885.bmp,79
55886.bmp,80
55887.bmp,81
55888.bmp,82
55889.bmp,83
55890.bmp,84
55891.bmp,85
55892.bmp,86
55893.bmp,87
55894.bmp,88
55895.bmp,89
55896.bmp,90
55897.bmp,91
55898.bmp,92
55899.bmp,93
55900.bmp,94
55901.bmp,95
55902.bmp,96
55903.bmp,97
55904.bmp,98
55905.bmp,99
55906.bmp,100
55907.bmp,101
55908.bmp,102
55909.bmp,103
55910.bmp,104
55911.bmp,105
55912.bmp,106
55913.bmp,107
55914.bmp,108
55915.bmp,109
55916.bmp,110
55917.bmp,111
55918.bmp,112
55919.bmp,113
55920.bmp,114
55921.bmp,115
55922.bmp,116
55923.bmp,117
55924.bmp,118
55925.bmp,119
55926.bmp,120
55927.bmp,121
55928.bmp,122
55929.bmp,123
55930.bmp,124
55931.bmp,125
55932.bmp,126
55933.bmp,127
55934.bmp,128
55935.bmp,129
55936.bmp,130
55937.bmp,131
55938.bmp,132
55939.bmp,133
55940.bmp,134
55941.bmp,135
55942.bmp,136
55943.bmp,137
55944.bmp,138
55945.bmp,139
55946.bmp,140
55947.bmp,141
55948.bmp,142
55949.bmp,143
55950.bmp,144
55951.bmp,145
55952.bmp,146
55953.bmp,147
55954.bmp,148
55955.bmp,149
55956.bmp,150
55957.bmp,151
55958.bmp,152
55959.bmp,153
55960.bmp,154
55961.bmp,155
55962.bmp,80
55963.bmp,0
55964.bmp,1
55965.bmp,2
55966.bmp,3
55967.bmp,4
55968.bmp,5
55969.bmp,6
55970.bmp,7
55971.bmp,8
55972.bmp,9
55973.bmp,10
55974.bmp,11
55975.bmp,12
55976.bmp,13
55977.bmp,14
55978.bmp,15
55979.bmp,16
55980.bmp,17
55981.bmp,18
55982.bmp,19
55983.bmp,20
55984.bmp,21
55985.bmp,22
55986.bmp,23
55987.bmp,24
55988.bmp,25
55989.bmp,26
55990.bmp,27
55991.bmp,28
55992.bmp,29
55993.bmp,30
55994.bmp,31
55995.bmp,32
55996.bmp,33
55997.bmp,34
55998.bmp,35
55999.bmp,36
56000.bmp,37
56001.bmp,38
56002.bmp,39
56003.bmp,40
56004.bmp,41
56005.bmp,42
56006.bmp,43
56007.bmp,44
56008.bmp,45
56009.bmp,46
56010.bmp,47
56011.bmp,48
56012.bmp,49
56013.bmp,50
56014.bmp,51
56015.bmp,52
56016.bmp,53
56017.bmp,54
56018.bmp,55
56019.bmp,56
56020.bmp,57
56021.bmp,58
56022.bmp,59
56023.bmp,60
56024.bmp,61
56025.bmp,62
56026.bmp,63
56027.bmp,64
56028.bmp,65
56029.bmp,66
56030.bmp,67
56031.bmp,68
56032.bmp,69
56033.bmp,70
56034.bmp,71
56035.bmp,72
56036.bmp,73
56037.bmp,74
56038.bmp,75
56039.bmp,76
56040.bmp,77
56041.bmp,78
56042.bmp,79
56043.bmp,80
56044.bmp,81
56045.bmp,82
56046.bmp,83
56047.bmp,84
56048.bmp,85
56049.bmp,86
56050.bmp,87
56051.bmp,88
56052.bmp,89
56053.bmp,90
56054.bmp,91
56055.bmp,92
56056.bmp,93
56057.bmp,94
56058.bmp,95
56059.bmp,96
56060.bmp,97
56061.bmp,98
56062.bmp,99
56063.bmp,100
56064.bmp,101
56065.bmp,102
56066.bmp,103
56067.bmp,104
56068.bmp,105
56069.bmp,106
56070.bmp,107
56071.bmp,108
56072.bmp,109
56073.bmp,110
56074.bmp,111
56075.bmp,112
56076.bmp,113
56077.bmp,114
56078.bmp,115
56079.bmp,116
56080.bmp,117
56081.bmp,118
56082.bmp,119
56083.bmp,120
56084.bmp,121
56085.bmp,122
56086.bmp,123
56087.bmp,124
56088.bmp,125
56089.bmp,126
56090.bmp,127
56091.bmp,128
56092.bmp,129
56093.bmp,130
56094.bmp,131
56095.bmp,132
56096.bmp,133
56097.bmp,134
56098.bmp,135
56099.bmp,136
56100.bmp,137
56101.bmp,138
56102.bmp,139
56103.bmp,140
56104.bmp,141
56105.bmp,142
56106.bmp,143
56107.bmp,144
56108.bmp,145
56109.bmp,146
56110.bmp,147
56111.bmp,148
56112.bmp,149
56113.bmp,150
56114.bmp,151
56115.bmp,152
56116.bmp,153
56117.bmp,154
56118.bmp,155
56119.bmp,80
56120.bmp,0
56121.bmp,1
56122.bmp,2
56123.bmp,3
56124.bmp,4
56125.bmp,5
56126.bmp,6
56127.bmp,7
56128.bmp,8
56129.bmp,9
56130.bmp,10
56131.bmp,11
56132.bmp,12
56133.bmp,13
56134.bmp,14
56135.bmp,15
56136.bmp,16
56137.bmp,17
56138.bmp,18
56139.bmp,19
56140.bmp,20
56141.bmp,21
56142.bmp,22
56143.bmp,23
56144.bmp,24
56145.bmp,25
56146.bmp,26
56147.bmp,27
56148.bmp,28
56149.bmp,29
56150.bmp,30
56151.bmp,31
56152.bmp,32
56153.bmp,33
56154.bmp,34
56155.bmp,35
56156.bmp,36
56157.bmp,37
56158.bmp,38
56159.bmp,39
56160.bmp,40
56161.bmp,41
56162.bmp,42
56163.bmp,43
56164.bmp,44
56165.bmp,45
56166.bmp,46
56167.bmp,47
56168.bmp,48
56169.bmp,49
56170.bmp,50
56171.bmp,51
56172.bmp,52
56173.bmp,53
56174.bmp,54
56175.bmp,55
56176.bmp,56
56177.bmp,57
56178.bmp,58
56179.bmp,59
56180.bmp,60
56181.bmp,61
56182.bmp,62
56183.bmp,63
56184.bmp,64
56185.bmp,65
56186.bmp,66
56187.bmp,67
56188.bmp,68
56189.bmp,69
56190.bmp,70
56191.bmp,71
56192.bmp,72
56193.bmp,73
56194.bmp,74
56195.bmp,75
56196.bmp,76
56197.bmp,77
56198.bmp,78
56199.bmp,79
56200.bmp,80
56201.bmp,81
56202.bmp,82
56203.bmp,83
56204.bmp,84
56205.bmp,85
56206.bmp,86
56207.bmp,87
56208.bmp,88
56209.bmp,89
56210.bmp,90
56211.bmp,91
56212.bmp,92
56213.bmp,93
56214.bmp,94
56215.bmp,95
56216.bmp,96
56217.bmp,97
56218.bmp,98
56219.bmp,99
56220.bmp,100
56221.bmp,101
56222.bmp,102
56223.bmp,103
56224.bmp,104
56225.bmp,105
56226.bmp,106
56227.bmp,107
56228.bmp,108
56229.bmp,109
56230.bmp,110
56231.bmp,111
56232.bmp,112
56233.bmp,113
56234.bmp,114
56235.bmp,115
56236.bmp,116
56237.bmp,117
56238.bmp,118
56239.bmp,119
56240.bmp,120
56241.bmp,121
56242.bmp,122
56243.bmp,123
56244.bmp,124
56245.bmp,125
56246.bmp,126
56247.bmp,127
56248.bmp,128
56249.bmp,129
56250.bmp,130
56251.bmp,131
56252.bmp,132
56253.bmp,133
56254.bmp,134
56255.bmp,135
56256.bmp,136
56257.bmp,137
56258.bmp,138
56259.bmp,139
56260.bmp,140
56261.bmp,141
56262.bmp,142
56263.bmp,143
56264.bmp,144
56265.bmp,145
56266.bmp,146
56267.bmp,147
56268.bmp,148
56269.bmp,149
56270.bmp,150
56271.bmp,151
56272.bmp,152
56273.bmp,153
56274.bmp,154
56275.bmp,155
56276.bmp,80
56277.bmp,0
56278.bmp,1
56279.bmp,2
56280.bmp,3
56281.bmp,4
56282.bmp,5
56283.bmp,6
56284.bmp,7
56285.bmp,8
56286.bmp,9
56287.bmp,10
56288.bmp,11
56289.bmp,12
56290.bmp,13
56291.bmp,14
56292.bmp,15
56293.bmp,16
56294.bmp,17
56295.bmp,18
56296.bmp,19
56297.bmp,20
56298.bmp,21
56299.bmp,22
56300.bmp,23
56301.bmp,24
56302.bmp,25
56303.bmp,26
56304.bmp,27
56305.bmp,28
56306.bmp,29
56307.bmp,30
56308.bmp,31
56309.bmp,32
56310.bmp,33
56311.bmp,34
56312.bmp,35
56313.bmp,36
56314.bmp,37
56315.bmp,38
56316.bmp,39
56317.bmp,40
56318.bmp,41
56319.bmp,42
56320.bmp,43
56321.bmp,44
56322.bmp,45
56323.bmp,46
56324.bmp,47
56325.bmp,48
56326.bmp,49
56327.bmp,50
56328.bmp,51
56329.bmp,52
56330.bmp,53
56331.bmp,54
56332.bmp,55
56333.bmp,56
56334.bmp,57
56335.bmp,58
56336.bmp,59
56337.bmp,60
56338.bmp,61
56339.bmp,62
56340.bmp,63
56341.bmp,64
56342.bmp,65
56343.bmp,66
56344.bmp,67
56345.bmp,68
56346.bmp,69
56347.bmp,70
56348.bmp,71
56349.bmp,72
56350.bmp,73
56351.bmp,74
56352.bmp,75
56353.bmp,76
56354.bmp,77
56355.bmp,78
56356.bmp,79
56357.bmp,80
56358.bmp,81
56359.bmp,82
56360.bmp,83
56361.bmp,84
56362.bmp,85
56363.bmp,86
56364.bmp,87
56365.bmp,88
56366.bmp,89
56367.bmp,90
56368.bmp,91
56369.bmp,92
56370.bmp,93
56371.bmp,94
56372.bmp,95
56373.bmp,96
56374.bmp,97
56375.bmp,98
56376.bmp,99
56377.bmp,100
56378.bmp,101
56379.bmp,102
56380.bmp,103
56381.bmp,104
56382.bmp,105
56383.bmp,106
56384.bmp,107
56385.bmp,108
56386.bmp,109
56387.bmp,110
56388.bmp,111
56389.bmp,112
56390.bmp,113
56391.bmp,114
56392.bmp,115
56393.bmp,116
56394.bmp,117
56395.bmp,118
56396.bmp,119
56397.bmp,120
56398.bmp,121
56399.bmp,122
56400.bmp,123
56401.bmp,124
56402.bmp,125
56403.bmp,126
56404.bmp,127
56405.bmp,128
56406.bmp,129
56407.bmp,130
56408.bmp,131
56409.bmp,132
56410.bmp,133
56411.bmp,134
56412.bmp,135
56413.bmp,136
56414.bmp,137
56415.bmp,138
56416.bmp,139
56417.bmp,140
56418.bmp,141
56419.bmp,142
56420.bmp,143
56421.bmp,144
56422.bmp,145
56423.bmp,146
56424.bmp,147
56425.bmp,148
56426.bmp,149
56427.bmp,150
56428.bmp,151
56429.bmp,152
56430.bmp,153
56431.bmp,154
56432.bmp,155
56433.bmp,80
56434.bmp,0
56435.bmp,1
56436.bmp,2
56437.bmp,3
56438.bmp,4
56439.bmp,5
56440.bmp,6
56441.bmp,7
56442.bmp,8
56443.bmp,9
56444.bmp,10
56445.bmp,11
56446.bmp,12
56447.bmp,13
56448.bmp,14
56449.bmp,15
56450.bmp,16
56451.bmp,17
56452.bmp,18
56453.bmp,19
56454.bmp,20
56455.bmp,21
56456.bmp,22
56457.bmp,23
56458.bmp,24
56459.bmp,25
56460.bmp,26
56461.bmp,27
56462.bmp,28
56463.bmp,29
56464.bmp,30
56465.bmp,31
56466.bmp,32
56467.bmp,33
56468.bmp,34
56469.bmp,35
56470.bmp,36
56471.bmp,37
56472.bmp,38
56473.bmp,39
56474.bmp,40
56475.bmp,41
56476.bmp,42
56477.bmp,43
56478.bmp,44
56479.bmp,45
56480.bmp,46
56481.bmp,47
56482.bmp,48
56483.bmp,49
56484.bmp,50
56485.bmp,51
56486.bmp,52
56487.bmp,53
56488.bmp,54
56489.bmp,55
56490.bmp,56
56491.bmp,57
56492.bmp,58
56493.bmp,59
56494.bmp,60
56495.bmp,61
56496.bmp,62
56497.bmp,63
56498.bmp,64
56499.bmp,65
56500.bmp,66
56501.bmp,67
56502.bmp,68
56503.bmp,69
56504.bmp,70
56505.bmp,71
56506.bmp,72
56507.bmp,73
56508.bmp,74
56509.bmp,75
56510.bmp,76
56511.bmp,77
56512.bmp,78
56513.bmp,79
56514.bmp,80
56515.bmp,81
56516.bmp,82
56517.bmp,83
56518.bmp,84
56519.bmp,85
56520.bmp,86
56521.bmp,87
56522.bmp,88
56523.bmp,89
56524.bmp,90
56525.bmp,91
56526.bmp,92
56527.bmp,93
56528.bmp,94
56529.bmp,95
56530.bmp,96
56531.bmp,97
56532.bmp,98
56533.bmp,99
56534.bmp,100
56535.bmp,101
56536.bmp,102
56537.bmp,103
56538.bmp,104
56539.bmp,105
56540.bmp,106
56541.bmp,107
56542.bmp,108
56543.bmp,109
56544.bmp,110
56545.bmp,111
56546.bmp,112
56547.bmp,113
56548.bmp,114
56549.bmp,115
56550.bmp,116
56551.bmp,117
56552.bmp,118
56553.bmp,119
56554.bmp,120
56555.bmp,121
56556.bmp,122
56557.bmp,123
56558.bmp,124
56559.bmp,125
56560.bmp,126
56561.bmp,127
56562.bmp,128
56563.bmp,129
56564.bmp,130
56565.bmp,131
56566.bmp,132
56567.bmp,133
56568.bmp,134
56569.bmp,135
56570.bmp,136
56571.bmp,137
56572.bmp,138
56573.bmp,139
56574.bmp,140
56575.bmp,141
56576.bmp,142
56577.bmp,143
56578.bmp,144
56579.bmp,145
56580.bmp,146
56581.bmp,147
56582.bmp,148
56583.bmp,149
56584.bmp,150
56585.bmp,151
56586.bmp,152
56587.bmp,153
56588.bmp,154
56589.bmp,155
56590.bmp,80
56591.bmp,0
56592.bmp,1
56593.bmp,2
56594.bmp,3
56595.bmp,4
56596.bmp,5
56597.bmp,6
56598.bmp,7
56599.bmp,8
56600.bmp,9
56601.bmp,10
56602.bmp,11
56603.bmp,12
56604.bmp,13
56605.bmp,14
56606.bmp,15
56607.bmp,16
56608.bmp,17
56609.bmp,18
56610.bmp,19
56611.bmp,20
56612.bmp,21
56613.bmp,22
56614.bmp,23
56615.bmp,24
56616.bmp,25
56617.bmp,26
56618.bmp,27
56619.bmp,28
56620.bmp,29
56621.bmp,30
56622.bmp,31
56623.bmp,32
56624.bmp,33
56625.bmp,34
56626.bmp,35
56627.bmp,36
56628.bmp,37
56629.bmp,38
56630.bmp,39
56631.bmp,40
56632.bmp,41
56633.bmp,42
56634.bmp,43
56635.bmp,44
56636.bmp,45
56637.bmp,46
56638.bmp,47
56639.bmp,48
56640.bmp,49
56641.bmp,50
56642.bmp,51
56643.bmp,52
56644.bmp,53
56645.bmp,54
56646.bmp,55
56647.bmp,56
56648.bmp,57
56649.bmp,58
56650.bmp,59
56651.bmp,60
56652.bmp,61
56653.bmp,62
56654.bmp,63
56655.bmp,64
56656.bmp,65
56657.bmp,66
56658.bmp,67
56659.bmp,68
56660.bmp,69
56661.bmp,70
56662.bmp,71
56663.bmp,72
56664.bmp,73
56665.bmp,74
56666.bmp,75
56667.bmp,76
56668.bmp,77
56669.bmp,78
56670.bmp,79
56671.bmp,80
56672.bmp,81
56673.bmp,82
56674.bmp,83
56675.bmp,84
56676.bmp,85
56677.bmp,86
56678.bmp,87
56679.bmp,88
56680.bmp,89
56681.bmp,90
56682.bmp,91
56683.bmp,92
56684.bmp,93
56685.bmp,94
56686.bmp,95
56687.bmp,96
56688.bmp,97
56689.bmp,98
56690.bmp,99
56691.bmp,100
56692.bmp,101
56693.bmp,102
56694.bmp,103
56695.bmp,104
56696.bmp,105
56697.bmp,106
56698.bmp,107
56699.bmp,108
56700.bmp,109
56701.bmp,110
56702.bmp,111
56703.bmp,112
56704.bmp,113
56705.bmp,114
56706.bmp,115
56707.bmp,116
56708.bmp,117
56709.bmp,118
56710.bmp,119
56711.bmp,120
56712.bmp,121
56713.bmp,122
56714.bmp,123
56715.bmp,124
56716.bmp,125
56717.bmp,126
56718.bmp,127
56719.bmp,128
56720.bmp,129
56721.bmp,130
56722.bmp,131
56723.bmp,132
56724.bmp,133
56725.bmp,134
56726.bmp,135
56727.bmp,136
56728.bmp,137
56729.bmp,138
56730.bmp,139
56731.bmp,140
56732.bmp,141
56733.bmp,142
56734.bmp,143
56735.bmp,144
56736.bmp,145
56737.bmp,146
56738.bmp,147
56739.bmp,148
56740.bmp,149
56741.bmp,150
56742.bmp,151
56743.bmp,152
56744.bmp,153
56745.bmp,154
56746.bmp,155
56747.bmp,80
56748.bmp,0
56749.bmp,1
56750.bmp,2
56751.bmp,3
56752.bmp,4
56753.bmp,5
56754.bmp,6
56755.bmp,7
56756.bmp,8
56757.bmp,9
56758.bmp,10
56759.bmp,11
56760.bmp,12
56761.bmp,13
56762.bmp,14
56763.bmp,15
56764.bmp,16
56765.bmp,17
56766.bmp,18
56767.bmp,19
56768.bmp,20
56769.bmp,21
56770.bmp,22
56771.bmp,23
56772.bmp,24
56773.bmp,25
56774.bmp,26
56775.bmp,27
56776.bmp,28
56777.bmp,29
56778.bmp,30
56779.bmp,31
56780.bmp,32
56781.bmp,33
56782.bmp,34
56783.bmp,35
56784.bmp,36
56785.bmp,37
56786.bmp,38
56787.bmp,39
56788.bmp,40
56789.bmp,41
56790.bmp,42
56791.bmp,43
56792.bmp,44
56793.bmp,45
56794.bmp,46
56795.bmp,47
56796.bmp,48
56797.bmp,49
56798.bmp,50
56799.bmp,51
56800.bmp,52
56801.bmp,53
56802.bmp,54
56803.bmp,55
56804.bmp,56
56805.bmp,57
56806.bmp,58
56807.bmp,59
56808.bmp,60
56809.bmp,61
56810.bmp,62
56811.bmp,63
56812.bmp,64
56813.bmp,65
56814.bmp,66
56815.bmp,67
56816.bmp,68
56817.bmp,69
56818.bmp,70
56819.bmp,71
56820.bmp,72
56821.bmp,73
56822.bmp,74
56823.bmp,75
56824.bmp,76
56825.bmp,77
56826.bmp,78
56827.bmp,79
56828.bmp,80
56829.bmp,81
56830.bmp,82
56831.bmp,83
56832.bmp,84
56833.bmp,85
56834.bmp,86
56835.bmp,87
56836.bmp,88
56837.bmp,89
56838.bmp,90
56839.bmp,91
56840.bmp,92
56841.bmp,93
56842.bmp,94
56843.bmp,95
56844.bmp,96
56845.bmp,97
56846.bmp,98
56847.bmp,99
56848.bmp,100
56849.bmp,101
56850.bmp,102
56851.bmp,103
56852.bmp,104
56853.bmp,105
56854.bmp,106
56855.bmp,107
56856.bmp,108
56857.bmp,109
56858.bmp,110
56859.bmp,111
56860.bmp,112
56861.bmp,113
56862.bmp,114
56863.bmp,115
56864.bmp,116
56865.bmp,117
56866.bmp,118
56867.bmp,119
56868.bmp,120
56869.bmp,121
56870.bmp,122
56871.bmp,123
56872.bmp,124
56873.bmp,125
56874.bmp,126
56875.bmp,127
56876.bmp,128
56877.bmp,129
56878.bmp,130
56879.bmp,131
56880.bmp,132
56881.bmp,133
56882.bmp,134
56883.bmp,135
56884.bmp,136
56885.bmp,137
56886.bmp,138
56887.bmp,139
56888.bmp,140
56889.bmp,141
56890.bmp,142
56891.bmp,143
56892.bmp,144
56893.bmp,145
56894.bmp,146
56895.bmp,147
56896.bmp,148
56897.bmp,149
56898.bmp,150
56899.bmp,151
56900.bmp,152
56901.bmp,153
56902.bmp,154
56903.bmp,155
56904.bmp,80
56905.bmp,0
56906.bmp,1
56907.bmp,2
56908.bmp,3
56909.bmp,4
56910.bmp,5
56911.bmp,6
56912.bmp,7
56913.bmp,8
56914.bmp,9
56915.bmp,10
56916.bmp,11
56917.bmp,12
56918.bmp,13
56919.bmp,14
56920.bmp,15
56921.bmp,16
56922.bmp,17
56923.bmp,18
56924.bmp,19
56925.bmp,20
56926.bmp,21
56927.bmp,22
56928.bmp,23
56929.bmp,24
56930.bmp,25
56931.bmp,26
56932.bmp,27
56933.bmp,28
56934.bmp,29
56935.bmp,30
56936.bmp,31
56937.bmp,32
56938.bmp,33
56939.bmp,34
56940.bmp,35
56941.bmp,36
56942.bmp,37
56943.bmp,38
56944.bmp,39
56945.bmp,40
56946.bmp,41
56947.bmp,42
56948.bmp,43
56949.bmp,44
56950.bmp,45
56951.bmp,46
56952.bmp,47
56953.bmp,48
56954.bmp,49
56955.bmp,50
56956.bmp,51
56957.bmp,52
56958.bmp,53
56959.bmp,54
56960.bmp,55
56961.bmp,56
56962.bmp,57
56963.bmp,58
56964.bmp,59
56965.bmp,60
56966.bmp,61
56967.bmp,62
56968.bmp,63
56969.bmp,64
56970.bmp,65
56971.bmp,66
56972.bmp,67
56973.bmp,68
56974.bmp,69
56975.bmp,70
56976.bmp,71
56977.bmp,72
56978.bmp,73
56979.bmp,74
56980.bmp,75
56981.bmp,76
56982.bmp,77
56983.bmp,78
56984.bmp,79
56985.bmp,80
56986.bmp,81
56987.bmp,82
56988.bmp,83
56989.bmp,84
56990.bmp,85
56991.bmp,86
56992.bmp,87
56993.bmp,88
56994.bmp,89
56995.bmp,90
56996.bmp,91
56997.bmp,92
56998.bmp,93
56999.bmp,94
57000.bmp,95
57001.bmp,96
57002.bmp,97
57003.bmp,98
57004.bmp,99
57005.bmp,100
57006.bmp,101
57007.bmp,102
57008.bmp,103
57009.bmp,104
57010.bmp,105
57011.bmp,106
57012.bmp,107
57013.bmp,108
57014.bmp,109
57015.bmp,110
57016.bmp,111
57017.bmp,112
57018.bmp,113
57019.bmp,114
57020.bmp,115
57021.bmp,116
57022.bmp,117
57023.bmp,118
57024.bmp,119
57025.bmp,120
57026.bmp,121
57027.bmp,122
57028.bmp,123
57029.bmp,124
57030.bmp,125
57031.bmp,126
57032.bmp,127
57033.bmp,128
57034.bmp,129
57035.bmp,130
57036.bmp,131
57037.bmp,132
57038.bmp,133
57039.bmp,134
57040.bmp,135
57041.bmp,136
57042.bmp,137
57043.bmp,138
57044.bmp,139
57045.bmp,140
57046.bmp,141
57047.bmp,142
57048.bmp,143
57049.bmp,144
57050.bmp,145
57051.bmp,146
57052.bmp,147
57053.bmp,148
57054.bmp,149
57055.bmp,150
57056.bmp,151
57057.bmp,152
57058.bmp,153
57059.bmp,154
57060.bmp,155
57061.bmp,80
57062.bmp,0
57063.bmp,1
57064.bmp,2
57065.bmp,3
57066.bmp,4
57067.bmp,5
57068.bmp,6
57069.bmp,7
57070.bmp,8
57071.bmp,9
57072.bmp,10
57073.bmp,11
57074.bmp,12
57075.bmp,13
57076.bmp,14
57077.bmp,15
57078.bmp,16
57079.bmp,17
57080.bmp,18
57081.bmp,19
57082.bmp,20
57083.bmp,21
57084.bmp,22
57085.bmp,23
57086.bmp,24
57087.bmp,25
57088.bmp,26
57089.bmp,27
57090.bmp,28
57091.bmp,29
57092.bmp,30
57093.bmp,31
57094.bmp,32
57095.bmp,33
57096.bmp,34
57097.bmp,35
57098.bmp,36
57099.bmp,37
57100.bmp,38
57101.bmp,39
57102.bmp,40
57103.bmp,41
57104.bmp,42
57105.bmp,43
57106.bmp,44
57107.bmp,45
57108.bmp,46
57109.bmp,47
57110.bmp,48
57111.bmp,49
57112.bmp,50
57113.bmp,51
57114.bmp,52
57115.bmp,53
57116.bmp,54
57117.bmp,55
57118.bmp,56
57119.bmp,57
57120.bmp,58
57121.bmp,59
57122.bmp,60
57123.bmp,61
57124.bmp,62
57125.bmp,63
57126.bmp,64
57127.bmp,65
57128.bmp,66
57129.bmp,67
57130.bmp,68
57131.bmp,69
57132.bmp,70
57133.bmp,71
57134.bmp,72
57135.bmp,73
57136.bmp,74
57137.bmp,75
57138.bmp,76
57139.bmp,77
57140.bmp,78
57141.bmp,79
57142.bmp,80
57143.bmp,81
57144.bmp,82
57145.bmp,83
57146.bmp,84
57147.bmp,85
57148.bmp,86
57149.bmp,87
57150.bmp,88
57151.bmp,89
57152.bmp,90
57153.bmp,91
57154.bmp,92
57155.bmp,93
57156.bmp,94
57157.bmp,95
57158.bmp,96
57159.bmp,97
57160.bmp,98
57161.bmp,99
57162.bmp,100
57163.bmp,101
57164.bmp,102
57165.bmp,103
57166.bmp,104
57167.bmp,105
57168.bmp,106
57169.bmp,107
57170.bmp,108
57171.bmp,109
57172.bmp,110
57173.bmp,111
57174.bmp,112
57175.bmp,113
57176.bmp,114
57177.bmp,115
57178.bmp,116
57179.bmp,117
57180.bmp,118
57181.bmp,119
57182.bmp,120
57183.bmp,121
57184.bmp,122
57185.bmp,123
57186.bmp,124
57187.bmp,125
57188.bmp,126
57189.bmp,127
57190.bmp,128
57191.bmp,129
57192.bmp,130
57193.bmp,131
57194.bmp,132
57195.bmp,133
57196.bmp,134
57197.bmp,135
57198.bmp,136
57199.bmp,137
57200.bmp,138
57201.bmp,139
57202.bmp,140
57203.bmp,141
57204.bmp,142
57205.bmp,143
57206.bmp,144
57207.bmp,145
57208.bmp,146
57209.bmp,147
57210.bmp,148
57211.bmp,149
57212.bmp,150
57213.bmp,151
57214.bmp,152
57215.bmp,153
57216.bmp,154
57217.bmp,155
57218.bmp,80
57219.bmp,0
57220.bmp,1
57221.bmp,2
57222.bmp,3
57223.bmp,4
57224.bmp,5
57225.bmp,6
57226.bmp,7
57227.bmp,8
57228.bmp,9
57229.bmp,10
57230.bmp,11
57231.bmp,12
57232.bmp,13
57233.bmp,14
57234.bmp,15
57235.bmp,16
57236.bmp,17
57237.bmp,18
57238.bmp,19
57239.bmp,20
57240.bmp,21
57241.bmp,22
57242.bmp,23
57243.bmp,24
57244.bmp,25
57245.bmp,26
57246.bmp,27
57247.bmp,28
57248.bmp,29
57249.bmp,30
57250.bmp,31
57251.bmp,32
57252.bmp,33
57253.bmp,34
57254.bmp,35
57255.bmp,36
57256.bmp,37
57257.bmp,38
57258.bmp,39
57259.bmp,40
57260.bmp,41
57261.bmp,42
57262.bmp,43
57263.bmp,44
57264.bmp,45
57265.bmp,46
57266.bmp,47
57267.bmp,48
57268.bmp,49
57269.bmp,50
57270.bmp,51
57271.bmp,52
57272.bmp,53
57273.bmp,54
57274.bmp,55
57275.bmp,56
57276.bmp,57
57277.bmp,58
57278.bmp,59
57279.bmp,60
57280.bmp,61
57281.bmp,62
57282.bmp,63
57283.bmp,64
57284.bmp,65
57285.bmp,66
57286.bmp,67
57287.bmp,68
57288.bmp,69
57289.bmp,70
57290.bmp,71
57291.bmp,72
57292.bmp,73
57293.bmp,74
57294.bmp,75
57295.bmp,76
57296.bmp,77
57297.bmp,78
57298.bmp,79
57299.bmp,80
57300.bmp,81
57301.bmp,82
57302.bmp,83
57303.bmp,84
57304.bmp,85
57305.bmp,86
57306.bmp,87
57307.bmp,88
57308.bmp,89
57309.bmp,90
57310.bmp,91
57311.bmp,92
57312.bmp,93
57313.bmp,94
57314.bmp,95
57315.bmp,96
57316.bmp,97
57317.bmp,98
57318.bmp,99
57319.bmp,100
57320.bmp,101
57321.bmp,102
57322.bmp,103
57323.bmp,104
57324.bmp,105
57325.bmp,106
57326.bmp,107
57327.bmp,108
57328.bmp,109
57329.bmp,110
57330.bmp,111
57331.bmp,112
57332.bmp,113
57333.bmp,114
57334.bmp,115
57335.bmp,116
57336.bmp,117
57337.bmp,118
57338.bmp,119
57339.bmp,120
57340.bmp,121
57341.bmp,122
57342.bmp,123
57343.bmp,124
57344.bmp,125
57345.bmp,126
57346.bmp,127
57347.bmp,128
57348.bmp,129
57349.bmp,130
57350.bmp,131
57351.bmp,132
57352.bmp,133
57353.bmp,134
57354.bmp,135
57355.bmp,136
57356.bmp,137
57357.bmp,138
57358.bmp,139
57359.bmp,140
57360.bmp,141
57361.bmp,142
57362.bmp,143
57363.bmp,144
57364.bmp,145
57365.bmp,146
57366.bmp,147
57367.bmp,148
57368.bmp,149
57369.bmp,150
57370.bmp,151
57371.bmp,152
57372.bmp,153
57373.bmp,154
57374.bmp,155
57375.bmp,80
57376.bmp,0
57377.bmp,1
57378.bmp,2
57379.bmp,3
57380.bmp,4
57381.bmp,5
57382.bmp,6
57383.bmp,7
57384.bmp,8
57385.bmp,9
57386.bmp,10
57387.bmp,11
57388.bmp,12
57389.bmp,13
57390.bmp,14
57391.bmp,15
57392.bmp,16
57393.bmp,17
57394.bmp,18
57395.bmp,19
57396.bmp,20
57397.bmp,21
57398.bmp,22
57399.bmp,23
57400.bmp,24
57401.bmp,25
57402.bmp,26
57403.bmp,27
57404.bmp,28
57405.bmp,29
57406.bmp,30
57407.bmp,31
57408.bmp,32
57409.bmp,33
57410.bmp,34
57411.bmp,35
57412.bmp,36
57413.bmp,37
57414.bmp,38
57415.bmp,39
57416.bmp,40
57417.bmp,41
57418.bmp,42
57419.bmp,43
57420.bmp,44
57421.bmp,45
57422.bmp,46
57423.bmp,47
57424.bmp,48
57425.bmp,49
57426.bmp,50
57427.bmp,51
57428.bmp,52
57429.bmp,53
57430.bmp,54
57431.bmp,55
57432.bmp,56
57433.bmp,57
57434.bmp,58
57435.bmp,59
57436.bmp,60
57437.bmp,61
57438.bmp,62
57439.bmp,63
57440.bmp,64
57441.bmp,65
57442.bmp,66
57443.bmp,67
57444.bmp,68
57445.bmp,69
57446.bmp,70
57447.bmp,71
57448.bmp,72
57449.bmp,73
57450.bmp,74
57451.bmp,75
57452.bmp,76
57453.bmp,77
57454.bmp,78
57455.bmp,79
57456.bmp,80
57457.bmp,81
57458.bmp,82
57459.bmp,83
57460.bmp,84
57461.bmp,85
57462.bmp,86
57463.bmp,87
57464.bmp,88
57465.bmp,89
57466.bmp,90
57467.bmp,91
57468.bmp,92
57469.bmp,93
57470.bmp,94
57471.bmp,95
57472.bmp,96
57473.bmp,97
57474.bmp,98
57475.bmp,99
57476.bmp,100
57477.bmp,101
57478.bmp,102
57479.bmp,103
57480.bmp,104
57481.bmp,105
57482.bmp,106
57483.bmp,107
57484.bmp,108
57485.bmp,109
57486.bmp,110
57487.bmp,111
57488.bmp,112
57489.bmp,113
57490.bmp,114
57491.bmp,115
57492.bmp,116
57493.bmp,117
57494.bmp,118
57495.bmp,119
57496.bmp,120
57497.bmp,121
57498.bmp,122
57499.bmp,123
57500.bmp,124
57501.bmp,125
57502.bmp,126
57503.bmp,127
57504.bmp,128
57505.bmp,129
57506.bmp,130
57507.bmp,131
57508.bmp,132
57509.bmp,133
57510.bmp,134
57511.bmp,135
57512.bmp,136
57513.bmp,137
57514.bmp,138
57515.bmp,139
57516.bmp,140
57517.bmp,141
57518.bmp,142
57519.bmp,143
57520.bmp,144
57521.bmp,145
57522.bmp,146
57523.bmp,147
57524.bmp,148
57525.bmp,149
57526.bmp,150
57527.bmp,151
57528.bmp,152
57529.bmp,153
57530.bmp,154
57531.bmp,155
57532.bmp,80
57533.bmp,0
57534.bmp,1
57535.bmp,2
57536.bmp,3
57537.bmp,4
57538.bmp,5
57539.bmp,6
57540.bmp,7
57541.bmp,8
57542.bmp,9
57543.bmp,10
57544.bmp,11
57545.bmp,12
57546.bmp,13
57547.bmp,14
57548.bmp,15
57549.bmp,16
57550.bmp,17
57551.bmp,18
57552.bmp,19
57553.bmp,20
57554.bmp,21
57555.bmp,22
57556.bmp,23
57557.bmp,24
57558.bmp,25
57559.bmp,26
57560.bmp,27
57561.bmp,28
57562.bmp,29
57563.bmp,30
57564.bmp,31
57565.bmp,32
57566.bmp,33
57567.bmp,34
57568.bmp,35
57569.bmp,36
57570.bmp,37
57571.bmp,38
57572.bmp,39
57573.bmp,40
57574.bmp,41
57575.bmp,42
57576.bmp,43
57577.bmp,44
57578.bmp,45
57579.bmp,46
57580.bmp,47
57581.bmp,48
57582.bmp,49
57583.bmp,50
57584.bmp,51
57585.bmp,52
57586.bmp,53
57587.bmp,54
57588.bmp,55
57589.bmp,56
57590.bmp,57
57591.bmp,58
57592.bmp,59
57593.bmp,60
57594.bmp,61
57595.bmp,62
57596.bmp,63
57597.bmp,64
57598.bmp,65
57599.bmp,66
57600.bmp,67
57601.bmp,68
57602.bmp,69
57603.bmp,70
57604.bmp,71
57605.bmp,72
57606.bmp,73
57607.bmp,74
57608.bmp,75
57609.bmp,76
57610.bmp,77
57611.bmp,78
57612.bmp,79
57613.bmp,80
57614.bmp,81
57615.bmp,82
57616.bmp,83
57617.bmp,84
57618.bmp,85
57619.bmp,86
57620.bmp,87
57621.bmp,88
57622.bmp,89
57623.bmp,90
57624.bmp,91
57625.bmp,92
57626.bmp,93
57627.bmp,94
57628.bmp,95
57629.bmp,96
57630.bmp,97
57631.bmp,98
57632.bmp,99
57633.bmp,100
57634.bmp,101
57635.bmp,102
57636.bmp,103
57637.bmp,104
57638.bmp,105
57639.bmp,106
57640.bmp,107
57641.bmp,108
57642.bmp,109
57643.bmp,110
57644.bmp,111
57645.bmp,112
57646.bmp,113
57647.bmp,114
57648.bmp,115
57649.bmp,116
57650.bmp,117
57651.bmp,118
57652.bmp,119
57653.bmp,120
57654.bmp,121
57655.bmp,122
57656.bmp,123
57657.bmp,124
57658.bmp,125
57659.bmp,126
57660.bmp,127
57661.bmp,128
57662.bmp,129
57663.bmp,130
57664.bmp,131
57665.bmp,132
57666.bmp,133
57667.bmp,134
57668.bmp,135
57669.bmp,136
57670.bmp,137
57671.bmp,138
57672.bmp,139
57673.bmp,140
57674.bmp,141
57675.bmp,142
57676.bmp,143
57677.bmp,144
57678.bmp,145
57679.bmp,146
57680.bmp,147
57681.bmp,148
57682.bmp,149
57683.bmp,150
57684.bmp,151
57685.bmp,152
57686.bmp,153
57687.bmp,154
57688.bmp,155
57689.bmp,80
57690.bmp,0
57691.bmp,1
57692.bmp,2
57693.bmp,3
57694.bmp,4
57695.bmp,5
57696.bmp,6
57697.bmp,7
57698.bmp,8
57699.bmp,9
57700.bmp,10
57701.bmp,11
57702.bmp,12
57703.bmp,13
57704.bmp,14
57705.bmp,15
57706.bmp,16
57707.bmp,17
57708.bmp,18
57709.bmp,19
57710.bmp,20
57711.bmp,21
57712.bmp,22
57713.bmp,23
57714.bmp,24
57715.bmp,25
57716.bmp,26
57717.bmp,27
57718.bmp,28
57719.bmp,29
57720.bmp,30
57721.bmp,31
57722.bmp,32
57723.bmp,33
57724.bmp,34
57725.bmp,35
57726.bmp,36
57727.bmp,37
57728.bmp,38
57729.bmp,39
57730.bmp,40
57731.bmp,41
57732.bmp,42
57733.bmp,43
57734.bmp,44
57735.bmp,45
57736.bmp,46
57737.bmp,47
57738.bmp,48
57739.bmp,49
57740.bmp,50
57741.bmp,51
57742.bmp,52
57743.bmp,53
57744.bmp,54
57745.bmp,55
57746.bmp,56
57747.bmp,57
57748.bmp,58
57749.bmp,59
57750.bmp,60
57751.bmp,61
57752.bmp,62
57753.bmp,63
57754.bmp,64
57755.bmp,65
57756.bmp,66
57757.bmp,67
57758.bmp,68
57759.bmp,69
57760.bmp,70
57761.bmp,71
57762.bmp,72
57763.bmp,73
57764.bmp,74
57765.bmp,75
57766.bmp,76
57767.bmp,77
57768.bmp,78
57769.bmp,79
57770.bmp,80
57771.bmp,81
57772.bmp,82
57773.bmp,83
57774.bmp,84
57775.bmp,85
57776.bmp,86
57777.bmp,87
57778.bmp,88
57779.bmp,89
57780.bmp,90
57781.bmp,91
57782.bmp,92
57783.bmp,93
57784.bmp,94
57785.bmp,95
57786.bmp,96
57787.bmp,97
57788.bmp,98
57789.bmp,99
57790.bmp,100
57791.bmp,101
57792.bmp,102
57793.bmp,103
57794.bmp,104
57795.bmp,105
57796.bmp,106
57797.bmp,107
57798.bmp,108
57799.bmp,109
57800.bmp,110
57801.bmp,111
57802.bmp,112
57803.bmp,113
57804.bmp,114
57805.bmp,115
57806.bmp,116
57807.bmp,117
57808.bmp,118
57809.bmp,119
57810.bmp,120
57811.bmp,121
57812.bmp,122
57813.bmp,123
57814.bmp,124
57815.bmp,125
57816.bmp,126
57817.bmp,127
57818.bmp,128
57819.bmp,129
57820.bmp,130
57821.bmp,131
57822.bmp,132
57823.bmp,133
57824.bmp,134
57825.bmp,135
57826.bmp,136
57827.bmp,137
57828.bmp,138
57829.bmp,139
57830.bmp,140
57831.bmp,141
57832.bmp,142
57833.bmp,143
57834.bmp,144
57835.bmp,145
57836.bmp,146
57837.bmp,147
57838.bmp,148
57839.bmp,149
57840.bmp,150
57841.bmp,151
57842.bmp,152
57843.bmp,153
57844.bmp,154
57845.bmp,155
57846.bmp,80
57847.bmp,0
57848.bmp,1
57849.bmp,2
57850.bmp,3
57851.bmp,4
57852.bmp,5
57853.bmp,6
57854.bmp,7
57855.bmp,8
57856.bmp,9
57857.bmp,10
57858.bmp,11
57859.bmp,12
57860.bmp,13
57861.bmp,14
57862.bmp,15
57863.bmp,16
57864.bmp,17
57865.bmp,18
57866.bmp,19
57867.bmp,20
57868.bmp,21
57869.bmp,22
57870.bmp,23
57871.bmp,24
57872.bmp,25
57873.bmp,26
57874.bmp,27
57875.bmp,28
57876.bmp,29
57877.bmp,30
57878.bmp,31
57879.bmp,32
57880.bmp,33
57881.bmp,34
57882.bmp,35
57883.bmp,36
57884.bmp,37
57885.bmp,38
57886.bmp,39
57887.bmp,40
57888.bmp,41
57889.bmp,42
57890.bmp,43
57891.bmp,44
57892.bmp,45
57893.bmp,46
57894.bmp,47
57895.bmp,48
57896.bmp,49
57897.bmp,50
57898.bmp,51
57899.bmp,52
57900.bmp,53
57901.bmp,54
57902.bmp,55
57903.bmp,56
57904.bmp,57
57905.bmp,58
57906.bmp,59
57907.bmp,60
57908.bmp,61
57909.bmp,62
57910.bmp,63
57911.bmp,64
57912.bmp,65
57913.bmp,66
57914.bmp,67
57915.bmp,68
57916.bmp,69
57917.bmp,70
57918.bmp,71
57919.bmp,72
57920.bmp,73
57921.bmp,74
57922.bmp,75
57923.bmp,76
57924.bmp,77
57925.bmp,78
57926.bmp,79
57927.bmp,80
57928.bmp,81
57929.bmp,82
57930.bmp,83
57931.bmp,84
57932.bmp,85
57933.bmp,86
57934.bmp,87
57935.bmp,88
57936.bmp,89
57937.bmp,90
57938.bmp,91
57939.bmp,92
57940.bmp,93
57941.bmp,94
57942.bmp,95
57943.bmp,96
57944.bmp,97
57945.bmp,98
57946.bmp,99
57947.bmp,100
57948.bmp,101
57949.bmp,102
57950.bmp,103
57951.bmp,104
57952.bmp,105
57953.bmp,106
57954.bmp,107
57955.bmp,108
57956.bmp,109
57957.bmp,110
57958.bmp,111
57959.bmp,112
57960.bmp,113
57961.bmp,114
57962.bmp,115
57963.bmp,116
57964.bmp,117
57965.bmp,118
57966.bmp,119
57967.bmp,120
57968.bmp,121
57969.bmp,122
57970.bmp,123
57971.bmp,124
57972.bmp,125
57973.bmp,126
57974.bmp,127
57975.bmp,128
57976.bmp,129
57977.bmp,130
57978.bmp,131
57979.bmp,132
57980.bmp,133
57981.bmp,134
57982.bmp,135
57983.bmp,136
57984.bmp,137
57985.bmp,138
57986.bmp,139
57987.bmp,140
57988.bmp,141
57989.bmp,142
57990.bmp,143
57991.bmp,144
57992.bmp,145
57993.bmp,146
57994.bmp,147
57995.bmp,148
57996.bmp,149
57997.bmp,150
57998.bmp,151
57999.bmp,152
58000.bmp,153
58001.bmp,154
58002.bmp,155
58003.bmp,80
58004.bmp,0
58005.bmp,1
58006.bmp,2
58007.bmp,3
58008.bmp,4
58009.bmp,5
58010.bmp,6
58011.bmp,7
58012.bmp,8
58013.bmp,9
58014.bmp,10
58015.bmp,11
58016.bmp,12
58017.bmp,13
58018.bmp,14
58019.bmp,15
58020.bmp,16
58021.bmp,17
58022.bmp,18
58023.bmp,19
58024.bmp,20
58025.bmp,21
58026.bmp,22
58027.bmp,23
58028.bmp,24
58029.bmp,25
58030.bmp,26
58031.bmp,27
58032.bmp,28
58033.bmp,29
58034.bmp,30
58035.bmp,31
58036.bmp,32
58037.bmp,33
58038.bmp,34
58039.bmp,35
58040.bmp,36
58041.bmp,37
58042.bmp,38
58043.bmp,39
58044.bmp,40
58045.bmp,41
58046.bmp,42
58047.bmp,43
58048.bmp,44
58049.bmp,45
58050.bmp,46
58051.bmp,47
58052.bmp,48
58053.bmp,49
58054.bmp,50
58055.bmp,51
58056.bmp,52
58057.bmp,53
58058.bmp,54
58059.bmp,55
58060.bmp,56
58061.bmp,57
58062.bmp,58
58063.bmp,59
58064.bmp,60
58065.bmp,61
58066.bmp,62
58067.bmp,63
58068.bmp,64
58069.bmp,65
58070.bmp,66
58071.bmp,67
58072.bmp,68
58073.bmp,69
58074.bmp,70
58075.bmp,71
58076.bmp,72
58077.bmp,73
58078.bmp,74
58079.bmp,75
58080.bmp,76
58081.bmp,77
58082.bmp,78
58083.bmp,79
58084.bmp,80
58085.bmp,81
58086.bmp,82
58087.bmp,83
58088.bmp,84
58089.bmp,85
58090.bmp,86
58091.bmp,87
58092.bmp,88
58093.bmp,89
58094.bmp,90
58095.bmp,91
58096.bmp,92
58097.bmp,93
58098.bmp,94
58099.bmp,95
58100.bmp,96
58101.bmp,97
58102.bmp,98
58103.bmp,99
58104.bmp,100
58105.bmp,101
58106.bmp,102
58107.bmp,103
58108.bmp,104
58109.bmp,105
58110.bmp,106
58111.bmp,107
58112.bmp,108
58113.bmp,109
58114.bmp,110
58115.bmp,111
58116.bmp,112
58117.bmp,113
58118.bmp,114
58119.bmp,115
58120.bmp,116
58121.bmp,117
58122.bmp,118
58123.bmp,119
58124.bmp,120
58125.bmp,121
58126.bmp,122
58127.bmp,123
58128.bmp,124
58129.bmp,125
58130.bmp,126
58131.bmp,127
58132.bmp,128
58133.bmp,129
58134.bmp,130
58135.bmp,131
58136.bmp,132
58137.bmp,133
58138.bmp,134
58139.bmp,135
58140.bmp,136
58141.bmp,137
58142.bmp,138
58143.bmp,139
58144.bmp,140
58145.bmp,141
58146.bmp,142
58147.bmp,143
58148.bmp,144
58149.bmp,145
58150.bmp,146
58151.bmp,147
58152.bmp,148
58153.bmp,149
58154.bmp,150
58155.bmp,151
58156.bmp,152
58157.bmp,153
58158.bmp,154
58159.bmp,155
58160.bmp,80
58161.bmp,0
58162.bmp,1
58163.bmp,2
58164.bmp,3
58165.bmp,4
58166.bmp,5
58167.bmp,6
58168.bmp,7
58169.bmp,8
58170.bmp,9
58171.bmp,10
58172.bmp,11
58173.bmp,12
58174.bmp,13
58175.bmp,14
58176.bmp,15
58177.bmp,16
58178.bmp,17
58179.bmp,18
58180.bmp,19
58181.bmp,20
58182.bmp,21
58183.bmp,22
58184.bmp,23
58185.bmp,24
58186.bmp,25
58187.bmp,26
58188.bmp,27
58189.bmp,28
58190.bmp,29
58191.bmp,30
58192.bmp,31
58193.bmp,32
58194.bmp,33
58195.bmp,34
58196.bmp,35
58197.bmp,36
58198.bmp,37
58199.bmp,38
58200.bmp,39
58201.bmp,40
58202.bmp,41
58203.bmp,42
58204.bmp,43
58205.bmp,44
58206.bmp,45
58207.bmp,46
58208.bmp,47
58209.bmp,48
58210.bmp,49
58211.bmp,50
58212.bmp,51
58213.bmp,52
58214.bmp,53
58215.bmp,54
58216.bmp,55
58217.bmp,56
58218.bmp,57
58219.bmp,58
58220.bmp,59
58221.bmp,60
58222.bmp,61
58223.bmp,62
58224.bmp,63
58225.bmp,64
58226.bmp,65
58227.bmp,66
58228.bmp,67
58229.bmp,68
58230.bmp,69
58231.bmp,70
58232.bmp,71
58233.bmp,72
58234.bmp,73
58235.bmp,74
58236.bmp,75
58237.bmp,76
58238.bmp,77
58239.bmp,78
58240.bmp,79
58241.bmp,80
58242.bmp,81
58243.bmp,82
58244.bmp,83
58245.bmp,84
58246.bmp,85
58247.bmp,86
58248.bmp,87
58249.bmp,88
58250.bmp,89
58251.bmp,90
58252.bmp,91
58253.bmp,92
58254.bmp,93
58255.bmp,94
58256.bmp,95
58257.bmp,96
58258.bmp,97
58259.bmp,98
58260.bmp,99
58261.bmp,100
58262.bmp,101
58263.bmp,102
58264.bmp,103
58265.bmp,104
58266.bmp,105
58267.bmp,106
58268.bmp,107
58269.bmp,108
58270.bmp,109
58271.bmp,110
58272.bmp,111
58273.bmp,112
58274.bmp,113
58275.bmp,114
58276.bmp,115
58277.bmp,116
58278.bmp,117
58279.bmp,118
58280.bmp,119
58281.bmp,120
58282.bmp,121
58283.bmp,122
58284.bmp,123
58285.bmp,124
58286.bmp,125
58287.bmp,126
58288.bmp,127
58289.bmp,128
58290.bmp,129
58291.bmp,130
58292.bmp,131
58293.bmp,132
58294.bmp,133
58295.bmp,134
58296.bmp,135
58297.bmp,136
58298.bmp,137
58299.bmp,138
58300.bmp,139
58301.bmp,140
58302.bmp,141
58303.bmp,142
58304.bmp,143
58305.bmp,144
58306.bmp,145
58307.bmp,146
58308.bmp,147
58309.bmp,148
58310.bmp,149
58311.bmp,150
58312.bmp,151
58313.bmp,152
58314.bmp,153
58315.bmp,154
58316.bmp,155
58317.bmp,80
58318.bmp,0
58319.bmp,1
58320.bmp,2
58321.bmp,3
58322.bmp,4
58323.bmp,5
58324.bmp,6
58325.bmp,7
58326.bmp,8
58327.bmp,9
58328.bmp,10
58329.bmp,11
58330.bmp,12
58331.bmp,13
58332.bmp,14
58333.bmp,15
58334.bmp,16
58335.bmp,17
58336.bmp,18
58337.bmp,19
58338.bmp,20
58339.bmp,21
58340.bmp,22
58341.bmp,23
58342.bmp,24
58343.bmp,25
58344.bmp,26
58345.bmp,27
58346.bmp,28
58347.bmp,29
58348.bmp,30
58349.bmp,31
58350.bmp,32
58351.bmp,33
58352.bmp,34
58353.bmp,35
58354.bmp,36
58355.bmp,37
58356.bmp,38
58357.bmp,39
58358.bmp,40
58359.bmp,41
58360.bmp,42
58361.bmp,43
58362.bmp,44
58363.bmp,45
58364.bmp,46
58365.bmp,47
58366.bmp,48
58367.bmp,49
58368.bmp,50
58369.bmp,51
58370.bmp,52
58371.bmp,53
58372.bmp,54
58373.bmp,55
58374.bmp,56
58375.bmp,57
58376.bmp,58
58377.bmp,59
58378.bmp,60
58379.bmp,61
58380.bmp,62
58381.bmp,63
58382.bmp,64
58383.bmp,65
58384.bmp,66
58385.bmp,67
58386.bmp,68
58387.bmp,69
58388.bmp,70
58389.bmp,71
58390.bmp,72
58391.bmp,73
58392.bmp,74
58393.bmp,75
58394.bmp,76
58395.bmp,77
58396.bmp,78
58397.bmp,79
58398.bmp,80
58399.bmp,81
58400.bmp,82
58401.bmp,83
58402.bmp,84
58403.bmp,85
58404.bmp,86
58405.bmp,87
58406.bmp,88
58407.bmp,89
58408.bmp,90
58409.bmp,91
58410.bmp,92
58411.bmp,93
58412.bmp,94
58413.bmp,95
58414.bmp,96
58415.bmp,97
58416.bmp,98
58417.bmp,99
58418.bmp,100
58419.bmp,101
58420.bmp,102
58421.bmp,103
58422.bmp,104
58423.bmp,105
58424.bmp,106
58425.bmp,107
58426.bmp,108
58427.bmp,109
58428.bmp,110
58429.bmp,111
58430.bmp,112
58431.bmp,113
58432.bmp,114
58433.bmp,115
58434.bmp,116
58435.bmp,117
58436.bmp,118
58437.bmp,119
58438.bmp,120
58439.bmp,121
58440.bmp,122
58441.bmp,123
58442.bmp,124
58443.bmp,125
58444.bmp,126
58445.bmp,127
58446.bmp,128
58447.bmp,129
58448.bmp,130
58449.bmp,131
58450.bmp,132
58451.bmp,133
58452.bmp,134
58453.bmp,135
58454.bmp,136
58455.bmp,137
58456.bmp,138
58457.bmp,139
58458.bmp,140
58459.bmp,141
58460.bmp,142
58461.bmp,143
58462.bmp,144
58463.bmp,145
58464.bmp,146
58465.bmp,147
58466.bmp,148
58467.bmp,149
58468.bmp,150
58469.bmp,151
58470.bmp,152
58471.bmp,153
58472.bmp,154
58473.bmp,155
58474.bmp,80
58475.bmp,0
58476.bmp,1
58477.bmp,2
58478.bmp,3
58479.bmp,4
58480.bmp,5
58481.bmp,6
58482.bmp,7
58483.bmp,8
58484.bmp,9
58485.bmp,10
58486.bmp,11
58487.bmp,12
58488.bmp,13
58489.bmp,14
58490.bmp,15
58491.bmp,16
58492.bmp,17
58493.bmp,18
58494.bmp,19
58495.bmp,20
58496.bmp,21
58497.bmp,22
58498.bmp,23
58499.bmp,24
58500.bmp,25
58501.bmp,26
58502.bmp,27
58503.bmp,28
58504.bmp,29
58505.bmp,30
58506.bmp,31
58507.bmp,32
58508.bmp,33
58509.bmp,34
58510.bmp,35
58511.bmp,36
58512.bmp,37
58513.bmp,38
58514.bmp,39
58515.bmp,40
58516.bmp,41
58517.bmp,42
58518.bmp,43
58519.bmp,44
58520.bmp,45
58521.bmp,46
58522.bmp,47
58523.bmp,48
58524.bmp,49
58525.bmp,50
58526.bmp,51
58527.bmp,52
58528.bmp,53
58529.bmp,54
58530.bmp,55
58531.bmp,56
58532.bmp,57
58533.bmp,58
58534.bmp,59
58535.bmp,60
58536.bmp,61
58537.bmp,62
58538.bmp,63
58539.bmp,64
58540.bmp,65
58541.bmp,66
58542.bmp,67
58543.bmp,68
58544.bmp,69
58545.bmp,70
58546.bmp,71
58547.bmp,72
58548.bmp,73
58549.bmp,74
58550.bmp,75
58551.bmp,76
58552.bmp,77
58553.bmp,78
58554.bmp,79
58555.bmp,80
58556.bmp,81
58557.bmp,82
58558.bmp,83
58559.bmp,84
58560.bmp,85
58561.bmp,86
58562.bmp,87
58563.bmp,88
58564.bmp,89
58565.bmp,90
58566.bmp,91
58567.bmp,92
58568.bmp,93
58569.bmp,94
58570.bmp,95
58571.bmp,96
58572.bmp,97
58573.bmp,98
58574.bmp,99
58575.bmp,100
58576.bmp,101
58577.bmp,102
58578.bmp,103
58579.bmp,104
58580.bmp,105
58581.bmp,106
58582.bmp,107
58583.bmp,108
58584.bmp,109
58585.bmp,110
58586.bmp,111
58587.bmp,112
58588.bmp,113
58589.bmp,114
58590.bmp,115
58591.bmp,116
58592.bmp,117
58593.bmp,118
58594.bmp,119
58595.bmp,120
58596.bmp,121
58597.bmp,122
58598.bmp,123
58599.bmp,124
58600.bmp,125
58601.bmp,126
58602.bmp,127
58603.bmp,128
58604.bmp,129
58605.bmp,130
58606.bmp,131
58607.bmp,132
58608.bmp,133
58609.bmp,134
58610.bmp,135
58611.bmp,136
58612.bmp,137
58613.bmp,138
58614.bmp,139
58615.bmp,140
58616.bmp,141
58617.bmp,142
58618.bmp,143
58619.bmp,144
58620.bmp,145
58621.bmp,146
58622.bmp,147
58623.bmp,148
58624.bmp,149
58625.bmp,150
58626.bmp,151
58627.bmp,152
58628.bmp,153
58629.bmp,154
58630.bmp,155
58631.bmp,80
58632.bmp,0
58633.bmp,1
58634.bmp,2
58635.bmp,3
58636.bmp,4
58637.bmp,5
58638.bmp,6
58639.bmp,7
58640.bmp,8
58641.bmp,9
58642.bmp,10
58643.bmp,11
58644.bmp,12
58645.bmp,13
58646.bmp,14
58647.bmp,15
58648.bmp,16
58649.bmp,17
58650.bmp,18
58651.bmp,19
58652.bmp,20
58653.bmp,21
58654.bmp,22
58655.bmp,23
58656.bmp,24
58657.bmp,25
58658.bmp,26
58659.bmp,27
58660.bmp,28
58661.bmp,29
58662.bmp,30
58663.bmp,31
58664.bmp,32
58665.bmp,33
58666.bmp,34
58667.bmp,35
58668.bmp,36
58669.bmp,37
58670.bmp,38
58671.bmp,39
58672.bmp,40
58673.bmp,41
58674.bmp,42
58675.bmp,43
58676.bmp,44
58677.bmp,45
58678.bmp,46
58679.bmp,47
58680.bmp,48
58681.bmp,49
58682.bmp,50
58683.bmp,51
58684.bmp,52
58685.bmp,53
58686.bmp,54
58687.bmp,55
58688.bmp,56
58689.bmp,57
58690.bmp,58
58691.bmp,59
58692.bmp,60
58693.bmp,61
58694.bmp,62
58695.bmp,63
58696.bmp,64
58697.bmp,65
58698.bmp,66
58699.bmp,67
58700.bmp,68
58701.bmp,69
58702.bmp,70
58703.bmp,71
58704.bmp,72
58705.bmp,73
58706.bmp,74
58707.bmp,75
58708.bmp,76
58709.bmp,77
58710.bmp,78
58711.bmp,79
58712.bmp,80
58713.bmp,81
58714.bmp,82
58715.bmp,83
58716.bmp,84
58717.bmp,85
58718.bmp,86
58719.bmp,87
58720.bmp,88
58721.bmp,89
58722.bmp,90
58723.bmp,91
58724.bmp,92
58725.bmp,93
58726.bmp,94
58727.bmp,95
58728.bmp,96
58729.bmp,97
58730.bmp,98
58731.bmp,99
58732.bmp,100
58733.bmp,101
58734.bmp,102
58735.bmp,103
58736.bmp,104
58737.bmp,105
58738.bmp,106
58739.bmp,107
58740.bmp,108
58741.bmp,109
58742.bmp,110
58743.bmp,111
58744.bmp,112
58745.bmp,113
58746.bmp,114
58747.bmp,115
58748.bmp,116
58749.bmp,117
58750.bmp,118
58751.bmp,119
58752.bmp,120
58753.bmp,121
58754.bmp,122
58755.bmp,123
58756.bmp,124
58757.bmp,125
58758.bmp,126
58759.bmp,127
58760.bmp,128
58761.bmp,129
58762.bmp,130
58763.bmp,131
58764.bmp,132
58765.bmp,133
58766.bmp,134
58767.bmp,135
58768.bmp,136
58769.bmp,137
58770.bmp,138
58771.bmp,139
58772.bmp,140
58773.bmp,141
58774.bmp,142
58775.bmp,143
58776.bmp,144
58777.bmp,145
58778.bmp,146
58779.bmp,147
58780.bmp,148
58781.bmp,149
58782.bmp,150
58783.bmp,151
58784.bmp,152
58785.bmp,153
58786.bmp,154
58787.bmp,155
58788.bmp,80
58789.bmp,0
58790.bmp,1
58791.bmp,2
58792.bmp,3
58793.bmp,4
58794.bmp,5
58795.bmp,6
58796.bmp,7
58797.bmp,8
58798.bmp,9
58799.bmp,10
58800.bmp,11
58801.bmp,12
58802.bmp,13
58803.bmp,14
58804.bmp,15
58805.bmp,16
58806.bmp,17
58807.bmp,18
58808.bmp,19
58809.bmp,20
58810.bmp,21
58811.bmp,22
58812.bmp,23
58813.bmp,24
58814.bmp,25
58815.bmp,26
58816.bmp,27
58817.bmp,28
58818.bmp,29
58819.bmp,30
58820.bmp,31
58821.bmp,32
58822.bmp,33
58823.bmp,34
58824.bmp,35
58825.bmp,36
58826.bmp,37
58827.bmp,38
58828.bmp,39
58829.bmp,40
58830.bmp,41
58831.bmp,42
58832.bmp,43
58833.bmp,44
58834.bmp,45
58835.bmp,46
58836.bmp,47
58837.bmp,48
58838.bmp,49
58839.bmp,50
58840.bmp,51
58841.bmp,52
58842.bmp,53
58843.bmp,54
58844.bmp,55
58845.bmp,56
58846.bmp,57
58847.bmp,58
58848.bmp,59
58849.bmp,60
58850.bmp,61
58851.bmp,62
58852.bmp,63
58853.bmp,64
58854.bmp,65
58855.bmp,66
58856.bmp,67
58857.bmp,68
58858.bmp,69
58859.bmp,70
58860.bmp,71
58861.bmp,72
58862.bmp,73
58863.bmp,74
58864.bmp,75
58865.bmp,76
58866.bmp,77
58867.bmp,78
58868.bmp,79
58869.bmp,80
58870.bmp,81
58871.bmp,82
58872.bmp,83
58873.bmp,84
58874.bmp,85
58875.bmp,86
58876.bmp,87
58877.bmp,88
58878.bmp,89
58879.bmp,90
58880.bmp,91
58881.bmp,92
58882.bmp,93
58883.bmp,94
58884.bmp,95
58885.bmp,96
58886.bmp,97
58887.bmp,98
58888.bmp,99
58889.bmp,100
58890.bmp,101
58891.bmp,102
58892.bmp,103
58893.bmp,104
58894.bmp,105
58895.bmp,106
58896.bmp,107
58897.bmp,108
58898.bmp,109
58899.bmp,110
58900.bmp,111
58901.bmp,112
58902.bmp,113
58903.bmp,114
58904.bmp,115
58905.bmp,116
58906.bmp,117
58907.bmp,118
58908.bmp,119
58909.bmp,120
58910.bmp,121
58911.bmp,122
58912.bmp,123
58913.bmp,124
58914.bmp,125
58915.bmp,126
58916.bmp,127
58917.bmp,128
58918.bmp,129
58919.bmp,130
58920.bmp,131
58921.bmp,132
58922.bmp,133
58923.bmp,134
58924.bmp,135
58925.bmp,136
58926.bmp,137
58927.bmp,138
58928.bmp,139
58929.bmp,140
58930.bmp,141
58931.bmp,142
58932.bmp,143
58933.bmp,144
58934.bmp,145
58935.bmp,146
58936.bmp,147
58937.bmp,148
58938.bmp,149
58939.bmp,150
58940.bmp,151
58941.bmp,152
58942.bmp,153
58943.bmp,154
58944.bmp,155
58945.bmp,80
58946.bmp,0
58947.bmp,1
58948.bmp,2
58949.bmp,3
58950.bmp,4
58951.bmp,5
58952.bmp,6
58953.bmp,7
58954.bmp,8
58955.bmp,9
58956.bmp,10
58957.bmp,11
58958.bmp,12
58959.bmp,13
58960.bmp,14
58961.bmp,15
58962.bmp,16
58963.bmp,17
58964.bmp,18
58965.bmp,19
58966.bmp,20
58967.bmp,21
58968.bmp,22
58969.bmp,23
58970.bmp,24
58971.bmp,25
58972.bmp,26
58973.bmp,27
58974.bmp,28
58975.bmp,29
58976.bmp,30
58977.bmp,31
58978.bmp,32
58979.bmp,33
58980.bmp,34
58981.bmp,35
58982.bmp,36
58983.bmp,37
58984.bmp,38
58985.bmp,39
58986.bmp,40
58987.bmp,41
58988.bmp,42
58989.bmp,43
58990.bmp,44
58991.bmp,45
58992.bmp,46
58993.bmp,47
58994.bmp,48
58995.bmp,49
58996.bmp,50
58997.bmp,51
58998.bmp,52
58999.bmp,53
59000.bmp,54
59001.bmp,55
59002.bmp,56
59003.bmp,57
59004.bmp,58
59005.bmp,59
59006.bmp,60
59007.bmp,61
59008.bmp,62
59009.bmp,63
59010.bmp,64
59011.bmp,65
59012.bmp,66
59013.bmp,67
59014.bmp,68
59015.bmp,69
59016.bmp,70
59017.bmp,71
59018.bmp,72
59019.bmp,73
59020.bmp,74
59021.bmp,75
59022.bmp,76
59023.bmp,77
59024.bmp,78
59025.bmp,79
59026.bmp,80
59027.bmp,81
59028.bmp,82
59029.bmp,83
59030.bmp,84
59031.bmp,85
59032.bmp,86
59033.bmp,87
59034.bmp,88
59035.bmp,89
59036.bmp,90
59037.bmp,91
59038.bmp,92
59039.bmp,93
59040.bmp,94
59041.bmp,95
59042.bmp,96
59043.bmp,97
59044.bmp,98
59045.bmp,99
59046.bmp,100
59047.bmp,101
59048.bmp,102
59049.bmp,103
59050.bmp,104
59051.bmp,105
59052.bmp,106
59053.bmp,107
59054.bmp,108
59055.bmp,109
59056.bmp,110
59057.bmp,111
59058.bmp,112
59059.bmp,113
59060.bmp,114
59061.bmp,115
59062.bmp,116
59063.bmp,117
59064.bmp,118
59065.bmp,119
59066.bmp,120
59067.bmp,121
59068.bmp,122
59069.bmp,123
59070.bmp,124
59071.bmp,125
59072.bmp,126
59073.bmp,127
59074.bmp,128
59075.bmp,129
59076.bmp,130
59077.bmp,131
59078.bmp,132
59079.bmp,133
59080.bmp,134
59081.bmp,135
59082.bmp,136
59083.bmp,137
59084.bmp,138
59085.bmp,139
59086.bmp,140
59087.bmp,141
59088.bmp,142
59089.bmp,143
59090.bmp,144
59091.bmp,145
59092.bmp,146
59093.bmp,147
59094.bmp,148
59095.bmp,149
59096.bmp,150
59097.bmp,151
59098.bmp,152
59099.bmp,153
59100.bmp,154
59101.bmp,155
59102.bmp,80
59103.bmp,0
59104.bmp,1
59105.bmp,2
59106.bmp,3
59107.bmp,4
59108.bmp,5
59109.bmp,6
59110.bmp,7
59111.bmp,8
59112.bmp,9
59113.bmp,10
59114.bmp,11
59115.bmp,12
59116.bmp,13
59117.bmp,14
59118.bmp,15
59119.bmp,16
59120.bmp,17
59121.bmp,18
59122.bmp,19
59123.bmp,20
59124.bmp,21
59125.bmp,22
59126.bmp,23
59127.bmp,24
59128.bmp,25
59129.bmp,26
59130.bmp,27
59131.bmp,28
59132.bmp,29
59133.bmp,30
59134.bmp,31
59135.bmp,32
59136.bmp,33
59137.bmp,34
59138.bmp,35
59139.bmp,36
59140.bmp,37
59141.bmp,38
59142.bmp,39
59143.bmp,40
59144.bmp,41
59145.bmp,42
59146.bmp,43
59147.bmp,44
59148.bmp,45
59149.bmp,46
59150.bmp,47
59151.bmp,48
59152.bmp,49
59153.bmp,50
59154.bmp,51
59155.bmp,52
59156.bmp,53
59157.bmp,54
59158.bmp,55
59159.bmp,56
59160.bmp,57
59161.bmp,58
59162.bmp,59
59163.bmp,60
59164.bmp,61
59165.bmp,62
59166.bmp,63
59167.bmp,64
59168.bmp,65
59169.bmp,66
59170.bmp,67
59171.bmp,68
59172.bmp,69
59173.bmp,70
59174.bmp,71
59175.bmp,72
59176.bmp,73
59177.bmp,74
59178.bmp,75
59179.bmp,76
59180.bmp,77
59181.bmp,78
59182.bmp,79
59183.bmp,80
59184.bmp,81
59185.bmp,82
59186.bmp,83
59187.bmp,84
59188.bmp,85
59189.bmp,86
59190.bmp,87
59191.bmp,88
59192.bmp,89
59193.bmp,90
59194.bmp,91
59195.bmp,92
59196.bmp,93
59197.bmp,94
59198.bmp,95
59199.bmp,96
59200.bmp,97
59201.bmp,98
59202.bmp,99
59203.bmp,100
59204.bmp,101
59205.bmp,102
59206.bmp,103
59207.bmp,104
59208.bmp,105
59209.bmp,106
59210.bmp,107
59211.bmp,108
59212.bmp,109
59213.bmp,110
59214.bmp,111
59215.bmp,112
59216.bmp,113
59217.bmp,114
59218.bmp,115
59219.bmp,116
59220.bmp,117
59221.bmp,118
59222.bmp,119
59223.bmp,120
59224.bmp,121
59225.bmp,122
59226.bmp,123
59227.bmp,124
59228.bmp,125
59229.bmp,126
59230.bmp,127
59231.bmp,128
59232.bmp,129
59233.bmp,130
59234.bmp,131
59235.bmp,132
59236.bmp,133
59237.bmp,134
59238.bmp,135
59239.bmp,136
59240.bmp,137
59241.bmp,138
59242.bmp,139
59243.bmp,140
59244.bmp,141
59245.bmp,142
59246.bmp,143
59247.bmp,144
59248.bmp,145
59249.bmp,146
59250.bmp,147
59251.bmp,148
59252.bmp,149
59253.bmp,150
59254.bmp,151
59255.bmp,152
59256.bmp,153
59257.bmp,154
59258.bmp,155
59259.bmp,80
59260.bmp,0
59261.bmp,1
59262.bmp,2
59263.bmp,3
59264.bmp,4
59265.bmp,5
59266.bmp,6
59267.bmp,7
59268.bmp,8
59269.bmp,9
59270.bmp,10
59271.bmp,11
59272.bmp,12
59273.bmp,13
59274.bmp,14
59275.bmp,15
59276.bmp,16
59277.bmp,17
59278.bmp,18
59279.bmp,19
59280.bmp,20
59281.bmp,21
59282.bmp,22
59283.bmp,23
59284.bmp,24
59285.bmp,25
59286.bmp,26
59287.bmp,27
59288.bmp,28
59289.bmp,29
59290.bmp,30
59291.bmp,31
59292.bmp,32
59293.bmp,33
59294.bmp,34
59295.bmp,35
59296.bmp,36
59297.bmp,37
59298.bmp,38
59299.bmp,39
59300.bmp,40
59301.bmp,41
59302.bmp,42
59303.bmp,43
59304.bmp,44
59305.bmp,45
59306.bmp,46
59307.bmp,47
59308.bmp,48
59309.bmp,49
59310.bmp,50
59311.bmp,51
59312.bmp,52
59313.bmp,53
59314.bmp,54
59315.bmp,55
59316.bmp,56
59317.bmp,57
59318.bmp,58
59319.bmp,59
59320.bmp,60
59321.bmp,61
59322.bmp,62
59323.bmp,63
59324.bmp,64
59325.bmp,65
59326.bmp,66
59327.bmp,67
59328.bmp,68
59329.bmp,69
59330.bmp,70
59331.bmp,71
59332.bmp,72
59333.bmp,73
59334.bmp,74
59335.bmp,75
59336.bmp,76
59337.bmp,77
59338.bmp,78
59339.bmp,79
59340.bmp,80
59341.bmp,81
59342.bmp,82
59343.bmp,83
59344.bmp,84
59345.bmp,85
59346.bmp,86
59347.bmp,87
59348.bmp,88
59349.bmp,89
59350.bmp,90
59351.bmp,91
59352.bmp,92
59353.bmp,93
59354.bmp,94
59355.bmp,95
59356.bmp,96
59357.bmp,97
59358.bmp,98
59359.bmp,99
59360.bmp,100
59361.bmp,101
59362.bmp,102
59363.bmp,103
59364.bmp,104
59365.bmp,105
59366.bmp,106
59367.bmp,107
59368.bmp,108
59369.bmp,109
59370.bmp,110
59371.bmp,111
59372.bmp,112
59373.bmp,113
59374.bmp,114
59375.bmp,115
59376.bmp,116
59377.bmp,117
59378.bmp,118
59379.bmp,119
59380.bmp,120
59381.bmp,121
59382.bmp,122
59383.bmp,123
59384.bmp,124
59385.bmp,125
59386.bmp,126
59387.bmp,127
59388.bmp,128
59389.bmp,129
59390.bmp,130
59391.bmp,131
59392.bmp,132
59393.bmp,133
59394.bmp,134
59395.bmp,135
59396.bmp,136
59397.bmp,137
59398.bmp,138
59399.bmp,139
59400.bmp,140
59401.bmp,141
59402.bmp,142
59403.bmp,143
59404.bmp,144
59405.bmp,145
59406.bmp,146
59407.bmp,147
59408.bmp,148
59409.bmp,149
59410.bmp,150
59411.bmp,151
59412.bmp,152
59413.bmp,153
59414.bmp,154
59415.bmp,155
59416.bmp,80
59417.bmp,0
59418.bmp,1
59419.bmp,2
59420.bmp,3
59421.bmp,4
59422.bmp,5
59423.bmp,6
59424.bmp,7
59425.bmp,8
59426.bmp,9
59427.bmp,10
59428.bmp,11
59429.bmp,12
59430.bmp,13
59431.bmp,14
59432.bmp,15
59433.bmp,16
59434.bmp,17
59435.bmp,18
59436.bmp,19
59437.bmp,20
59438.bmp,21
59439.bmp,22
59440.bmp,23
59441.bmp,24
59442.bmp,25
59443.bmp,26
59444.bmp,27
59445.bmp,28
59446.bmp,29
59447.bmp,30
59448.bmp,31
59449.bmp,32
59450.bmp,33
59451.bmp,34
59452.bmp,35
59453.bmp,36
59454.bmp,37
59455.bmp,38
59456.bmp,39
59457.bmp,40
59458.bmp,41
59459.bmp,42
59460.bmp,43
59461.bmp,44
59462.bmp,45
59463.bmp,46
59464.bmp,47
59465.bmp,48
59466.bmp,49
59467.bmp,50
59468.bmp,51
59469.bmp,52
59470.bmp,53
59471.bmp,54
59472.bmp,55
59473.bmp,56
59474.bmp,57
59475.bmp,58
59476.bmp,59
59477.bmp,60
59478.bmp,61
59479.bmp,62
59480.bmp,63
59481.bmp,64
59482.bmp,65
59483.bmp,66
59484.bmp,67
59485.bmp,68
59486.bmp,69
59487.bmp,70
59488.bmp,71
59489.bmp,72
59490.bmp,73
59491.bmp,74
59492.bmp,75
59493.bmp,76
59494.bmp,77
59495.bmp,78
59496.bmp,79
59497.bmp,80
59498.bmp,81
59499.bmp,82
59500.bmp,83
59501.bmp,84
59502.bmp,85
59503.bmp,86
59504.bmp,87
59505.bmp,88
59506.bmp,89
59507.bmp,90
59508.bmp,91
59509.bmp,92
59510.bmp,93
59511.bmp,94
59512.bmp,95
59513.bmp,96
59514.bmp,97
59515.bmp,98
59516.bmp,99
59517.bmp,100
59518.bmp,101
59519.bmp,102
59520.bmp,103
59521.bmp,104
59522.bmp,105
59523.bmp,106
59524.bmp,107
59525.bmp,108
59526.bmp,109
59527.bmp,110
59528.bmp,111
59529.bmp,112
59530.bmp,113
59531.bmp,114
59532.bmp,115
59533.bmp,116
59534.bmp,117
59535.bmp,118
59536.bmp,119
59537.bmp,120
59538.bmp,121
59539.bmp,122
59540.bmp,123
59541.bmp,124
59542.bmp,125
59543.bmp,126
59544.bmp,127
59545.bmp,128
59546.bmp,129
59547.bmp,130
59548.bmp,131
59549.bmp,132
59550.bmp,133
59551.bmp,134
59552.bmp,135
59553.bmp,136
59554.bmp,137
59555.bmp,138
59556.bmp,139
59557.bmp,140
59558.bmp,141
59559.bmp,142
59560.bmp,143
59561.bmp,144
59562.bmp,145
59563.bmp,146
59564.bmp,147
59565.bmp,148
59566.bmp,149
59567.bmp,150
59568.bmp,151
59569.bmp,152
59570.bmp,153
59571.bmp,154
59572.bmp,155
59573.bmp,80
59574.bmp,0
59575.bmp,1
59576.bmp,2
59577.bmp,3
59578.bmp,4
59579.bmp,5
59580.bmp,6
59581.bmp,7
59582.bmp,8
59583.bmp,9
59584.bmp,10
59585.bmp,11
59586.bmp,12
59587.bmp,13
59588.bmp,14
59589.bmp,15
59590.bmp,16
59591.bmp,17
59592.bmp,18
59593.bmp,19
59594.bmp,20
59595.bmp,21
59596.bmp,22
59597.bmp,23
59598.bmp,24
59599.bmp,25
59600.bmp,26
59601.bmp,27
59602.bmp,28
59603.bmp,29
59604.bmp,30
59605.bmp,31
59606.bmp,32
59607.bmp,33
59608.bmp,34
59609.bmp,35
59610.bmp,36
59611.bmp,37
59612.bmp,38
59613.bmp,39
59614.bmp,40
59615.bmp,41
59616.bmp,42
59617.bmp,43
59618.bmp,44
59619.bmp,45
59620.bmp,46
59621.bmp,47
59622.bmp,48
59623.bmp,49
59624.bmp,50
59625.bmp,51
59626.bmp,52
59627.bmp,53
59628.bmp,54
59629.bmp,55
59630.bmp,56
59631.bmp,57
59632.bmp,58
59633.bmp,59
59634.bmp,60
59635.bmp,61
59636.bmp,62
59637.bmp,63
59638.bmp,64
59639.bmp,65
59640.bmp,66
59641.bmp,67
59642.bmp,68
59643.bmp,69
59644.bmp,70
59645.bmp,71
59646.bmp,72
59647.bmp,73
59648.bmp,74
59649.bmp,75
59650.bmp,76
59651.bmp,77
59652.bmp,78
59653.bmp,79
59654.bmp,80
59655.bmp,81
59656.bmp,82
59657.bmp,83
59658.bmp,84
59659.bmp,85
59660.bmp,86
59661.bmp,87
59662.bmp,88
59663.bmp,89
59664.bmp,90
59665.bmp,91
59666.bmp,92
59667.bmp,93
59668.bmp,94
59669.bmp,95
59670.bmp,96
59671.bmp,97
59672.bmp,98
59673.bmp,99
59674.bmp,100
59675.bmp,101
59676.bmp,102
59677.bmp,103
59678.bmp,104
59679.bmp,105
59680.bmp,106
59681.bmp,107
59682.bmp,108
59683.bmp,109
59684.bmp,110
59685.bmp,111
59686.bmp,112
59687.bmp,113
59688.bmp,114
59689.bmp,115
59690.bmp,116
59691.bmp,117
59692.bmp,118
59693.bmp,119
59694.bmp,120
59695.bmp,121
59696.bmp,122
59697.bmp,123
59698.bmp,124
59699.bmp,125
59700.bmp,126
59701.bmp,127
59702.bmp,128
59703.bmp,129
59704.bmp,130
59705.bmp,131
59706.bmp,132
59707.bmp,133
59708.bmp,134
59709.bmp,135
59710.bmp,136
59711.bmp,137
59712.bmp,138
59713.bmp,139
59714.bmp,140
59715.bmp,141
59716.bmp,142
59717.bmp,143
59718.bmp,144
59719.bmp,145
59720.bmp,146
59721.bmp,147
59722.bmp,148
59723.bmp,149
59724.bmp,150
59725.bmp,151
59726.bmp,152
59727.bmp,153
59728.bmp,154
59729.bmp,155
59730.bmp,80
59731.bmp,0
59732.bmp,1
59733.bmp,2
59734.bmp,3
59735.bmp,4
59736.bmp,5
59737.bmp,6
59738.bmp,7
59739.bmp,8
59740.bmp,9
59741.bmp,10
59742.bmp,11
59743.bmp,12
59744.bmp,13
59745.bmp,14
59746.bmp,15
59747.bmp,16
59748.bmp,17
59749.bmp,18
59750.bmp,19
59751.bmp,20
59752.bmp,21
59753.bmp,22
59754.bmp,23
59755.bmp,24
59756.bmp,25
59757.bmp,26
59758.bmp,27
59759.bmp,28
59760.bmp,29
59761.bmp,30
59762.bmp,31
59763.bmp,32
59764.bmp,33
59765.bmp,34
59766.bmp,35
59767.bmp,36
59768.bmp,37
59769.bmp,38
59770.bmp,39
59771.bmp,40
59772.bmp,41
59773.bmp,42
59774.bmp,43
59775.bmp,44
59776.bmp,45
59777.bmp,46
59778.bmp,47
59779.bmp,48
59780.bmp,49
59781.bmp,50
59782.bmp,51
59783.bmp,52
59784.bmp,53
59785.bmp,54
59786.bmp,55
59787.bmp,56
59788.bmp,57
59789.bmp,58
59790.bmp,59
59791.bmp,60
59792.bmp,61
59793.bmp,62
59794.bmp,63
59795.bmp,64
59796.bmp,65
59797.bmp,66
59798.bmp,67
59799.bmp,68
59800.bmp,69
59801.bmp,70
59802.bmp,71
59803.bmp,72
59804.bmp,73
59805.bmp,74
59806.bmp,75
59807.bmp,76
59808.bmp,77
59809.bmp,78
59810.bmp,79
59811.bmp,80
59812.bmp,81
59813.bmp,82
59814.bmp,83
59815.bmp,84
59816.bmp,85
59817.bmp,86
59818.bmp,87
59819.bmp,88
59820.bmp,89
59821.bmp,90
59822.bmp,91
59823.bmp,92
59824.bmp,93
59825.bmp,94
59826.bmp,95
59827.bmp,96
59828.bmp,97
59829.bmp,98
59830.bmp,99
59831.bmp,100
59832.bmp,101
59833.bmp,102
59834.bmp,103
59835.bmp,104
59836.bmp,105
59837.bmp,106
59838.bmp,107
59839.bmp,108
59840.bmp,109
59841.bmp,110
59842.bmp,111
59843.bmp,112
59844.bmp,113
59845.bmp,114
59846.bmp,115
59847.bmp,116
59848.bmp,117
59849.bmp,118
59850.bmp,119
59851.bmp,120
59852.bmp,121
59853.bmp,122
59854.bmp,123
59855.bmp,124
59856.bmp,125
59857.bmp,126
59858.bmp,127
59859.bmp,128
59860.bmp,129
59861.bmp,130
59862.bmp,131
59863.bmp,132
59864.bmp,133
59865.bmp,134
59866.bmp,135
59867.bmp,136
59868.bmp,137
59869.bmp,138
59870.bmp,139
59871.bmp,140
59872.bmp,141
59873.bmp,142
59874.bmp,143
59875.bmp,144
59876.bmp,145
59877.bmp,146
59878.bmp,147
59879.bmp,148
59880.bmp,149
59881.bmp,150
59882.bmp,151
59883.bmp,152
59884.bmp,153
59885.bmp,154
59886.bmp,155
59887.bmp,80
59888.bmp,0
59889.bmp,1
59890.bmp,2
59891.bmp,3
59892.bmp,4
59893.bmp,5
59894.bmp,6
59895.bmp,7
59896.bmp,8
59897.bmp,9
59898.bmp,10
59899.bmp,11
59900.bmp,12
59901.bmp,13
59902.bmp,14
59903.bmp,15
59904.bmp,16
59905.bmp,17
59906.bmp,18
59907.bmp,19
59908.bmp,20
59909.bmp,21
59910.bmp,22
59911.bmp,23
59912.bmp,24
59913.bmp,25
59914.bmp,26
59915.bmp,27
59916.bmp,28
59917.bmp,29
59918.bmp,30
59919.bmp,31
59920.bmp,32
59921.bmp,33
59922.bmp,34
59923.bmp,35
59924.bmp,36
59925.bmp,37
59926.bmp,38
59927.bmp,39
59928.bmp,40
59929.bmp,41
59930.bmp,42
59931.bmp,43
59932.bmp,44
59933.bmp,45
59934.bmp,46
59935.bmp,47
59936.bmp,48
59937.bmp,49
59938.bmp,50
59939.bmp,51
59940.bmp,52
59941.bmp,53
59942.bmp,54
59943.bmp,55
59944.bmp,56
59945.bmp,57
59946.bmp,58
59947.bmp,59
59948.bmp,60
59949.bmp,61
59950.bmp,62
59951.bmp,63
59952.bmp,64
59953.bmp,65
59954.bmp,66
59955.bmp,67
59956.bmp,68
59957.bmp,69
59958.bmp,70
59959.bmp,71
59960.bmp,72
59961.bmp,73
59962.bmp,74
59963.bmp,75
59964.bmp,76
59965.bmp,77
59966.bmp,78
59967.bmp,79
59968.bmp,80
59969.bmp,81
59970.bmp,82
59971.bmp,83
59972.bmp,84
59973.bmp,85
59974.bmp,86
59975.bmp,87
59976.bmp,88
59977.bmp,89
59978.bmp,90
59979.bmp,91
59980.bmp,92
59981.bmp,93
59982.bmp,94
59983.bmp,95
59984.bmp,96
59985.bmp,97
59986.bmp,98
59987.bmp,99
59988.bmp,100
59989.bmp,101
59990.bmp,102
59991.bmp,103
59992.bmp,104
59993.bmp,105
59994.bmp,106
59995.bmp,107
59996.bmp,108
59997.bmp,109
59998.bmp,110
59999.bmp,111
60000.bmp,112
60001.bmp,113
60002.bmp,114
60003.bmp,115
60004.bmp,116
60005.bmp,117
60006.bmp,118
60007.bmp,119
60008.bmp,120
60009.bmp,121
60010.bmp,122
60011.bmp,123
60012.bmp,124
60013.bmp,125
60014.bmp,126
60015.bmp,127
60016.bmp,128
60017.bmp,129
60018.bmp,130
60019.bmp,131
60020.bmp,132
60021.bmp,133
60022.bmp,134
60023.bmp,135
60024.bmp,136
60025.bmp,137
60026.bmp,138
60027.bmp,139
60028.bmp,140
60029.bmp,141
60030.bmp,142
60031.bmp,143
60032.bmp,144
60033.bmp,145
60034.bmp,146
60035.bmp,147
60036.bmp,148
60037.bmp,149
60038.bmp,150
60039.bmp,151
60040.bmp,152
60041.bmp,153
60042.bmp,154
60043.bmp,155
60044.bmp,80
60045.bmp,0
60046.bmp,1
60047.bmp,2
60048.bmp,3
60049.bmp,4
60050.bmp,5
60051.bmp,6
60052.bmp,7
60053.bmp,8
60054.bmp,9
60055.bmp,10
60056.bmp,11
60057.bmp,12
60058.bmp,13
60059.bmp,14
60060.bmp,15
60061.bmp,16
60062.bmp,17
60063.bmp,18
60064.bmp,19
60065.bmp,20
60066.bmp,21
60067.bmp,22
60068.bmp,23
60069.bmp,24
60070.bmp,25
60071.bmp,26
60072.bmp,27
60073.bmp,28
60074.bmp,29
60075.bmp,30
60076.bmp,31
60077.bmp,32
60078.bmp,33
60079.bmp,34
60080.bmp,35
60081.bmp,36
60082.bmp,37
60083.bmp,38
60084.bmp,39
60085.bmp,40
60086.bmp,41
60087.bmp,42
60088.bmp,43
60089.bmp,44
60090.bmp,45
60091.bmp,46
60092.bmp,47
60093.bmp,48
60094.bmp,49
60095.bmp,50
60096.bmp,51
60097.bmp,52
60098.bmp,53
60099.bmp,54
60100.bmp,55
60101.bmp,56
60102.bmp,57
60103.bmp,58
60104.bmp,59
60105.bmp,60
60106.bmp,61
60107.bmp,62
60108.bmp,63
60109.bmp,64
60110.bmp,65
60111.bmp,66
60112.bmp,67
60113.bmp,68
60114.bmp,69
60115.bmp,70
60116.bmp,71
60117.bmp,72
60118.bmp,73
60119.bmp,74
60120.bmp,75
60121.bmp,76
60122.bmp,77
60123.bmp,78
60124.bmp,79
60125.bmp,80
60126.bmp,81
60127.bmp,82
60128.bmp,83
60129.bmp,84
60130.bmp,85
60131.bmp,86
60132.bmp,87
60133.bmp,88
60134.bmp,89
60135.bmp,90
60136.bmp,91
60137.bmp,92
60138.bmp,93
60139.bmp,94
60140.bmp,95
60141.bmp,96
60142.bmp,97
60143.bmp,98
60144.bmp,99
60145.bmp,100
60146.bmp,101
60147.bmp,102
60148.bmp,103
60149.bmp,104
60150.bmp,105
60151.bmp,106
60152.bmp,107
60153.bmp,108
60154.bmp,109
60155.bmp,110
60156.bmp,111
60157.bmp,112
60158.bmp,113
60159.bmp,114
60160.bmp,115
60161.bmp,116
60162.bmp,117
60163.bmp,118
60164.bmp,119
60165.bmp,120
60166.bmp,121
60167.bmp,122
60168.bmp,123
60169.bmp,124
60170.bmp,125
60171.bmp,126
60172.bmp,127
60173.bmp,128
60174.bmp,129
60175.bmp,130
60176.bmp,131
60177.bmp,132
60178.bmp,133
60179.bmp,134
60180.bmp,135
60181.bmp,136
60182.bmp,137
60183.bmp,138
60184.bmp,139
60185.bmp,140
60186.bmp,141
60187.bmp,142
60188.bmp,143
60189.bmp,144
60190.bmp,145
60191.bmp,146
60192.bmp,147
60193.bmp,148
60194.bmp,149
60195.bmp,150
60196.bmp,151
60197.bmp,152
60198.bmp,153
60199.bmp,154
60200.bmp,155
60201.bmp,80
60202.bmp,0
60203.bmp,1
60204.bmp,2
60205.bmp,3
60206.bmp,4
60207.bmp,5
60208.bmp,6
60209.bmp,7
60210.bmp,8
60211.bmp,9
60212.bmp,10
60213.bmp,11
60214.bmp,12
60215.bmp,13
60216.bmp,14
60217.bmp,15
60218.bmp,16
60219.bmp,17
60220.bmp,18
60221.bmp,19
60222.bmp,20
60223.bmp,21
60224.bmp,22
60225.bmp,23
60226.bmp,24
60227.bmp,25
60228.bmp,26
60229.bmp,27
60230.bmp,28
60231.bmp,29
60232.bmp,30
60233.bmp,31
60234.bmp,32
60235.bmp,33
60236.bmp,34
60237.bmp,35
60238.bmp,36
60239.bmp,37
60240.bmp,38
60241.bmp,39
60242.bmp,40
60243.bmp,41
60244.bmp,42
60245.bmp,43
60246.bmp,44
60247.bmp,45
60248.bmp,46
60249.bmp,47
60250.bmp,48
60251.bmp,49
60252.bmp,50
60253.bmp,51
60254.bmp,52
60255.bmp,53
60256.bmp,54
60257.bmp,55
60258.bmp,56
60259.bmp,57
60260.bmp,58
60261.bmp,59
60262.bmp,60
60263.bmp,61
60264.bmp,62
60265.bmp,63
60266.bmp,64
60267.bmp,65
60268.bmp,66
60269.bmp,67
60270.bmp,68
60271.bmp,69
60272.bmp,70
60273.bmp,71
60274.bmp,72
60275.bmp,73
60276.bmp,74
60277.bmp,75
60278.bmp,76
60279.bmp,77
60280.bmp,78
60281.bmp,79
60282.bmp,80
60283.bmp,81
60284.bmp,82
60285.bmp,83
60286.bmp,84
60287.bmp,85
60288.bmp,86
60289.bmp,87
60290.bmp,88
60291.bmp,89
60292.bmp,90
60293.bmp,91
60294.bmp,92
60295.bmp,93
60296.bmp,94
60297.bmp,95
60298.bmp,96
60299.bmp,97
60300.bmp,98
60301.bmp,99
60302.bmp,100
60303.bmp,101
60304.bmp,102
60305.bmp,103
60306.bmp,104
60307.bmp,105
60308.bmp,106
60309.bmp,107
60310.bmp,108
60311.bmp,109
60312.bmp,110
60313.bmp,111
60314.bmp,112
60315.bmp,113
60316.bmp,114
60317.bmp,115
60318.bmp,116
60319.bmp,117
60320.bmp,118
60321.bmp,119
60322.bmp,120
60323.bmp,121
60324.bmp,122
60325.bmp,123
60326.bmp,124
60327.bmp,125
60328.bmp,126
60329.bmp,127
60330.bmp,128
60331.bmp,129
60332.bmp,130
60333.bmp,131
60334.bmp,132
60335.bmp,133
60336.bmp,134
60337.bmp,135
60338.bmp,136
60339.bmp,137
60340.bmp,138
60341.bmp,139
60342.bmp,140
60343.bmp,141
60344.bmp,142
60345.bmp,143
60346.bmp,144
60347.bmp,145
60348.bmp,146
60349.bmp,147
60350.bmp,148
60351.bmp,149
60352.bmp,150
60353.bmp,151
60354.bmp,152
60355.bmp,153
60356.bmp,154
60357.bmp,155
60358.bmp,80
60359.bmp,0
60360.bmp,1
60361.bmp,2
60362.bmp,3
60363.bmp,4
60364.bmp,5
60365.bmp,6
60366.bmp,7
60367.bmp,8
60368.bmp,9
60369.bmp,10
60370.bmp,11
60371.bmp,12
60372.bmp,13
60373.bmp,14
60374.bmp,15
60375.bmp,16
60376.bmp,17
60377.bmp,18
60378.bmp,19
60379.bmp,20
60380.bmp,21
60381.bmp,22
60382.bmp,23
60383.bmp,24
60384.bmp,25
60385.bmp,26
60386.bmp,27
60387.bmp,28
60388.bmp,29
60389.bmp,30
60390.bmp,31
60391.bmp,32
60392.bmp,33
60393.bmp,34
60394.bmp,35
60395.bmp,36
60396.bmp,37
60397.bmp,38
60398.bmp,39
60399.bmp,40
60400.bmp,41
60401.bmp,42
60402.bmp,43
60403.bmp,44
60404.bmp,45
60405.bmp,46
60406.bmp,47
60407.bmp,48
60408.bmp,49
60409.bmp,50
60410.bmp,51
60411.bmp,52
60412.bmp,53
60413.bmp,54
60414.bmp,55
60415.bmp,56
60416.bmp,57
60417.bmp,58
60418.bmp,59
60419.bmp,60
60420.bmp,61
60421.bmp,62
60422.bmp,63
60423.bmp,64
60424.bmp,65
60425.bmp,66
60426.bmp,67
60427.bmp,68
60428.bmp,69
60429.bmp,70
60430.bmp,71
60431.bmp,72
60432.bmp,73
60433.bmp,74
60434.bmp,75
60435.bmp,76
60436.bmp,77
60437.bmp,78
60438.bmp,79
60439.bmp,80
60440.bmp,81
60441.bmp,82
60442.bmp,83
60443.bmp,84
60444.bmp,85
60445.bmp,86
60446.bmp,87
60447.bmp,88
60448.bmp,89
60449.bmp,90
60450.bmp,91
60451.bmp,92
60452.bmp,93
60453.bmp,94
60454.bmp,95
60455.bmp,96
60456.bmp,97
60457.bmp,98
60458.bmp,99
60459.bmp,100
60460.bmp,101
60461.bmp,102
60462.bmp,103
60463.bmp,104
60464.bmp,105
60465.bmp,106
60466.bmp,107
60467.bmp,108
60468.bmp,109
60469.bmp,110
60470.bmp,111
60471.bmp,112
60472.bmp,113
60473.bmp,114
60474.bmp,115
60475.bmp,116
60476.bmp,117
60477.bmp,118
60478.bmp,119
60479.bmp,120
60480.bmp,121
60481.bmp,122
60482.bmp,123
60483.bmp,124
60484.bmp,125
60485.bmp,126
60486.bmp,127
60487.bmp,128
60488.bmp,129
60489.bmp,130
60490.bmp,131
60491.bmp,132
60492.bmp,133
60493.bmp,134
60494.bmp,135
60495.bmp,136
60496.bmp,137
60497.bmp,138
60498.bmp,139
60499.bmp,140
60500.bmp,141
60501.bmp,142
60502.bmp,143
60503.bmp,144
60504.bmp,145
60505.bmp,146
60506.bmp,147
60507.bmp,148
60508.bmp,149
60509.bmp,150
60510.bmp,151
60511.bmp,152
60512.bmp,153
60513.bmp,154
60514.bmp,155
60515.bmp,80
60516.bmp,0
60517.bmp,1
60518.bmp,2
60519.bmp,3
60520.bmp,4
60521.bmp,5
60522.bmp,6
60523.bmp,7
60524.bmp,8
60525.bmp,9
60526.bmp,10
60527.bmp,11
60528.bmp,12
60529.bmp,13
60530.bmp,14
60531.bmp,15
60532.bmp,16
60533.bmp,17
60534.bmp,18
60535.bmp,19
60536.bmp,20
60537.bmp,21
60538.bmp,22
60539.bmp,23
60540.bmp,24
60541.bmp,25
60542.bmp,26
60543.bmp,27
60544.bmp,28
60545.bmp,29
60546.bmp,30
60547.bmp,31
60548.bmp,32
60549.bmp,33
60550.bmp,34
60551.bmp,35
60552.bmp,36
60553.bmp,37
60554.bmp,38
60555.bmp,39
60556.bmp,40
60557.bmp,41
60558.bmp,42
60559.bmp,43
60560.bmp,44
60561.bmp,45
60562.bmp,46
60563.bmp,47
60564.bmp,48
60565.bmp,49
60566.bmp,50
60567.bmp,51
60568.bmp,52
60569.bmp,53
60570.bmp,54
60571.bmp,55
60572.bmp,56
60573.bmp,57
60574.bmp,58
60575.bmp,59
60576.bmp,60
60577.bmp,61
60578.bmp,62
60579.bmp,63
60580.bmp,64
60581.bmp,65
60582.bmp,66
60583.bmp,67
60584.bmp,68
60585.bmp,69
60586.bmp,70
60587.bmp,71
60588.bmp,72
60589.bmp,73
60590.bmp,74
60591.bmp,75
60592.bmp,76
60593.bmp,77
60594.bmp,78
60595.bmp,79
60596.bmp,80
60597.bmp,81
60598.bmp,82
60599.bmp,83
60600.bmp,84
60601.bmp,85
60602.bmp,86
60603.bmp,87
60604.bmp,88
60605.bmp,89
60606.bmp,90
60607.bmp,91
60608.bmp,92
60609.bmp,93
60610.bmp,94
60611.bmp,95
60612.bmp,96
60613.bmp,97
60614.bmp,98
60615.bmp,99
60616.bmp,100
60617.bmp,101
60618.bmp,102
60619.bmp,103
60620.bmp,104
60621.bmp,105
60622.bmp,106
60623.bmp,107
60624.bmp,108
60625.bmp,109
60626.bmp,110
60627.bmp,111
60628.bmp,112
60629.bmp,113
60630.bmp,114
60631.bmp,115
60632.bmp,116
60633.bmp,117
60634.bmp,118
60635.bmp,119
60636.bmp,120
60637.bmp,121
60638.bmp,122
60639.bmp,123
60640.bmp,124
60641.bmp,125
60642.bmp,126
60643.bmp,127
60644.bmp,128
60645.bmp,129
60646.bmp,130
60647.bmp,131
60648.bmp,132
60649.bmp,133
60650.bmp,134
60651.bmp,135
60652.bmp,136
60653.bmp,137
60654.bmp,138
60655.bmp,139
60656.bmp,140
60657.bmp,141
60658.bmp,142
60659.bmp,143
60660.bmp,144
60661.bmp,145
60662.bmp,146
60663.bmp,147
60664.bmp,148
60665.bmp,149
60666.bmp,150
60667.bmp,151
60668.bmp,152
60669.bmp,153
60670.bmp,154
60671.bmp,155
60672.bmp,80
60673.bmp,0
60674.bmp,1
60675.bmp,2
60676.bmp,3
60677.bmp,4
60678.bmp,5
60679.bmp,6
60680.bmp,7
60681.bmp,8
60682.bmp,9
60683.bmp,10
60684.bmp,11
60685.bmp,12
60686.bmp,13
60687.bmp,14
60688.bmp,15
60689.bmp,16
60690.bmp,17
60691.bmp,18
60692.bmp,19
60693.bmp,20
60694.bmp,21
60695.bmp,22
60696.bmp,23
60697.bmp,24
60698.bmp,25
60699.bmp,26
60700.bmp,27
60701.bmp,28
60702.bmp,29
60703.bmp,30
60704.bmp,31
60705.bmp,32
60706.bmp,33
60707.bmp,34
60708.bmp,35
60709.bmp,36
60710.bmp,37
60711.bmp,38
60712.bmp,39
60713.bmp,40
60714.bmp,41
60715.bmp,42
60716.bmp,43
60717.bmp,44
60718.bmp,45
60719.bmp,46
60720.bmp,47
60721.bmp,48
60722.bmp,49
60723.bmp,50
60724.bmp,51
60725.bmp,52
60726.bmp,53
60727.bmp,54
60728.bmp,55
60729.bmp,56
60730.bmp,57
60731.bmp,58
60732.bmp,59
60733.bmp,60
60734.bmp,61
60735.bmp,62
60736.bmp,63
60737.bmp,64
60738.bmp,65
60739.bmp,66
60740.bmp,67
60741.bmp,68
60742.bmp,69
60743.bmp,70
60744.bmp,71
60745.bmp,72
60746.bmp,73
60747.bmp,74
60748.bmp,75
60749.bmp,76
60750.bmp,77
60751.bmp,78
60752.bmp,79
60753.bmp,80
60754.bmp,81
60755.bmp,82
60756.bmp,83
60757.bmp,84
60758.bmp,85
60759.bmp,86
60760.bmp,87
60761.bmp,88
60762.bmp,89
60763.bmp,90
60764.bmp,91
60765.bmp,92
60766.bmp,93
60767.bmp,94
60768.bmp,95
60769.bmp,96
60770.bmp,97
60771.bmp,98
60772.bmp,99
60773.bmp,100
60774.bmp,101
60775.bmp,102
60776.bmp,103
60777.bmp,104
60778.bmp,105
60779.bmp,106
60780.bmp,107
60781.bmp,108
60782.bmp,109
60783.bmp,110
60784.bmp,111
60785.bmp,112
60786.bmp,113
60787.bmp,114
60788.bmp,115
60789.bmp,116
60790.bmp,117
60791.bmp,118
60792.bmp,119
60793.bmp,120
60794.bmp,121
60795.bmp,122
60796.bmp,123
60797.bmp,124
60798.bmp,125
60799.bmp,126
60800.bmp,127
60801.bmp,128
60802.bmp,129
60803.bmp,130
60804.bmp,131
60805.bmp,132
60806.bmp,133
60807.bmp,134
60808.bmp,135
60809.bmp,136
60810.bmp,137
60811.bmp,138
60812.bmp,139
60813.bmp,140
60814.bmp,141
60815.bmp,142
60816.bmp,143
60817.bmp,144
60818.bmp,145
60819.bmp,146
60820.bmp,147
60821.bmp,148
60822.bmp,149
60823.bmp,150
60824.bmp,151
60825.bmp,152
60826.bmp,153
60827.bmp,154
60828.bmp,155
60829.bmp,80
60830.bmp,0
60831.bmp,1
60832.bmp,2
60833.bmp,3
60834.bmp,4
60835.bmp,5
60836.bmp,6
60837.bmp,7
60838.bmp,8
60839.bmp,9
60840.bmp,10
60841.bmp,11
60842.bmp,12
60843.bmp,13
60844.bmp,14
60845.bmp,15
60846.bmp,16
60847.bmp,17
60848.bmp,18
60849.bmp,19
60850.bmp,20
60851.bmp,21
60852.bmp,22
60853.bmp,23
60854.bmp,24
60855.bmp,25
60856.bmp,26
60857.bmp,27
60858.bmp,28
60859.bmp,29
60860.bmp,30
60861.bmp,31
60862.bmp,32
60863.bmp,33
60864.bmp,34
60865.bmp,35
60866.bmp,36
60867.bmp,37
60868.bmp,38
60869.bmp,39
60870.bmp,40
60871.bmp,41
60872.bmp,42
60873.bmp,43
60874.bmp,44
60875.bmp,45
60876.bmp,46
60877.bmp,47
60878.bmp,48
60879.bmp,49
60880.bmp,50
60881.bmp,51
60882.bmp,52
60883.bmp,53
60884.bmp,54
60885.bmp,55
60886.bmp,56
60887.bmp,57
60888.bmp,58
60889.bmp,59
60890.bmp,60
60891.bmp,61
60892.bmp,62
60893.bmp,63
60894.bmp,64
60895.bmp,65
60896.bmp,66
60897.bmp,67
60898.bmp,68
60899.bmp,69
60900.bmp,70
60901.bmp,71
60902.bmp,72
60903.bmp,73
60904.bmp,74
60905.bmp,75
60906.bmp,76
60907.bmp,77
60908.bmp,78
60909.bmp,79
60910.bmp,80
60911.bmp,81
60912.bmp,82
60913.bmp,83
60914.bmp,84
60915.bmp,85
60916.bmp,86
60917.bmp,87
60918.bmp,88
60919.bmp,89
60920.bmp,90
60921.bmp,91
60922.bmp,92
60923.bmp,93
60924.bmp,94
60925.bmp,95
60926.bmp,96
60927.bmp,97
60928.bmp,98
60929.bmp,99
60930.bmp,100
60931.bmp,101
60932.bmp,102
60933.bmp,103
60934.bmp,104
60935.bmp,105
60936.bmp,106
60937.bmp,107
60938.bmp,108
60939.bmp,109
60940.bmp,110
60941.bmp,111
60942.bmp,112
60943.bmp,113
60944.bmp,114
60945.bmp,115
60946.bmp,116
60947.bmp,117
60948.bmp,118
60949.bmp,119
60950.bmp,120
60951.bmp,121
60952.bmp,122
60953.bmp,123
60954.bmp,124
60955.bmp,125
60956.bmp,126
60957.bmp,127
60958.bmp,128
60959.bmp,129
60960.bmp,130
60961.bmp,131
60962.bmp,132
60963.bmp,133
60964.bmp,134
60965.bmp,135
60966.bmp,136
60967.bmp,137
60968.bmp,138
60969.bmp,139
60970.bmp,140
60971.bmp,141
60972.bmp,142
60973.bmp,143
60974.bmp,144
60975.bmp,145
60976.bmp,146
60977.bmp,147
60978.bmp,148
60979.bmp,149
60980.bmp,150
60981.bmp,151
60982.bmp,152
60983.bmp,153
60984.bmp,154
60985.bmp,155
60986.bmp,80
60987.bmp,0
60988.bmp,1
60989.bmp,2
60990.bmp,3
60991.bmp,4
60992.bmp,5
60993.bmp,6
60994.bmp,7
60995.bmp,8
60996.bmp,9
60997.bmp,10
60998.bmp,11
60999.bmp,12
61000.bmp,13
61001.bmp,14
61002.bmp,15
61003.bmp,16
61004.bmp,17
61005.bmp,18
61006.bmp,19
61007.bmp,20
61008.bmp,21
61009.bmp,22
61010.bmp,23
61011.bmp,24
61012.bmp,25
61013.bmp,26
61014.bmp,27
61015.bmp,28
61016.bmp,29
61017.bmp,30
61018.bmp,31
61019.bmp,32
61020.bmp,33
61021.bmp,34
61022.bmp,35
61023.bmp,36
61024.bmp,37
61025.bmp,38
61026.bmp,39
61027.bmp,40
61028.bmp,41
61029.bmp,42
61030.bmp,43
61031.bmp,44
61032.bmp,45
61033.bmp,46
61034.bmp,47
61035.bmp,48
61036.bmp,49
61037.bmp,50
61038.bmp,51
61039.bmp,52
61040.bmp,53
61041.bmp,54
61042.bmp,55
61043.bmp,56
61044.bmp,57
61045.bmp,58
61046.bmp,59
61047.bmp,60
61048.bmp,61
61049.bmp,62
61050.bmp,63
61051.bmp,64
61052.bmp,65
61053.bmp,66
61054.bmp,67
61055.bmp,68
61056.bmp,69
61057.bmp,70
61058.bmp,71
61059.bmp,72
61060.bmp,73
61061.bmp,74
61062.bmp,75
61063.bmp,76
61064.bmp,77
61065.bmp,78
61066.bmp,79
61067.bmp,80
61068.bmp,81
61069.bmp,82
61070.bmp,83
61071.bmp,84
61072.bmp,85
61073.bmp,86
61074.bmp,87
61075.bmp,88
61076.bmp,89
61077.bmp,90
61078.bmp,91
61079.bmp,92
61080.bmp,93
61081.bmp,94
61082.bmp,95
61083.bmp,96
61084.bmp,97
61085.bmp,98
61086.bmp,99
61087.bmp,100
61088.bmp,101
61089.bmp,102
61090.bmp,103
61091.bmp,104
61092.bmp,105
61093.bmp,106
61094.bmp,107
61095.bmp,108
61096.bmp,109
61097.bmp,110
61098.bmp,111
61099.bmp,112
61100.bmp,113
61101.bmp,114
61102.bmp,115
61103.bmp,116
61104.bmp,117
61105.bmp,118
61106.bmp,119
61107.bmp,120
61108.bmp,121
61109.bmp,122
61110.bmp,123
61111.bmp,124
61112.bmp,125
61113.bmp,126
61114.bmp,127
61115.bmp,128
61116.bmp,129
61117.bmp,130
61118.bmp,131
61119.bmp,132
61120.bmp,133
61121.bmp,134
61122.bmp,135
61123.bmp,136
61124.bmp,137
61125.bmp,138
61126.bmp,139
61127.bmp,140
61128.bmp,141
61129.bmp,142
61130.bmp,143
61131.bmp,144
61132.bmp,145
61133.bmp,146
61134.bmp,147
61135.bmp,148
61136.bmp,149
61137.bmp,150
61138.bmp,151
61139.bmp,152
61140.bmp,153
61141.bmp,154
61142.bmp,155
61143.bmp,80
61144.bmp,0
61145.bmp,1
61146.bmp,2
61147.bmp,3
61148.bmp,4
61149.bmp,5
61150.bmp,6
61151.bmp,7
61152.bmp,8
61153.bmp,9
61154.bmp,10
61155.bmp,11
61156.bmp,12
61157.bmp,13
61158.bmp,14
61159.bmp,15
61160.bmp,16
61161.bmp,17
61162.bmp,18
61163.bmp,19
61164.bmp,20
61165.bmp,21
61166.bmp,22
61167.bmp,23
61168.bmp,24
61169.bmp,25
61170.bmp,26
61171.bmp,27
61172.bmp,28
61173.bmp,29
61174.bmp,30
61175.bmp,31
61176.bmp,32
61177.bmp,33
61178.bmp,34
61179.bmp,35
61180.bmp,36
61181.bmp,37
61182.bmp,38
61183.bmp,39
61184.bmp,40
61185.bmp,41
61186.bmp,42
61187.bmp,43
61188.bmp,44
61189.bmp,45
61190.bmp,46
61191.bmp,47
61192.bmp,48
61193.bmp,49
61194.bmp,50
61195.bmp,51
61196.bmp,52
61197.bmp,53
61198.bmp,54
61199.bmp,55
61200.bmp,56
61201.bmp,57
61202.bmp,58
61203.bmp,59
61204.bmp,60
61205.bmp,61
61206.bmp,62
61207.bmp,63
61208.bmp,64
61209.bmp,65
61210.bmp,66
61211.bmp,67
61212.bmp,68
61213.bmp,69
61214.bmp,70
61215.bmp,71
61216.bmp,72
61217.bmp,73
61218.bmp,74
61219.bmp,75
61220.bmp,76
61221.bmp,77
61222.bmp,78
61223.bmp,79
61224.bmp,80
61225.bmp,81
61226.bmp,82
61227.bmp,83
61228.bmp,84
61229.bmp,85
61230.bmp,86
61231.bmp,87
61232.bmp,88
61233.bmp,89
61234.bmp,90
61235.bmp,91
61236.bmp,92
61237.bmp,93
61238.bmp,94
61239.bmp,95
61240.bmp,96
61241.bmp,97
61242.bmp,98
61243.bmp,99
61244.bmp,100
61245.bmp,101
61246.bmp,102
61247.bmp,103
61248.bmp,104
61249.bmp,105
61250.bmp,106
61251.bmp,107
61252.bmp,108
61253.bmp,109
61254.bmp,110
61255.bmp,111
61256.bmp,112
61257.bmp,113
61258.bmp,114
61259.bmp,115
61260.bmp,116
61261.bmp,117
61262.bmp,118
61263.bmp,119
61264.bmp,120
61265.bmp,121
61266.bmp,122
61267.bmp,123
61268.bmp,124
61269.bmp,125
61270.bmp,126
61271.bmp,127
61272.bmp,128
61273.bmp,129
61274.bmp,130
61275.bmp,131
61276.bmp,132
61277.bmp,133
61278.bmp,134
61279.bmp,135
61280.bmp,136
61281.bmp,137
61282.bmp,138
61283.bmp,139
61284.bmp,140
61285.bmp,141
61286.bmp,142
61287.bmp,143
61288.bmp,144
61289.bmp,145
61290.bmp,146
61291.bmp,147
61292.bmp,148
61293.bmp,149
61294.bmp,150
61295.bmp,151
61296.bmp,152
61297.bmp,153
61298.bmp,154
61299.bmp,155
61300.bmp,80
61301.bmp,0
61302.bmp,1
61303.bmp,2
61304.bmp,3
61305.bmp,4
61306.bmp,5
61307.bmp,6
61308.bmp,7
61309.bmp,8
61310.bmp,9
61311.bmp,10
61312.bmp,11
61313.bmp,12
61314.bmp,13
61315.bmp,14
61316.bmp,15
61317.bmp,16
61318.bmp,17
61319.bmp,18
61320.bmp,19
61321.bmp,20
61322.bmp,21
61323.bmp,22
61324.bmp,23
61325.bmp,24
61326.bmp,25
61327.bmp,26
61328.bmp,27
61329.bmp,28
61330.bmp,29
61331.bmp,30
61332.bmp,31
61333.bmp,32
61334.bmp,33
61335.bmp,34
61336.bmp,35
61337.bmp,36
61338.bmp,37
61339.bmp,38
61340.bmp,39
61341.bmp,40
61342.bmp,41
61343.bmp,42
61344.bmp,43
61345.bmp,44
61346.bmp,45
61347.bmp,46
61348.bmp,47
61349.bmp,48
61350.bmp,49
61351.bmp,50
61352.bmp,51
61353.bmp,52
61354.bmp,53
61355.bmp,54
61356.bmp,55
61357.bmp,56
61358.bmp,57
61359.bmp,58
61360.bmp,59
61361.bmp,60
61362.bmp,61
61363.bmp,62
61364.bmp,63
61365.bmp,64
61366.bmp,65
61367.bmp,66
61368.bmp,67
61369.bmp,68
61370.bmp,69
61371.bmp,70
61372.bmp,71
61373.bmp,72
61374.bmp,73
61375.bmp,74
61376.bmp,75
61377.bmp,76
61378.bmp,77
61379.bmp,78
61380.bmp,79
61381.bmp,80
61382.bmp,81
61383.bmp,82
61384.bmp,83
61385.bmp,84
61386.bmp,85
61387.bmp,86
61388.bmp,87
61389.bmp,88
61390.bmp,89
61391.bmp,90
61392.bmp,91
61393.bmp,92
61394.bmp,93
61395.bmp,94
61396.bmp,95
61397.bmp,96
61398.bmp,97
61399.bmp,98
61400.bmp,99
61401.bmp,100
61402.bmp,101
61403.bmp,102
61404.bmp,103
61405.bmp,104
61406.bmp,105
61407.bmp,106
61408.bmp,107
61409.bmp,108
61410.bmp,109
61411.bmp,110
61412.bmp,111
61413.bmp,112
61414.bmp,113
61415.bmp,114
61416.bmp,115
61417.bmp,116
61418.bmp,117
61419.bmp,118
61420.bmp,119
61421.bmp,120
61422.bmp,121
61423.bmp,122
61424.bmp,123
61425.bmp,124
61426.bmp,125
61427.bmp,126
61428.bmp,127
61429.bmp,128
61430.bmp,129
61431.bmp,130
61432.bmp,131
61433.bmp,132
61434.bmp,133
61435.bmp,134
61436.bmp,135
61437.bmp,136
61438.bmp,137
61439.bmp,138
61440.bmp,139
61441.bmp,140
61442.bmp,141
61443.bmp,142
61444.bmp,143
61445.bmp,144
61446.bmp,145
61447.bmp,146
61448.bmp,147
61449.bmp,148
61450.bmp,149
61451.bmp,150
61452.bmp,151
61453.bmp,152
61454.bmp,153
61455.bmp,154
61456.bmp,155
61457.bmp,80
61458.bmp,0
61459.bmp,1
61460.bmp,2
61461.bmp,3
61462.bmp,4
61463.bmp,5
61464.bmp,6
61465.bmp,7
61466.bmp,8
61467.bmp,9
61468.bmp,10
61469.bmp,11
61470.bmp,12
61471.bmp,13
61472.bmp,14
61473.bmp,15
61474.bmp,16
61475.bmp,17
61476.bmp,18
61477.bmp,19
61478.bmp,20
61479.bmp,21
61480.bmp,22
61481.bmp,23
61482.bmp,24
61483.bmp,25
61484.bmp,26
61485.bmp,27
61486.bmp,28
61487.bmp,29
61488.bmp,30
61489.bmp,31
61490.bmp,32
61491.bmp,33
61492.bmp,34
61493.bmp,35
61494.bmp,36
61495.bmp,37
61496.bmp,38
61497.bmp,39
61498.bmp,40
61499.bmp,41
61500.bmp,42
61501.bmp,43
61502.bmp,44
61503.bmp,45
61504.bmp,46
61505.bmp,47
61506.bmp,48
61507.bmp,49
61508.bmp,50
61509.bmp,51
61510.bmp,52
61511.bmp,53
61512.bmp,54
61513.bmp,55
61514.bmp,56
61515.bmp,57
61516.bmp,58
61517.bmp,59
61518.bmp,60
61519.bmp,61
61520.bmp,62
61521.bmp,63
61522.bmp,64
61523.bmp,65
61524.bmp,66
61525.bmp,67
61526.bmp,68
61527.bmp,69
61528.bmp,70
61529.bmp,71
61530.bmp,72
61531.bmp,73
61532.bmp,74
61533.bmp,75
61534.bmp,76
61535.bmp,77
61536.bmp,78
61537.bmp,79
61538.bmp,80
61539.bmp,81
61540.bmp,82
61541.bmp,83
61542.bmp,84
61543.bmp,85
61544.bmp,86
61545.bmp,87
61546.bmp,88
61547.bmp,89
61548.bmp,90
61549.bmp,91
61550.bmp,92
61551.bmp,93
61552.bmp,94
61553.bmp,95
61554.bmp,96
61555.bmp,97
61556.bmp,98
61557.bmp,99
61558.bmp,100
61559.bmp,101
61560.bmp,102
61561.bmp,103
61562.bmp,104
61563.bmp,105
61564.bmp,106
61565.bmp,107
61566.bmp,108
61567.bmp,109
61568.bmp,110
61569.bmp,111
61570.bmp,112
61571.bmp,113
61572.bmp,114
61573.bmp,115
61574.bmp,116
61575.bmp,117
61576.bmp,118
61577.bmp,119
61578.bmp,120
61579.bmp,121
61580.bmp,122
61581.bmp,123
61582.bmp,124
61583.bmp,125
61584.bmp,126
61585.bmp,127
61586.bmp,128
61587.bmp,129
61588.bmp,130
61589.bmp,131
61590.bmp,132
61591.bmp,133
61592.bmp,134
61593.bmp,135
61594.bmp,136
61595.bmp,137
61596.bmp,138
61597.bmp,139
61598.bmp,140
61599.bmp,141
61600.bmp,142
61601.bmp,143
61602.bmp,144
61603.bmp,145
61604.bmp,146
61605.bmp,147
61606.bmp,148
61607.bmp,149
61608.bmp,150
61609.bmp,151
61610.bmp,152
61611.bmp,153
61612.bmp,154
61613.bmp,155
61614.bmp,80
61615.bmp,0
61616.bmp,1
61617.bmp,2
61618.bmp,3
61619.bmp,4
61620.bmp,5
61621.bmp,6
61622.bmp,7
61623.bmp,8
61624.bmp,9
61625.bmp,10
61626.bmp,11
61627.bmp,12
61628.bmp,13
61629.bmp,14
61630.bmp,15
61631.bmp,16
61632.bmp,17
61633.bmp,18
61634.bmp,19
61635.bmp,20
61636.bmp,21
61637.bmp,22
61638.bmp,23
61639.bmp,24
61640.bmp,25
61641.bmp,26
61642.bmp,27
61643.bmp,28
61644.bmp,29
61645.bmp,30
61646.bmp,31
61647.bmp,32
61648.bmp,33
61649.bmp,34
61650.bmp,35
61651.bmp,36
61652.bmp,37
61653.bmp,38
61654.bmp,39
61655.bmp,40
61656.bmp,41
61657.bmp,42
61658.bmp,43
61659.bmp,44
61660.bmp,45
61661.bmp,46
61662.bmp,47
61663.bmp,48
61664.bmp,49
61665.bmp,50
61666.bmp,51
61667.bmp,52
61668.bmp,53
61669.bmp,54
61670.bmp,55
61671.bmp,56
61672.bmp,57
61673.bmp,58
61674.bmp,59
61675.bmp,60
61676.bmp,61
61677.bmp,62
61678.bmp,63
61679.bmp,64
61680.bmp,65
61681.bmp,66
61682.bmp,67
61683.bmp,68
61684.bmp,69
61685.bmp,70
61686.bmp,71
61687.bmp,72
61688.bmp,73
61689.bmp,74
61690.bmp,75
61691.bmp,76
61692.bmp,77
61693.bmp,78
61694.bmp,79
61695.bmp,80
61696.bmp,81
61697.bmp,82
61698.bmp,83
61699.bmp,84
61700.bmp,85
61701.bmp,86
61702.bmp,87
61703.bmp,88
61704.bmp,89
61705.bmp,90
61706.bmp,91
61707.bmp,92
61708.bmp,93
61709.bmp,94
61710.bmp,95
61711.bmp,96
61712.bmp,97
61713.bmp,98
61714.bmp,99
61715.bmp,100
61716.bmp,101
61717.bmp,102
61718.bmp,103
61719.bmp,104
61720.bmp,105
61721.bmp,106
61722.bmp,107
61723.bmp,108
61724.bmp,109
61725.bmp,110
61726.bmp,111
61727.bmp,112
61728.bmp,113
61729.bmp,114
61730.bmp,115
61731.bmp,116
61732.bmp,117
61733.bmp,118
61734.bmp,119
61735.bmp,120
61736.bmp,121
61737.bmp,122
61738.bmp,123
61739.bmp,124
61740.bmp,125
61741.bmp,126
61742.bmp,127
61743.bmp,128
61744.bmp,129
61745.bmp,130
61746.bmp,131
61747.bmp,132
61748.bmp,133
61749.bmp,134
61750.bmp,135
61751.bmp,136
61752.bmp,137
61753.bmp,138
61754.bmp,139
61755.bmp,140
61756.bmp,141
61757.bmp,142
61758.bmp,143
61759.bmp,144
61760.bmp,145
61761.bmp,146
61762.bmp,147
61763.bmp,148
61764.bmp,149
61765.bmp,150
61766.bmp,151
61767.bmp,152
61768.bmp,153
61769.bmp,154
61770.bmp,155
61771.bmp,80
61772.bmp,0
61773.bmp,1
61774.bmp,2
61775.bmp,3
61776.bmp,4
61777.bmp,5
61778.bmp,6
61779.bmp,7
61780.bmp,8
61781.bmp,9
61782.bmp,10
61783.bmp,11
61784.bmp,12
61785.bmp,13
61786.bmp,14
61787.bmp,15
61788.bmp,16
61789.bmp,17
61790.bmp,18
61791.bmp,19
61792.bmp,20
61793.bmp,21
61794.bmp,22
61795.bmp,23
61796.bmp,24
61797.bmp,25
61798.bmp,26
61799.bmp,27
61800.bmp,28
61801.bmp,29
61802.bmp,30
61803.bmp,31
61804.bmp,32
61805.bmp,33
61806.bmp,34
61807.bmp,35
61808.bmp,36
61809.bmp,37
61810.bmp,38
61811.bmp,39
61812.bmp,40
61813.bmp,41
61814.bmp,42
61815.bmp,43
61816.bmp,44
61817.bmp,45
61818.bmp,46
61819.bmp,47
61820.bmp,48
61821.bmp,49
61822.bmp,50
61823.bmp,51
61824.bmp,52
61825.bmp,53
61826.bmp,54
61827.bmp,55
61828.bmp,56
61829.bmp,57
61830.bmp,58
61831.bmp,59
61832.bmp,60
61833.bmp,61
61834.bmp,62
61835.bmp,63
61836.bmp,64
61837.bmp,65
61838.bmp,66
61839.bmp,67
61840.bmp,68
61841.bmp,69
61842.bmp,70
61843.bmp,71
61844.bmp,72
61845.bmp,73
61846.bmp,74
61847.bmp,75
61848.bmp,76
61849.bmp,77
61850.bmp,78
61851.bmp,79
61852.bmp,80
61853.bmp,81
61854.bmp,82
61855.bmp,83
61856.bmp,84
61857.bmp,85
61858.bmp,86
61859.bmp,87
61860.bmp,88
61861.bmp,89
61862.bmp,90
61863.bmp,91
61864.bmp,92
61865.bmp,93
61866.bmp,94
61867.bmp,95
61868.bmp,96
61869.bmp,97
61870.bmp,98
61871.bmp,99
61872.bmp,100
61873.bmp,101
61874.bmp,102
61875.bmp,103
61876.bmp,104
61877.bmp,105
61878.bmp,106
61879.bmp,107
61880.bmp,108
61881.bmp,109
61882.bmp,110
61883.bmp,111
61884.bmp,112
61885.bmp,113
61886.bmp,114
61887.bmp,115
61888.bmp,116
61889.bmp,117
61890.bmp,118
61891.bmp,119
61892.bmp,120
61893.bmp,121
61894.bmp,122
61895.bmp,123
61896.bmp,124
61897.bmp,125
61898.bmp,126
61899.bmp,127
61900.bmp,128
61901.bmp,129
61902.bmp,130
61903.bmp,131
61904.bmp,132
61905.bmp,133
61906.bmp,134
61907.bmp,135
61908.bmp,136
61909.bmp,137
61910.bmp,138
61911.bmp,139
61912.bmp,140
61913.bmp,141
61914.bmp,142
61915.bmp,143
61916.bmp,144
61917.bmp,145
61918.bmp,146
61919.bmp,147
61920.bmp,148
61921.bmp,149
61922.bmp,150
61923.bmp,151
61924.bmp,152
61925.bmp,153
61926.bmp,154
61927.bmp,155
61928.bmp,80
61929.bmp,0
61930.bmp,1
61931.bmp,2
61932.bmp,3
61933.bmp,4
61934.bmp,5
61935.bmp,6
61936.bmp,7
61937.bmp,8
61938.bmp,9
61939.bmp,10
61940.bmp,11
61941.bmp,12
61942.bmp,13
61943.bmp,14
61944.bmp,15
61945.bmp,16
61946.bmp,17
61947.bmp,18
61948.bmp,19
61949.bmp,20
61950.bmp,21
61951.bmp,22
61952.bmp,23
61953.bmp,24
61954.bmp,25
61955.bmp,26
61956.bmp,27
61957.bmp,28
61958.bmp,29
61959.bmp,30
61960.bmp,31
61961.bmp,32
61962.bmp,33
61963.bmp,34
61964.bmp,35
61965.bmp,36
61966.bmp,37
61967.bmp,38
61968.bmp,39
61969.bmp,40
61970.bmp,41
61971.bmp,42
61972.bmp,43
61973.bmp,44
61974.bmp,45
61975.bmp,46
61976.bmp,47
61977.bmp,48
61978.bmp,49
61979.bmp,50
61980.bmp,51
61981.bmp,52
61982.bmp,53
61983.bmp,54
61984.bmp,55
61985.bmp,56
61986.bmp,57
61987.bmp,58
61988.bmp,59
61989.bmp,60
61990.bmp,61
61991.bmp,62
61992.bmp,63
61993.bmp,64
61994.bmp,65
61995.bmp,66
61996.bmp,67
61997.bmp,68
61998.bmp,69
61999.bmp,70
62000.bmp,71
62001.bmp,72
62002.bmp,73
62003.bmp,74
62004.bmp,75
62005.bmp,76
62006.bmp,77
62007.bmp,78
62008.bmp,79
62009.bmp,80
62010.bmp,81
62011.bmp,82
62012.bmp,83
62013.bmp,84
62014.bmp,85
62015.bmp,86
62016.bmp,87
62017.bmp,88
62018.bmp,89
62019.bmp,90
62020.bmp,91
62021.bmp,92
62022.bmp,93
62023.bmp,94
62024.bmp,95
62025.bmp,96
62026.bmp,97
62027.bmp,98
62028.bmp,99
62029.bmp,100
62030.bmp,101
62031.bmp,102
62032.bmp,103
62033.bmp,104
62034.bmp,105
62035.bmp,106
62036.bmp,107
62037.bmp,108
62038.bmp,109
62039.bmp,110
62040.bmp,111
62041.bmp,112
62042.bmp,113
62043.bmp,114
62044.bmp,115
62045.bmp,116
62046.bmp,117
62047.bmp,118
62048.bmp,119
62049.bmp,120
62050.bmp,121
62051.bmp,122
62052.bmp,123
62053.bmp,124
62054.bmp,125
62055.bmp,126
62056.bmp,127
62057.bmp,128
62058.bmp,129
62059.bmp,130
62060.bmp,131
62061.bmp,132
62062.bmp,133
62063.bmp,134
62064.bmp,135
62065.bmp,136
62066.bmp,137
62067.bmp,138
62068.bmp,139
62069.bmp,140
62070.bmp,141
62071.bmp,142
62072.bmp,143
62073.bmp,144
62074.bmp,145
62075.bmp,146
62076.bmp,147
62077.bmp,148
62078.bmp,149
62079.bmp,150
62080.bmp,151
62081.bmp,152
62082.bmp,153
62083.bmp,154
62084.bmp,155
62085.bmp,80
62086.bmp,0
62087.bmp,1
62088.bmp,2
62089.bmp,3
62090.bmp,4
62091.bmp,5
62092.bmp,6
62093.bmp,7
62094.bmp,8
62095.bmp,9
62096.bmp,10
62097.bmp,11
62098.bmp,12
62099.bmp,13
62100.bmp,14
62101.bmp,15
62102.bmp,16
62103.bmp,17
62104.bmp,18
62105.bmp,19
62106.bmp,20
62107.bmp,21
62108.bmp,22
62109.bmp,23
62110.bmp,24
62111.bmp,25
62112.bmp,26
62113.bmp,27
62114.bmp,28
62115.bmp,29
62116.bmp,30
62117.bmp,31
62118.bmp,32
62119.bmp,33
62120.bmp,34
62121.bmp,35
62122.bmp,36
62123.bmp,37
62124.bmp,38
62125.bmp,39
62126.bmp,40
62127.bmp,41
62128.bmp,42
62129.bmp,43
62130.bmp,44
62131.bmp,45
62132.bmp,46
62133.bmp,47
62134.bmp,48
62135.bmp,49
62136.bmp,50
62137.bmp,51
62138.bmp,52
62139.bmp,53
62140.bmp,54
62141.bmp,55
62142.bmp,56
62143.bmp,57
62144.bmp,58
62145.bmp,59
62146.bmp,60
62147.bmp,61
62148.bmp,62
62149.bmp,63
62150.bmp,64
62151.bmp,65
62152.bmp,66
62153.bmp,67
62154.bmp,68
62155.bmp,69
62156.bmp,70
62157.bmp,71
62158.bmp,72
62159.bmp,73
62160.bmp,74
62161.bmp,75
62162.bmp,76
62163.bmp,77
62164.bmp,78
62165.bmp,79
62166.bmp,80
62167.bmp,81
62168.bmp,82
62169.bmp,83
62170.bmp,84
62171.bmp,85
62172.bmp,86
62173.bmp,87
62174.bmp,88
62175.bmp,89
62176.bmp,90
62177.bmp,91
62178.bmp,92
62179.bmp,93
62180.bmp,94
62181.bmp,95
62182.bmp,96
62183.bmp,97
62184.bmp,98
62185.bmp,99
62186.bmp,100
62187.bmp,101
62188.bmp,102
62189.bmp,103
62190.bmp,104
62191.bmp,105
62192.bmp,106
62193.bmp,107
62194.bmp,108
62195.bmp,109
62196.bmp,110
62197.bmp,111
62198.bmp,112
62199.bmp,113
62200.bmp,114
62201.bmp,115
62202.bmp,116
62203.bmp,117
62204.bmp,118
62205.bmp,119
62206.bmp,120
62207.bmp,121
62208.bmp,122
62209.bmp,123
62210.bmp,124
62211.bmp,125
62212.bmp,126
62213.bmp,127
62214.bmp,128
62215.bmp,129
62216.bmp,130
62217.bmp,131
62218.bmp,132
62219.bmp,133
62220.bmp,134
62221.bmp,135
62222.bmp,136
62223.bmp,137
62224.bmp,138
62225.bmp,139
62226.bmp,140
62227.bmp,141
62228.bmp,142
62229.bmp,143
62230.bmp,144
62231.bmp,145
62232.bmp,146
62233.bmp,147
62234.bmp,148
62235.bmp,149
62236.bmp,150
62237.bmp,151
62238.bmp,152
62239.bmp,153
62240.bmp,154
62241.bmp,155
62242.bmp,80
62243.bmp,0
62244.bmp,1
62245.bmp,2
62246.bmp,3
62247.bmp,4
62248.bmp,5
62249.bmp,6
62250.bmp,7
62251.bmp,8
62252.bmp,9
62253.bmp,10
62254.bmp,11
62255.bmp,12
62256.bmp,13
62257.bmp,14
62258.bmp,15
62259.bmp,16
62260.bmp,17
62261.bmp,18
62262.bmp,19
62263.bmp,20
62264.bmp,21
62265.bmp,22
62266.bmp,23
62267.bmp,24
62268.bmp,25
62269.bmp,26
62270.bmp,27
62271.bmp,28
62272.bmp,29
62273.bmp,30
62274.bmp,31
62275.bmp,32
62276.bmp,33
62277.bmp,34
62278.bmp,35
62279.bmp,36
62280.bmp,37
62281.bmp,38
62282.bmp,39
62283.bmp,40
62284.bmp,41
62285.bmp,42
62286.bmp,43
62287.bmp,44
62288.bmp,45
62289.bmp,46
62290.bmp,47
62291.bmp,48
62292.bmp,49
62293.bmp,50
62294.bmp,51
62295.bmp,52
62296.bmp,53
62297.bmp,54
62298.bmp,55
62299.bmp,56
62300.bmp,57
62301.bmp,58
62302.bmp,59
62303.bmp,60
62304.bmp,61
62305.bmp,62
62306.bmp,63
62307.bmp,64
62308.bmp,65
62309.bmp,66
62310.bmp,67
62311.bmp,68
62312.bmp,69
62313.bmp,70
62314.bmp,71
62315.bmp,72
62316.bmp,73
62317.bmp,74
62318.bmp,75
62319.bmp,76
62320.bmp,77
62321.bmp,78
62322.bmp,79
62323.bmp,80
62324.bmp,81
62325.bmp,82
62326.bmp,83
62327.bmp,84
62328.bmp,85
62329.bmp,86
62330.bmp,87
62331.bmp,88
62332.bmp,89
62333.bmp,90
62334.bmp,91
62335.bmp,92
62336.bmp,93
62337.bmp,94
62338.bmp,95
62339.bmp,96
62340.bmp,97
62341.bmp,98
62342.bmp,99
62343.bmp,100
62344.bmp,101
62345.bmp,102
62346.bmp,103
62347.bmp,104
62348.bmp,105
62349.bmp,106
62350.bmp,107
62351.bmp,108
62352.bmp,109
62353.bmp,110
62354.bmp,111
62355.bmp,112
62356.bmp,113
62357.bmp,114
62358.bmp,115
62359.bmp,116
62360.bmp,117
62361.bmp,118
62362.bmp,119
62363.bmp,120
62364.bmp,121
62365.bmp,122
62366.bmp,123
62367.bmp,124
62368.bmp,125
62369.bmp,126
62370.bmp,127
62371.bmp,128
62372.bmp,129
62373.bmp,130
62374.bmp,131
62375.bmp,132
62376.bmp,133
62377.bmp,134
62378.bmp,135
62379.bmp,136
62380.bmp,137
62381.bmp,138
62382.bmp,139
62383.bmp,140
62384.bmp,141
62385.bmp,142
62386.bmp,143
62387.bmp,144
62388.bmp,145
62389.bmp,146
62390.bmp,147
62391.bmp,148
62392.bmp,149
62393.bmp,150
62394.bmp,151
62395.bmp,152
62396.bmp,153
62397.bmp,154
62398.bmp,155
62399.bmp,80
62400.bmp,0
62401.bmp,1
62402.bmp,2
62403.bmp,3
62404.bmp,4
62405.bmp,5
62406.bmp,6
62407.bmp,7
62408.bmp,8
62409.bmp,9
62410.bmp,10
62411.bmp,11
62412.bmp,12
62413.bmp,13
62414.bmp,14
62415.bmp,15
62416.bmp,16
62417.bmp,17
62418.bmp,18
62419.bmp,19
62420.bmp,20
62421.bmp,21
62422.bmp,22
62423.bmp,23
62424.bmp,24
62425.bmp,25
62426.bmp,26
62427.bmp,27
62428.bmp,28
62429.bmp,29
62430.bmp,30
62431.bmp,31
62432.bmp,32
62433.bmp,33
62434.bmp,34
62435.bmp,35
62436.bmp,36
62437.bmp,37
62438.bmp,38
62439.bmp,39
62440.bmp,40
62441.bmp,41
62442.bmp,42
62443.bmp,43
62444.bmp,44
62445.bmp,45
62446.bmp,46
62447.bmp,47
62448.bmp,48
62449.bmp,49
62450.bmp,50
62451.bmp,51
62452.bmp,52
62453.bmp,53
62454.bmp,54
62455.bmp,55
62456.bmp,56
62457.bmp,57
62458.bmp,58
62459.bmp,59
62460.bmp,60
62461.bmp,61
62462.bmp,62
62463.bmp,63
62464.bmp,64
62465.bmp,65
62466.bmp,66
62467.bmp,67
62468.bmp,68
62469.bmp,69
62470.bmp,70
62471.bmp,71
62472.bmp,72
62473.bmp,73
62474.bmp,74
62475.bmp,75
62476.bmp,76
62477.bmp,77
62478.bmp,78
62479.bmp,79
62480.bmp,80
62481.bmp,81
62482.bmp,82
62483.bmp,83
62484.bmp,84
62485.bmp,85
62486.bmp,86
62487.bmp,87
62488.bmp,88
62489.bmp,89
62490.bmp,90
62491.bmp,91
62492.bmp,92
62493.bmp,93
62494.bmp,94
62495.bmp,95
62496.bmp,96
62497.bmp,97
62498.bmp,98
62499.bmp,99
62500.bmp,100
62501.bmp,101
62502.bmp,102
62503.bmp,103
62504.bmp,104
62505.bmp,105
62506.bmp,106
62507.bmp,107
62508.bmp,108
62509.bmp,109
62510.bmp,110
62511.bmp,111
62512.bmp,112
62513.bmp,113
62514.bmp,114
62515.bmp,115
62516.bmp,116
62517.bmp,117
62518.bmp,118
62519.bmp,119
62520.bmp,120
62521.bmp,121
62522.bmp,122
62523.bmp,123
62524.bmp,124
62525.bmp,125
62526.bmp,126
62527.bmp,127
62528.bmp,128
62529.bmp,129
62530.bmp,130
62531.bmp,131
62532.bmp,132
62533.bmp,133
62534.bmp,134
62535.bmp,135
62536.bmp,136
62537.bmp,137
62538.bmp,138
62539.bmp,139
62540.bmp,140
62541.bmp,141
62542.bmp,142
62543.bmp,143
62544.bmp,144
62545.bmp,145
62546.bmp,146
62547.bmp,147
62548.bmp,148
62549.bmp,149
62550.bmp,150
62551.bmp,151
62552.bmp,152
62553.bmp,153
62554.bmp,154
62555.bmp,155
62556.bmp,80
62557.bmp,0
62558.bmp,1
62559.bmp,2
62560.bmp,3
62561.bmp,4
62562.bmp,5
62563.bmp,6
62564.bmp,7
62565.bmp,8
62566.bmp,9
62567.bmp,10
62568.bmp,11
62569.bmp,12
62570.bmp,13
62571.bmp,14
62572.bmp,15
62573.bmp,16
62574.bmp,17
62575.bmp,18
62576.bmp,19
62577.bmp,20
62578.bmp,21
62579.bmp,22
62580.bmp,23
62581.bmp,24
62582.bmp,25
62583.bmp,26
62584.bmp,27
62585.bmp,28
62586.bmp,29
62587.bmp,30
62588.bmp,31
62589.bmp,32
62590.bmp,33
62591.bmp,34
62592.bmp,35
62593.bmp,36
62594.bmp,37
62595.bmp,38
62596.bmp,39
62597.bmp,40
62598.bmp,41
62599.bmp,42
62600.bmp,43
62601.bmp,44
62602.bmp,45
62603.bmp,46
62604.bmp,47
62605.bmp,48
62606.bmp,49
62607.bmp,50
62608.bmp,51
62609.bmp,52
62610.bmp,53
62611.bmp,54
62612.bmp,55
62613.bmp,56
62614.bmp,57
62615.bmp,58
62616.bmp,59
62617.bmp,60
62618.bmp,61
62619.bmp,62
62620.bmp,63
62621.bmp,64
62622.bmp,65
62623.bmp,66
62624.bmp,67
62625.bmp,68
62626.bmp,69
62627.bmp,70
62628.bmp,71
62629.bmp,72
62630.bmp,73
62631.bmp,74
62632.bmp,75
62633.bmp,76
62634.bmp,77
62635.bmp,78
62636.bmp,79
62637.bmp,80
62638.bmp,81
62639.bmp,82
62640.bmp,83
62641.bmp,84
62642.bmp,85
62643.bmp,86
62644.bmp,87
62645.bmp,88
62646.bmp,89
62647.bmp,90
62648.bmp,91
62649.bmp,92
62650.bmp,93
62651.bmp,94
62652.bmp,95
62653.bmp,96
62654.bmp,97
62655.bmp,98
62656.bmp,99
62657.bmp,100
62658.bmp,101
62659.bmp,102
62660.bmp,103
62661.bmp,104
62662.bmp,105
62663.bmp,106
62664.bmp,107
62665.bmp,108
62666.bmp,109
62667.bmp,110
62668.bmp,111
62669.bmp,112
62670.bmp,113
62671.bmp,114
62672.bmp,115
62673.bmp,116
62674.bmp,117
62675.bmp,118
62676.bmp,119
62677.bmp,120
62678.bmp,121
62679.bmp,122
62680.bmp,123
62681.bmp,124
62682.bmp,125
62683.bmp,126
62684.bmp,127
62685.bmp,128
62686.bmp,129
62687.bmp,130
62688.bmp,131
62689.bmp,132
62690.bmp,133
62691.bmp,134
62692.bmp,135
62693.bmp,136
62694.bmp,137
62695.bmp,138
62696.bmp,139
62697.bmp,140
62698.bmp,141
62699.bmp,142
62700.bmp,143
62701.bmp,144
62702.bmp,145
62703.bmp,146
62704.bmp,147
62705.bmp,148
62706.bmp,149
62707.bmp,150
62708.bmp,151
62709.bmp,152
62710.bmp,153
62711.bmp,154
62712.bmp,155
62713.bmp,80
62714.bmp,0
62715.bmp,1
62716.bmp,2
62717.bmp,3
62718.bmp,4
62719.bmp,5
62720.bmp,6
62721.bmp,7
62722.bmp,8
62723.bmp,9
62724.bmp,10
62725.bmp,11
62726.bmp,12
62727.bmp,13
62728.bmp,14
62729.bmp,15
62730.bmp,16
62731.bmp,17
62732.bmp,18
62733.bmp,19
62734.bmp,20
62735.bmp,21
62736.bmp,22
62737.bmp,23
62738.bmp,24
62739.bmp,25
62740.bmp,26
62741.bmp,27
62742.bmp,28
62743.bmp,29
62744.bmp,30
62745.bmp,31
62746.bmp,32
62747.bmp,33
62748.bmp,34
62749.bmp,35
62750.bmp,36
62751.bmp,37
62752.bmp,38
62753.bmp,39
62754.bmp,40
62755.bmp,41
62756.bmp,42
62757.bmp,43
62758.bmp,44
62759.bmp,45
62760.bmp,46
62761.bmp,47
62762.bmp,48
62763.bmp,49
62764.bmp,50
62765.bmp,51
62766.bmp,52
62767.bmp,53
62768.bmp,54
62769.bmp,55
62770.bmp,56
62771.bmp,57
62772.bmp,58
62773.bmp,59
62774.bmp,60
62775.bmp,61
62776.bmp,62
62777.bmp,63
62778.bmp,64
62779.bmp,65
62780.bmp,66
62781.bmp,67
62782.bmp,68
62783.bmp,69
62784.bmp,70
62785.bmp,71
62786.bmp,72
62787.bmp,73
62788.bmp,74
62789.bmp,75
62790.bmp,76
62791.bmp,77
62792.bmp,78
62793.bmp,79
62794.bmp,80
62795.bmp,81
62796.bmp,82
62797.bmp,83
62798.bmp,84
62799.bmp,85
62800.bmp,86
62801.bmp,87
62802.bmp,88
62803.bmp,89
62804.bmp,90
62805.bmp,91
62806.bmp,92
62807.bmp,93
62808.bmp,94
62809.bmp,95
62810.bmp,96
62811.bmp,97
62812.bmp,98
62813.bmp,99
62814.bmp,100
62815.bmp,101
62816.bmp,102
62817.bmp,103
62818.bmp,104
62819.bmp,105
62820.bmp,106
62821.bmp,107
62822.bmp,108
62823.bmp,109
62824.bmp,110
62825.bmp,111
62826.bmp,112
62827.bmp,113
62828.bmp,114
62829.bmp,115
62830.bmp,116
62831.bmp,117
62832.bmp,118
62833.bmp,119
62834.bmp,120
62835.bmp,121
62836.bmp,122
62837.bmp,123
62838.bmp,124
62839.bmp,125
62840.bmp,126
62841.bmp,127
62842.bmp,128
62843.bmp,129
62844.bmp,130
62845.bmp,131
62846.bmp,132
62847.bmp,133
62848.bmp,134
62849.bmp,135
62850.bmp,136
62851.bmp,137
62852.bmp,138
62853.bmp,139
62854.bmp,140
62855.bmp,141
62856.bmp,142
62857.bmp,143
62858.bmp,144
62859.bmp,145
62860.bmp,146
62861.bmp,147
62862.bmp,148
62863.bmp,149
62864.bmp,150
62865.bmp,151
62866.bmp,152
62867.bmp,153
62868.bmp,154
62869.bmp,155
62870.bmp,80
